date,category,published_date,site_name,url,title,summary,region,score_ag,keywords,reward
2026-01-30,Distribution,2026-01-30 15:07,Naver News,https://www.topdaily.kr/articles/108367,"듀켐바이오, 지오영 효자 역할 ‘눈도장’",자회사 편입이후 호실적 기조 유지…올해 컨텀점프까지 예고 기존 진단제 포트폴리오 다각화및 치료제 시장까지 '눈길'.,local,6,지오영,1
2026-01-30,Distribution,2026-01-30 8:32,Naver News,http://www.edaily.co.kr/news/newspath.asp?newsid=02761766645322968,"듀켐바이오, 신약 상반기 공개…“12兆 삼중음성유방암 치료제 시장 정조준”",“듀켐바이오는 지난 3년여 동안 치료용 방사성의약품(RPT) 개발을 준비해왔다. 초기 평가가 완료되는 대로 즉시 공개할 예정이다. 그 시점은 올해 상반기가 될 것으로 예상한다...,local,6,지오영,1
2026-01-30,Distribution,2026-01-29 17:00,Naver News,http://www.bokuennews.com/news/article.html?no=273124,"창원특례시약사회 정총, 한약사 문제 근원적 해결 촉구","창원특례시약사회(회장 이용수) 제15회 정기총회가 지난달 23일 창원CECO연회센터에서 최종석 경남약사회장, 이병윤 의장과 김종양, 허성무 지역 국회의원, 오재연 창원특례시창원보건소장, 이지연 마산보건소..",local,6,지오영,0
2026-01-30,Distribution,2026-01-28 15:18,Naver News,https://www.medipana.com/news/articleView.html?idxno=406009,"참약사, 오는 2월 8일 '2026 트렌드파마시' 개최 - 메디파나뉴스",약국체인 참약사가 대한약학대학생협회(약대협)와 함께 오는 2월 8일 예비 약사와 사회초년생 약사를 대상으로 한 무료 웨비나 '2026 TREND PHARMACY'.,local,6,지오영,0
2026-01-30,Distribution,2026-01-27 16:14,Naver News,https://www.dailypharm.com/user/news/335204?REFERER=NP,"[데일리팜][서울 은평] ""약사 직능 위협하는 현안 적극 대처를""","서울 은평구약사회(회장 임기민)는 지난 24일 오후 4시 지오영 강당에서 ‘제47회 정기총회 및 연수교육’을 진행했다. 구약사회는 이날 총회에 앞서 ‘통합약물관리 전문약사 제도에 대한 이해와 준비과정’을 주제로 정병욱 약학박사(약학담당 부회장)의 연수교육을 시행했다. 우경아 총회의장은 개회사를 통해 “창고형 약국 확산, 한약사 문제, 비대면 진료 확대 등으로 약사 직능의 위기….",local,6,지오영,0
2026-01-30,Distribution,2026-01-30 5:22,Naver News,https://www.hitnews.co.kr/news/articleView.html?idxno=73279,"로미플레이트, AA 1차 치료 급여 추진… 레볼레이드와 경쟁 예고",DKSH코리아 헬스케어 사업부가 재생불량성빈혈(AA)에서 '로미플레이트주(성분 로미플로스팀)'의 1차 치료요법 급여 확대 도전에 나섰다. 급여 적용 시 기존에 처방되던 '레볼레이드정(성분 엘트롬보팍 올라민)'과 시장경쟁이 시작될 전망이다.29일 DKSH코리아 헬스케어 사업부에 따르면 지난해 7월 '기존 면역억제치료에 반응하지 않는 AA 1차 치료요법' 급여확대 신청서를 제출했다. 급여 적용이 이뤄진다면 '이전에 치료경험이 없는 중증재생불량성빈혈(SAA) 환자에서 면역억제요법과 병용요법'에 사용된다.AA는 골수 내 조혈모세포의 기능.,local,6,DKSH,1
2026-01-30,Distribution,2026-01-29 18:10,Naver News,http://www.finomy.com/news/articleView.html?idxno=248716,"원격진료·비대면진료 관련주, '어깨춤 으쓱으쓱' 네오펙트·스피어·차바이오텍","현대경제신문 홍미경 기자 | 원격진료·비대면진료 과련주들이 전 거래일 대비 5.57% 상승으로 장을 마감했다.29일 한국거래소에 따르면 네오펙트, 차바이오텍, 뷰웍스, 스피어는 상승했다.네오펙트와 차바이오텍은 전 거래일 대비 각각 258원, 3700원 오른 1121원과 2만3850원에.",local,6,블루엠텍,0
2026-01-30,Distribution,2026-01-29 10:44,Naver News,https://www.pinpointnews.co.kr/news/articleView.html?idxno=423127,네오펙트 차바이오텍 주가 화색…비대면진료주 다시 매수 불붙었다,"원격진료·비대면진료 테마가 3% 넘는 상승률을 기록하며 강세를 보이고 있다. 정부와 정치권을 중심으로 비대면진료 제도화 논의가 재부각되면서 관련 의료·헬스케어 기업들로 매수세가 빠르게 유입되는 모습이다.고령화 심화와 의료 인력 부족 문제가 구조적으로 부각되며 시장의 시선이 다시 원격의료로 향하고 있다.한국거래소에 따르면 이날 오전 10시41분 현재 네오펙트는 30% 가까이 급등하며 1100원대에서 거래 중이다. 재활 의료기기와 디지털 치료 솔루션을 보유한 기업으로, 원격 재활과 비대면 의료 확대의 직접적 수혜주로 인식되며 매수세가.",local,6,블루엠텍,0
2026-01-30,Distribution,2026-01-29 9:22,Naver News,https://www.pinpointnews.co.kr/news/articleView.html?idxno=423063,"""가는 놈만 간다"" 헬스케어주 차바이오텍ㆍHEM파마 폭등랠리...싸이토젠·신테카바이오는 '울상'","정부의 첨단재생의료 지원 확대와 글로벌 임상 기대감이 맞물리며 건강관리및서비스 업종이 무서운 기세로 치솟고 있다.29일 한국거래소에 따르면, 이날 오전 9시16뷴 현재 업종은 전일 대비 6.04% 급등하며 코스닥 시장의 상승 엔진 역할을 톡톡히 하고 있다. 세포치료제와 마이크로바이옴 등 차세대 바이오 기술을 보유한 기업들을 중심으로 기관과 외국인의 동반 매수세가 거세게 유입되는 중이다.이날 차바이오텍이은 줄기세포 및 면역세포치료제 분야의 독보적인 기술력이 부각되며 15.88% 폭등한 2만 3350원에 거래중이다. 이어 마이크로바이옴.",local,6,블루엠텍,0
2026-01-30,Distribution,2026-01-27 9:16,Naver News,https://www.pinpointnews.co.kr/news/articleView.html?idxno=422093,"세종에서 호주까지…콜마비앤에이치, 글로벌 무대 휩쓰는 'ODM 저력'","건강에 대한 대중적 관심이 단순한 소비를 넘어 자산 시장의 핵심 테마로 급부상하면서, 주식시장에서 건강관리업체및서비스 업종이 뜨거운 열기를 뿜어내고 있다.27일 한국거래소에 따르면, 이날 오전 9시10분 현재 건강관리 섹터는 전일 대비 2.73% 급등하며 코스피와 코스닥 양 시장에서 단연 돋보이는 상승세를 기록 중이다.이러한 업종 전반의 강세는 고령화 사회 진입에 따른 만성질환 관리 시장의 확대와 더불어, 최근 AI(인공지능)를 결합한 신약 개발 지원 및 맞춤형 헬스케어 서비스의 상용화 기대감이 복합적으로 작용했기 때문으로 분석된다.",local,6,블루엠텍,0
2026-01-30,Distribution,2026-01-26 15:40,Naver News,https://www.pinpointnews.co.kr/news/articleView.html?idxno=421820,AI가 진단하고 원격으로 처방... 제이엘케이·인바디 등 의료 AI株 기세등등,"원격진료 및 비대면 진료 테마가 의료법 개정안의 국회 본회의 통과와 정식 제도화 시행 소식에 힘입어 강력한 상승 랠리를 기록했다.지난 15년간 지지부진했던 비대면 진료 법제화가 마침내 결실을 보며, 단순 시범사업을 넘어 정식 의료 서비스 체계로 편입됨에 따라 관련 플랫폼과 장비사들의 시장 규모가 급격히 팽창할 것이라는 기대감이 반영된 결과다. 업종 지수는 전일 대비 2.95% 상승하며 바이오와 IT가 결합된 신성장 동력으로서의 면모를 과시 중이다.비대면 진료가 의료법상 정식 제도로 안착하면서 그간 법적 불확실성에 가로막혀 있던 헬스.",local,6,블루엠텍,0
2026-01-30,Distribution,2026-01-30 12:16,Naver News,https://www.dailypharm.com/user/news/335289?REFERER=NP,[데일리팜]듀락칸 약가 20% 올리면 뭐하나…풀리지 않는 품절 문제,정부가 생산량 증대를 위해 만성변비 치료제인 듀락칸이지(락툴로오즈농축액) 약가를 20% 인상했지만 여전히 생산량이 수요를 따라가지 못하는 것으로 나타났다. 공장을 풀가동 해도 강제 독점에 늘어나는 수요량을 맞추기 역부족이라는 지적이다. 30일 지역 약국가에 따르면 듀락칸 품절로 인한 불만이 높아지고 있다.,local,6,바로팜,1
2026-01-30,Distribution,2026-01-29 8:56,Naver News,https://www.yakup.com/product/product_sub01_view.html?mode=view&cat=npdt&cat2=42&nid=4100132316,"약업닷컴 - 보건의약계를 대표하는 전문신문 - 약사, 의사, 제약사 - 약업신문","해호생활건강, 프리미엄 PDRN 스킨케어 ‘Rejuveon’ 출시 약사 연구진-바이오텍 협업 개발...피부 본연 회복 과정 작용 설계 나노 입자 전달 기술 적용...활성 성분 피부 깊숙이 효과적 흡수 입력 2026-01-29 08:53 수정 2026-01-29 09:21 해호생활건강이 석사 및 박사 학위를 가진 연구 전문 약사들과 PDRN(폴리데옥시리보뉴클레오티드) 전문 바이오텍 기업이 협업해 개발한 고기능성 스킨케어 브랜드 ‘Rejuveon’(리쥬비온)을 출시했다. 과학적 기반, 약사 주도 연구개발= 피부 재생과 건강을 위한 과학적 접근을 기반으로, 단순한 화장품을 넘어 메디컬 수준의 효과를 목표로 한 Rejuveon은 약학 전공 석·박사 약사연구원들이 직접 참여한 기초 연구에서 출발한다. 제약회사 출신 연구진 전문성과 글로벌 수준 바이오 소재 기술력을 결합해 피부 재생 분야에서 핵심 성분으로 자리매김한 PDRN 기술을 최적화했다.",local,6,바로팜,1
2026-01-30,Distribution,2026-01-26 21:40,Naver News,http://www.bizwnews.com/news/articleView.html?idxno=122781,"CHD제약 ""레비온, 출시 2주 만에 초도 물량 완판""","CHD제약(대표 김창준)은 약국 중심 스킨케어 브랜드 레비온(REVION)의 대표 제품인 ‘레비온 알엑스 피디알엔 이지에프 오리진 리쥬비네이팅 크림’이 출시 2주 만에 초도 물량을 완판했다고 26일 밝혔다.CHD제약에 따르면 레비온은 약국 유통을 중심으로 전개되는 메디컬 스킨케어 브랜드로 이번 성과는 브랜드 론칭 초기 단계에서 이례적인 성과다.사측은 빠른 소진 배경으로 EGF(표피성장인자) 5ppm, PDRN(연어 DNA 유래 성분) 1200ppm의 고함량 성분 설계가 약사와 소비자 모두에게 신뢰 요소로 작용한 점을 꼽.",local,6,바로팜,0
2026-01-30,Distribution,2026-01-26 16:42,Naver News,https://www.yakup.com/news/index.html?mode=view&cat=12&nid=322356,"[약업신문]탑헬스케어, 플래티넘 오메가3 판매량 1만 개 돌파","약국몰 전문 유통 기업 탑헬스케어(주)(대표 조영민)는 건강기능식품 ‘플래티넘 오메가3’가 누적 판매량 1만 개를 돌파했다고 26일 밝혔다.‘플래티넘 오메가3’는 혈행 건강과 눈 건강, 기억력 개선에 도움을 줄 ...",local,6,바로팜,0
2026-01-30,Distribution,2026-01-28 8:14,Naver News,http://www.biztribune.co.kr/news/articleView.html?idxno=347969,[브리프]동아제약 JW중외제약 삼성바이오에피스 신라젠 外,"동아제약, 판피린 모델로 ‘이찬원’ 발탁…신규광고로 브랜드 인지도 강화동아제약(대표이사 사장 백상환)은 감기약 브랜드 판피린의 전속 모델로 가수 이찬원을 발탁하고, 신규 광고를 온에어했다고 27일 밝혔다.판피린의 새 얼굴로 선정된 가수 이찬원은 뛰어난 기량과 재치 있는 입담으로 지난해 KBS 연예대상 ‘올해의 예능인상’을 수상하며 만능 엔터테이너로 자리매김했다. 판피린은 브랜드 신뢰도와 건강하고 밝은 이미지를 고려해 출시 이후 첫 남자 모델로 이찬원을 선택했으며, 향후 다양한 마케팅 활동을 전개할 계획이다.신규 광고는 65년 동안.",local,6,용마,0
2026-01-30,Distribution,2026-01-27 16:46,Naver News,http://www.newsmp.com/news/articleView.html?idxno=251327,"안국약품, 부산 연제구약사회(부산)와 약국 화장품 시장 활성화 업무협약(MOU) 外","◇안국약품, 부산 연제구약사회(부산)와 약국 화장품 시장 활성화 업무협약(MOU)안국약품(대표 박인철)은 지난 22일, 부산광역시 국민연금공단에서 연제구약사회(회장 이향란)와 약국 화장품 전문성 강화 및 약국 경영 활성화를 위한 상호협력을 위해 업무협약(MOU)을 체결했다고 밝혔다.약국 화장품 분야에서 약사의 전문적 상담 역량을 강화하고, 약사회 회원 약국의 차별화된 서비스 제공과 지속 가능한 경영 기반 마련에 기여하고자 약국 중심의 스킨케어 상담 서비스 활성화, 체계적인 약사 교육 및 지역 주민에게 신뢰받는 약국 화장품 문화 정착.",local,6,용마,0
2026-01-30,Distribution,2026-01-27 13:02,Naver News,http://www.niceeconomy.co.kr/news/articleView.html?idxno=88901,[제약 브리핑] 동아제약·대웅제약·삼성바이오에피스,"◇ 용마로지스 신허브물류센터, 스마트물류센터 예비인증 2등급 획득동아쏘시오홀딩스 물류 자회사 용마로지스는 내년 경기 안성에 준공 예정인 신허브물류센터가 한국교통연구원으로부터 스마트물류센터 예비인증 2등급을 획득했다고 27일 밝혔다.스마트물류센터 인증은 국가가 자동화 시설과 시스템을 도입해 효율성과 안전성을 갖춘 물류창고를 인증하는 제도다.신허브물류센터는 기존 안성 1센터 대비 분류장 면적과 하차라인이 2배 이상 확대된다. 이를 통해 물량 처리 용량이 늘어나고 분류 속도는 1.5배이상 향상될 전망이다. 용마로지스는 센터 내 자율주행.",local,6,용마,1
2026-01-30,Distribution,2026-01-27 11:52,Naver News,http://www.mkhealth.co.kr/news/articleView.html?idxno=77364,"[제약소식] 동아제약, 판피린 새 모델로 이찬원 발탁 등","동아제약(대표이사 사장 백상환)은 감기약 브랜드 판피린의 전속 모델로 가수 이찬원을 발탁하고 신규 광고 송출을 시작했다고 27일 밝혔다. 이번 모델 선정은 판피린 출시 이후 첫 남성 모델 기용으로, 브랜드 신뢰도와 건강하고 밝은 이미지를 강화하기 위한 전략적 선택이라는 설명이다.이찬원은 뛰어난 가창력과 재치 있는 입담을 바탕으로 지난해 KBS 연예대상 '올해의 예능인상'을 수상하며 만능 엔터테이너로 자리매김했다. 동아제약은 이러한 대중적 신뢰도와 호감도가 65년간 감기약 한길을 걸어온 판피린의 브랜드 이미지와 부합한다고 판단했다.신.",local,6,용마,0
2026-01-30,Distribution,2026-01-30 15:50,Naver News,https://www.smartfn.co.kr/news/articleView.html?idxno=134484,"CJ바이오사이언스, 선메디컬센터와 장내 미생물 기반 헬스케어 협력 MOU 체결 - 스마트에프엔",CJ바이오사이언스는 영훈의료재단 선메디컬센터와 장내 미생물 검사 서비스 '것 인사이드'를 활용한 맞춤형 헬스케어 솔루션 개발.,local,6,CJ,0
2026-01-30,Client,2026-01-30 8:04,Naver News,http://www.biospectator.com/view/news_view.php?varAtcId=27662,"앱클론, 'in vivo' CAR-T ""신성장 동력..연구개발 시작""","앱클론(AbClon)은 인비보(in vivo) CAR-T 플랫폼 개발을 신성장 동력으로 정하고, 연구개발(R&D)을 시작한다고 30일 밝혔다.기존 CAR-T는 환자의 면역세포를 체외로 꺼내 유전자조작을 거친후.",local,5,BMS,0
2026-01-30,Client,2026-01-30 9:22,Naver News,http://www.segyebiz.com/newsView/20260130504248?OutUrl=naver,"복부 지방· 비만은 지방간에도 영향…""지방간 예방 캠페인 전개""","365mc는 대사질환 치료제 개발에 주력하는 글로벌 제약사 한국베링거인겔하임과 업무협약(MOU)을 체결했다. 주요 협력 사항으로는 비만과 간 건강의 중요성을 알리고, 지방간이 가져올 미래 질병 위험에 대한 인식을 높이는 교육 및 홍보 캠페인을 공동 기획, 실제 비만 고위험군을...",local,5,베링거인겔하임,0
2026-01-30,Client,2026-01-29 13:44,Naver News,https://www.e-science.co.kr/news/articleView.html?idxno=124015,"365mc, 한국베링거인겔하임과 맞손…비만·간 건강 관리 나선다 - 이코노미사이언스",365mc는 대사질환 치료제 개발에 주력하는 글로벌 제약사 한국베링거인겔하임과 업무협약(MOU)을 체결했다고 29일 밝혔다.,local,5,베링거인겔하임,0
2026-01-30,Client,2026-01-29 15:38,Naver News,http://www.newsmp.com/news/articleView.html?idxno=251367,"베링거, 희귀 신장질환 치료제 '단백뇨 감소' 입증","글로벌 제약기업 베링거인겔하임의 희귀 신장질환 치료제 신약 후보물질이 임상 2상 시험에서 단백뇨 감소 효과를 입증했다.베링거인겔하임은 원발성 국소분절사구체경화증(FSGS) 환자를 대상으로 경구용, 잠재적 계열 내 최초, 비(非)면역억제 TRPC6 억제제 아페코트렙(apecotrep, BI 764198)을 평가한 12주 임상 2상 시험의 결과를 28일 공개했다.아페코트렙은 신장 손상과 관련된 핵심 지표인 단백뇨를 20mg 용량 투여군에서 위약 대비 40% 감소시킨 것으로 나타났다.임상 2상 시험에서 치료 반응은 소변 단백.",local,5,베링거인겔하임,0
2026-01-30,Client,2026-01-29 15:32,Naver News,https://www.businesspost.co.kr/BP?command=article_view&num=428489,"HLB 미국 자회사 대표 반년 만에 교체, 진양곤 리보라세닙 상업화 의지 활활",HLB그룹 회장이 미국 바이오사업의 최전선에 있는 현지 법인 수장을 반년 만에 교체하며 간암 1차치료제 리보세라닙과 캄렐리주맙의 상업화 준비에 속도를 내고 있다. 미국 식품의약국(FDA)에서 허가를 받으면 곧바로 판매에 돌입할 수 있는 체제를 만들었다는 평가가 나오는데 오랜 기간 투자한 성과를 빠르게 수익화하겠다는 전략으로 풀이된다. 더욱이 리보세라닙의 특허 기간이 그리 길게 남아있지 않다는 점을 고려할 때 회사 내부에서도 상업화를 속도감 있게 추진해야 한다는 데 공감대가 형성된 것으로 보인다.,local,5,BMS,0
2026-01-30,Client,2026-01-29 12:06,Naver News,https://www.medicaltimes.com/Main/News/NewsView.html?ID=1167071&ref=naverpc,"[메디칼타임즈] 항암치료 지형 바꾼?ADC,?부작용 관리 중요성 커진다","항체약물접합체(Antibody Drug Conjugate, ADC) 계열 치료제들이 잇따라 국내 허가를 받으며 임상현장의 치료 패러다임에 변화가 감지되고 있다. 다만, 임상 현장에서는 치료 효과 못지않게 이상반응, 즉 부작용 관리가 치료제 활용의 핵심 요소로 작용할 것이라는 관측이 나온다.한국애브비는 난소암 적응증을 가진 ADC 엘라히어를 차세대 항암신약으로 낙점, 올해 상반기 국내 임상현장을 대상으로 출시할 예정이다.29일 제약업계에 따르면 한국애브비는 지난해 말 식품의약품안전처로부터 허가를 받은 엘라히어(미르베툭시맙 소라브탄신)를 올해 상반기 국내 임상 현장에 출시할 계획이다.엘라히어는 FRα(엽산수용체 알파) 양성 난소암 치료에 승인된 ADC로, 백금저항성 난소암 치료 영역에서 약 10년 만에 등장한 새로운 기전의 신약이다. 암의 성장과 전이, 치료 저항성에 관여하는 단백질인 FRα를 표적으로 한다.특정 바이오마커인 FRα의 발견과 이를 표적하는 엘라히어의 등장은 생존율 개선에 한계를 보여왔던 난소암 치료 패러다임에 의미 있는 변화를 가져올 것으로 기대된다.",local,5,애브비,0
2026-01-30,Client,2026-01-29 17:42,Naver News,https://www.pharmnews.com/news/articleView.html?idxno=301183,"텐포인트, 노안 치료제 ‘유베지’ 미 FDA 승인… 최초 복합제 상용화 - 팜뉴스",텐포인트 테라퓨틱스가 개발한 노안 점안 치료제 ‘유베지(Yuvezzi)’가 미국 식품의약국(FDA)의 최종 승인을 받았다.,local,5,애브비,0
2026-01-30,Client,2026-01-29 9:39,Naver News,https://www.hankyung.com/article/202601274765i,"美 FDA, ""대조군 있어야 세포치료제 승인해준다""","美 FDA, ""대조군 있어야 세포치료제 승인해준다"", 지난해 12월부터 승인 기준 강화 美아타라, 대조군 없어서 신약허가 고배 韓바이젠셀 대조군 데이터 확보로 글로벌 기준 맞춰.",local,5,BMS,0
2026-01-30,Client,2026-01-27 16:30,Naver News,https://www.mt.co.kr/thebio/2026/01/28/2026012715485955047,"삼성바이오에피스, 바이오시밀러로 '실탄' 확보 속도…신약 임상 본격화 - 머니투데이",삼성바이오에피스가 고성장세의 바이오시밀러(생물의약품 복제약) 사업을 강화하며 신약 개발을 위한 재원 마련에 속도를 낸다. 바이오시밀러 영역의 질적 확장으로 연구개발(R&D) 역량도 강화한다. 올해부터 본격화한 항체-약물접합체(ADC) 신약 임상에서 차별화된 결과를 내놓.,local,5,아스텔라스,0
2026-01-30,Client,2026-01-29 9:58,Naver News,https://www.cstimes.com/news/articleView.html?idxno=690844,제약업계 항암 사업 확대…유한·삼진 전문 조직 신설,컨슈머타임스=김예령 기자 | 국산 항암 신약 가운데 처음으로 미국 시장에 진출한 '렉라자'의 개발사 유한양행이 올해 혈액암 전담 조직을 신설하며 항암제 사업 확대에 속도를 내고 있다.중견 제약사 삼진제약도 연초 항암·폐동맥고혈압(PAH) 사업부를 새롭게 출범하는 등 제약업계 전반에서 항암 분야로의 사업 확장 움직임이 이어지는 모습이다.29일 제약·바이오 업계에 따르면 유한양행은 이달 초 마케팅 부문 산하에 '항암제 혈액암 파트'를 신설했다.이는 기존 폐암 중심의 기존 항암 사업 성과를 넘어 항암 포트폴리오를 보다 세분화하고 혈액암.,local,5,얀센,1
2026-01-30,Client,2026-01-29 6:05,Naver News,https://www.yna.co.kr/view/AKR20260128142400017?input=1195m,항암제 키우는 제약사들…조직부터 바꿨다 | 연합뉴스,국산 항암 신약 최초로 미국 시장의 문을 연 '렉라자'의 주역 유한양행[000100]이 올해 혈액암 조직을 신...,local,5,얀센,1
2026-01-30,Client,2026-01-29 6:00,Naver News,https://www.monews.co.kr/news/articleView.html?idxno=409298,"""빌로이, 위암 치료의 새로운 전환점"" - 메디칼업저버","위암은 조기 발견율이 높아지면서 생존율이 개선되고 있지만, 전이성 위암 치료 성적은 여전히 개선이 필요한 상황이다.이런 가운데 학계에.",local,5,아스텔라스,1
2026-01-30,Client,2026-01-30 14:18,Naver News,http://www.biotimes.co.kr/news/articleView.html?idxno=26811,"윔클리닉 개원, 호르몬 대사 중심 구조적 비만 진료 체계 구축","강남 윔클리닉(대표원장 우창윤)이 정식 개원하며, 호르몬 대사 관리와 비만 치료를 중심으로 한 의료 서비스를 본격화했다고 밝혔다.병원은 비만을 내분비·정신의학적 요인이 복합적으로 작용하는 상태로 정의한다. 이에 따라 내분비내과 전문의와 정신건강의학과 전문의가 협력해 진단부터 치료 계획 수립, 추적 관리까지 전 과정을 설계하는 진료 체계를 구축했다.진료의 출발점은 원인 분석이다. 생활 유형 검사와 심리 검사를 기반으로 기초 데이터를 확보하고, 필요에 따라 혈액 검사와 뇌파 검사 등을 시행한다.",local,5,위고비,0
2026-01-30,Client,2026-01-30 15:20,Naver News,https://www.hinews.co.kr/view.php?ud=2026013015185350476aa9cc43d0_48,"여의도 우리편한내과, 위풍선·GLP-1 병행 비만 관리 프로그램 운영 - 하이뉴스","여의도 우리편한내과가 엔달리스사의 위풍선 엔드볼 시술과 GLP-1 계열 비만 치료제인 위고비·마운자로를 병행하는 비만 다이어트 프로그램 ‘엔드슬림 클리닉(EndSlim Clinic)’을 선보였다고 밝혔다.이 프로그램은 위 내부 공간을 활용해 음식 섭취량 조절을 돕는 위풍선 시술과, 식욕.",local,5,위고비,0
2026-01-30,Client,2026-01-26 12:00,Naver News,http://www.bosa.co.kr/news/articleView.html?idxno=2268439,유럽 심장 IVL 카테터 승인,"유럽에서 싱가포르 스펙트루메딕스가 심장 혈관내 쇄석술(IVL) 카테터의 CE 허가를 받았다고 최근 발표했다. 이번에 승인된 소니코-CX IVL 시스템은 음압파로 석회화된 심장 병변을 치료하며 앞서 남미와 아시아 태평양 지역에서도 판매 승인을 얻은 바 있다.이와 관련, 의료기기 네트워크에 따르면 IVL 시장은 아직 시장 초기며 J&J가 인수한 쇼크웨이브가 주요 주자로 작년 유럽에서 신제품 자벨린 말초 IVL 카테터를 출시한 바 있다. 다른 대형 주자로 보스톤 사이언티픽 역시 앞서 창업을 도운 볼트 메.",local,5,애보트,0
2026-01-30,Client,2026-01-30 9:08,Naver News,https://www.sentv.co.kr/article/view/sentv202601300001,GLP-1 당뇨약 '오젬픽' 급여기준 일부 완화…핵심 조건은 그대로,보건복지부가 제2형 당뇨병 치료제 오젬픽의 급여기준이 적시된 '요양급여의 적용기준 및 방법에 관한 세부사항' 일부개정안을 29일 고시했다.,local,5,위고비,1
2026-01-30,Client,2026-01-26 12:14,Naver News,https://new.dailypharm.com/user/news/335136?REFERER=NP,[데일리팜]인도산만의 문제 아닌데...불순물 항생제 불똥 예의주시,제약사들이 항생제 클래리트로마이신의 불순물 영향에 촉각을 곤두세우고 있다. 영업현장에서 불순물 문제가 노출된 인도산 원료의약품 사용 여부를 영업 도구로 사용하는 분위기가 감지된다. 클래리트로마이신의 불순물 문제가 특정 원료의약품 업체의 문제가 아니라는 점에서 다른 업체 원료의약품 사용 제품도 안심할 수 없다는 지적이 나온다. 국내 클래리트로마이신 완제의약품이 활….,local,5,애보트,1
2026-01-30,Client,2026-01-23 8:06,Naver News,https://mdtoday.co.kr/news/view/1065589975346282,통과 문턱 높았던 올해 첫 암질심…신약은 예스카타 1개뿐,"올해 첫 암질환심의위원회 결과가 공개된 가운데, 이번 심의에서 신약 가운데 요양급여 적용이 인정된 품목은 1개에 그쳤고, 나머지 주요 항암 신약들은 모두 급여 적용이 불발됐다.건강보험심사평가원은 지난 21일 열린 ‘2026년 제1차 암질환심 ...",local,5,입센,1
2026-01-30,Client,2026-01-26 5:30,Naver News,https://www.medicaltimes.com/Main/News/NewsView.html?ID=1166990&ref=naverpc,[메디칼타임즈] 성조숙증 급여기준 개정 1년…8세 기준 삭감 논란 여전,"성조숙증 치료제 급여기준이 1년의 유예기간을 거쳐 시행됐지만, 임상 현장에서는 여전히 불확실성이 해소되지 않았다는 지적이 이어지고 있다. 이로 인해 성조숙증 치료 시장이 급여와 비급여로 보다 뚜렷하게 이원화되고 있다는 평가도 나온다.급여 기준을 명확히 충족하는 환자는 제도권 안에서 치료를 이어가고 있지만, 기준에 근접한 경계선 환자군은 제도 밖으로 밀려날 수밖에 없는 구조가 사실상 고착화되고 있다는 것이다. 치료제를 보유한 제약사들 역시 급여 시장이 사실상 정체 국면에 접어든 상황에서, 신규 수요를 발굴하지 않으면 성장 동력을 확보하기 어렵다고 판단하고 있다.",local,5,입센,1
2026-01-30,Client,2026-01-26 15:16,Naver News,https://kormedi.com/?p=2782788,중국 향하는 K톡신들… 5년 만에 톱3 안착 휴젤 뒤이을까? - 코메디닷컴,"휴젤에 이어 종근당바이오와 휴온스바이오파마의 보툴리눔 톡신 제제가 중국 진출을 앞두고 있다. 사진=게티이미지뱅크 국내 보툴리눔 톡신 기업들이 중국 시장을 향해 달려가고 있다. 중국에 먼저 진출한 휴젤이 선전하고 있는 가운데, 종근당바이오와 휴온스바이오파마가 제품 출시를 위한.",local,5,입센,0
2026-01-30,Client,2026-01-29 16:56,Naver News,https://kormedi.com/?p=2785313,치매 주사제 ‘레켐비’ 제형·용법 다변화… 먹는약 대항마 될까 - 코메디닷컴,치매치료제 레켐비 피하주사(SC) 제형의 제품명은 '레켐비 아이클릭'이다. 사진=바이오젠 미국 바이오젠과 일본 에자이가 치매 치료 주사제 ‘레켐비(성분명 레카네맙)’의 제형과 용법 변경을 위해 발 빠르게 움직이고 있다. 두 회사는 이달 미국과 유럽연합(EU) 등에서 관련 허가.,local,5,바이오젠,1
2026-01-30,Client,2026-01-30 12:00,Naver News,http://www.bosa.co.kr/news/articleView.html?idxno=2268930,미 피부홍반루푸스 혁신약 지정,"미국에서 바이오젠이 리티필리맙(litifilimab)에 대해 피부홍반루푸스(CLE)의 치료제로 FDA 혁신약 지정을 받았다고 발표했다. 이는 신계열 BDCA2 타깃 인간화 IgG1 단클론 항체로서 2상 임상시험 결과를 바탕으로 이번 지정을 얻었으며 현재 3상 임상시험 중에 있다.한편, CLE에는 현재 증상관리 치료제만 있을 뿐 승인된 타깃 치료제는 없는 상황이다.",local,5,바이오젠,0
2026-01-30,Client,2026-01-30 10:57,Naver News,https://www.mk.co.kr/article/11948184,"펩트론, 릴리에 이어 노보서도 러브콜…장기지속형 비만치료제 관심 확산 - 매일경제",노보와 기술 검토 차원의 논의 진행 펩트론 “여러 글로벌 제약사들과 이야기” 릴리와의 기술 평가는 올 연말까지 진행.,local,5,릴리,0
2026-01-30,Client,2026-01-30 16:19,Naver News,https://www.chosun.com/economy/science/2026/01/30/ICN5X35IXNDOHBWCS62UYKGJDM/?utm_source=naver&utm_medium=referral&utm_campaign=naver-news,AI로 신약 만드는 ‘마지막’ 단계도 풀었다…‘AI 신약 자율 공장’ 확산되나,AI로 신약 만드는 마지막 단계도 풀었다AI 신약 자율 공장 확산되나 예일대·베링거인겔하임 공동 개발 플랫폼 MOSAIC 공개.,local,5,릴리,0
2026-01-30,Client,2026-01-28 6:14,Naver News,http://www.bosa.co.kr/news/articleView.html?idxno=2268780,"한국, 美 바이오시밀러 허가 2년 연속 1위","지난해 미국 FDA의 승인을 받은 바이오시밀러는 18개 품목으로, 이중 국내 기업 제품이 5개로 한국이 가장 많은 허가를 받은 것으로 나타났다.한국바이오협회 바이오경젱연구센터는 27일 발표한 이슈 브리핑을 통해 1월 26일 미국 FDA는 2025년 한해 허가된 바이오시밀러 현황을 공개했다고 전했다.바이오시밀러는 더 많은 치료 옵션을 제공하고, 환자의 접근성을 높이고, 경쟁을 통해 치료 비용을 잠재적으로 줄이는 데 도움이 된다고 FDA는 설명했다.2025년 한 해 FDA는 총 18개의 바이오시밀러를.",local,5,오가논,0
2026-01-30,Client,2026-01-25 18:41,Naver News,https://www.dt.co.kr/article/12042648?ref=naver,탈모약 건보 급여 기대감… 치료제 개발사에 ‘관심 집중’,"이재명 대통령이 지난달 ‘탈모는 생존의 문제’라고 언급하면서 탈모 치료제를 보유하고 있거나 개발하는 제약사에 대한 투자자들의 관심이 높아지고 있다. 25일 한국거래소에 따르면 JW중외제약, JW신약, 위더스제약, 종근당, 한올바이오파마, 현대약품 등 탈모치료제를 생산.",local,5,오가논,1
2026-01-30,Client,2026-01-29 22:41,Naver News,https://www.mk.co.kr/article/11947675,"비만약으로 번 6.5조원, 여기 썼다…주사 한방에 질병 삭제한다는데 - 매일경제",일라이릴리 ‘젭바운드’로 현금 확보 차세대먹거리로 유전자치료제 낙점 꿈의 신약 원샷 신약에 기대감 커져.,local,5,화이자,0
2026-01-30,Client,2026-01-29 17:54,Naver News,https://www.mk.co.kr/article/11947373,"릴리, 유전자치료제에 6.5조원 투자 - 매일경제",獨 벤처에 1조6천억원 등비만약으로 번 돈 쏟아부어난청·심혈관·망막질환…선천질환 '원샷 신약' 도전국내 기업에도 관심 쏠려.,local,5,화이자,1
2026-01-30,Client,2026-01-30 16:32,Naver News,http://www.choicenews.co.kr/news/articleView.html?idxno=160290,코스닥 '하락'...에코프로비엠 · 알테오젠 · 레인보우로보틱스 '뚝',"30일 코스닥 지수가 개인과 외국인의 매도 공세 속에 1.29% 급락하며 1149선에서 마감했다. 반도체 대형주의 호실적에 따른 코스닥 소부장(소재·부품·장비)주들의 약진에도 에이비엘바이오, HLB 등 일부 제약바이오주 주가가 급락하면서 코스닥 투자심리를 위축시켰다. 최근 급등했던 에코프로비엠, 에코프로 등을 중심으로 차익실현매물도 늘어나는 모습을 보였다.한국거래소에 따르면 반도체 소부장주 가운데 리노공업(14.98%), 원익IPS(3.06%), 이오테크닉스(4.30%), HPSP(4.85%), 솔브레인(.",local,5,사노피,0
2026-01-30,Client,2026-01-30 9:14,Naver News,http://www.seoulwire.com/news/articleView.html?idxno=704208,"[특징주] 비엘팜텍, 거래정지 해제 직후 상한가…지분 확대·신약 플랫폼 기대 - 서울와이어",비엘팜텍이 대표이사의 지분 확대와 자회사 기반 분자접착제(Molecular Glue) 플랫폼 기술 기대감에 힘입어 급등세를 이어가고 있.,local,5,암젠,0
2026-01-30,Client,2026-01-30 15:18,Naver News,https://www.businesspost.co.kr/BP?command=article_view&num=428664,"에이비엘바이오 ""사노피에 기술수출한 파킨슨병 신약 임상 중단 사실 아냐""",에이비엘바이오가 프랑스 제약회사 사노피에 기술수출한 파킨슨병 치료제 후보물질 ABL301의 임상 개발 중단설과 관련해 사실이 아니라는 뜻을 보였다. 에이비엘바이오는 30일 텔레그램 채널에서 입장문을 통해 “사노피에 기술수출한 파킨슨병 신약 ABL301(SAR446159)의 개발을 이어간다”고 밝혔다. 사노피가 2025년 연간 실적 자료에서 “2022년 에이비엘바이오에서 기술도입한 파킨슨병 신약 ALB301의 개발 우선순위를 낮췄다”고 말하면서 개발 중단이 아니냐는 의혹이 불거졌다.,local,5,사노피,0
2026-01-30,Client,2026-01-30 16:08,Naver News,https://biz.chosun.com/stock/stock_general/2026/01/30/AYWHBO6NAVDXTOY5NPWDOPAZXU/?utm_source=naver&utm_medium=original&utm_campaign=biz,[마켓뷰] 반도체 랠리에 코스피 또 사상 최고치…하이닉스 5% 급등,"마켓뷰 반도체 랠리에 코스피 또 사상 최고치하이닉스 5% 급등 5300 넘었던 코스피, 장중 상승폭 ↓SK하이닉스 5% 강세 코스닥, 外人 매도세에 하락 마감 2차전지·바이오주 동반 하락세알테오젠 시총 2위 복귀.",local,5,사노피,0
2026-01-30,Client,2026-01-30 15:42,Naver News,https://www.goodkyung.com/news/articleView.html?idxno=281875,"식약처, 일성아이에스 마약류관리법 위반…마약류수출입업자 업무정지 - 굿모닝경제",일성아이에스(회장 윤석근)가 마약류 관리에 관한 법률 위반으로 마약류수출입업자 업무가 4개월 15일간 정지된다.30일 식품의약품안전처는 마약류관리법을 위반한 일성.,local,5,GSK,0
2026-01-30,Client,2026-01-29 12:10,Naver News,https://www.hitnews.co.kr/news/articleView.html?idxno=73276,동아ST·녹십자·롯데 잡은 '카나프테라퓨틱스' 올해 첫 IPO 도전,국내 주요 제약사들과 공동개발 및 기술이전 성과를 쌓아온 카나프테라퓨틱스(대표 이병철)가 올해 첫 바이오 주자로 코스닥 시장 상장에 도전한다.회사는 최근 금융당국에 증권신고서를 제출하고 본격적인 공모 절차에 착수했다. 이중항체와 ADC(항체-약물 접합체)를 포함한 다각화된 파이프라인과 글로벌 제약사 출신 인력을 주축으로 성장해 온 카나프테라퓨틱스가 작년 말부터 이어진 바이오 투자 시장의 흥행 열기를 이어갈지 주목된다.그간 대형 파트너사들과 연이은 협력 계약을 바탕으로 기술 가치를 입증해온 만큼 이번 상장은 회사가 글로벌 신약 개발.,local,5,암젠,0
2026-01-30,Client,2026-01-29 16:39,Naver News,https://www.mk.co.kr/article/11947230,"인사이트에퀴티파트너스, AI·헬스케어 300억원 펀드 결성 - 매일경제",M 유튜브 콘텐츠 Hub 독자서비스 AI Hub 테크·과학 M 프리미어 틴매일경제 매경엠플러스 미라클아이 펄스 Pulse MK ESG 스타투데이 MK빌리어드 매경게임진 매경e신문 마켓데이터 테마 섹션 오늘의 매경 신문 PDF 구독 신청 및 멤버십 MK Frame MK 운세 어린이경제교실 모바일 앱 AI Hub 홈 MAI AI비서 AI 오디오뉴스 핵심요약 쏙 AI GAMES AI 검색 돈이 되는 AI 다국어 서비스 세계지식포럼 세계한상대회 국민보고대회 서울머니쇼 GS칼텍스매경오픈 정진기언론문화상 매경TEST 부동산 매물 똑똑한 쇼핑 MK 장례 경제 정책 생활 경제 금융 정책 카드·캐피털 기업·경영 반도체·전자 중공업·화학 항공·해운 중기·벤처 자본시장 정책 국내 주식 해외 주식 채권·펀드 기업 정보 마켓 데이터 부동산 홈 시장 동향 분양·경매 투자 상품 정책·산업 테크·과학 홈 제약·바이오 오피니언 홈 매경데스크 국회·정당 외교·국방·남북 사건 사고 법원·검찰 노동·취업 교통·환경 인물 동정 인사·부음 글로벌 경제 글로벌 산업 글로벌 정치 글로벌 사회 전시·공연 종교·학술 미디어 산업 여행·레저 스포츠 홈 스포츠 일반 M 프리미어 홈.,local,5,암젠,0
2026-01-30,Client,2026-01-29 14:46,Naver News,https://www.mediapen.com/news/view/1078013,"의약품 관세 재인상 경고…K-제약바이오, ‘미국 투자’ 희비",도널드 트럼프 미국 대통령의 의약품 관세 재인상 발표에 국내 제약·바이오 업계가 촉각을 곤두세우고 있다. 25% 관세 부과가 현실화될지 불명확한 가운데 선제.,local,5,로슈,0
2026-01-30,Client,2026-01-30 10:56,Naver News,https://www.medicaltimes.com/Main/News/NewsView.html?ID=1167091&ref=naverpc,[메디칼타임즈] 로슈진단 벤타나 고공성장…바이오다인 수확철 맞이하나,"로슈진단의 차세대 병리진단 플랫폼인 벤타나 에스피 400(VENTANA SP 400)이 출시와 동시에 급성장을 기록하며 승승장구하고 있다.이에 따라 벤타나 SP 400의 기술을 이전하고 독점 계약을 맺은 바이오다인도 마침내 수확의 계절을 맞이할 수 있을지 관심이 모아지고 있다.로슈 그룹 연간 실적 발표…벤타나 SP 400 고공행진로슈 그룹은 현지시각으로 29일 스위스 증권거래소 개장에 앞서 2025년도 연간 실적을 기반으로 하는 컨퍼런스 콜을 진행했다.로슈그룹이 지난 2025년 병리진단 부분에서 14%에 달하는 성장을 이룬 것으로 확인됐다.(사진=로슈그룹 연간보고서)이 자리에는 토마스 쉬네커(Thomas Schinecker) 로슈 그룹 CEO가 직접 나서 연간보고서와 함께 제약과 진단 부분에 실적을 공유했다.연간보고에 따르면 지난 2025년 로슈 그룹은 총 615억 1600 프랑(한화 약 115조 1700억원)의 매출을 올리며 2024년 대비 약 7%의 성장을 이룬 것으로 집계됐다.영업 이익은 총 218억 3300만 프랑을 기록했으며 순이익은 137억 9900만 프랑을 기록하며 전년 대비 58% 성장이라는 놀라운 성과를 거뒀다.이러한 성과에는 중국발 악재로 인해 다소 휘청였던 진단(Diagnostics) 부분의 뒷받침이 있었다. 특히 여기에는 병리 부분의 두드러진 성장이 큰 영향을 미쳤다.실제로 로슈 그룹이 발표한 2025년 연간보고서에 따르면 진단 사업부 전체의 성장률은 CER 기준 2%에 그쳤다.여기서 CER(Constant Exchange Rates)이란 환율 변동 영향을 제외하고 실질적인 매출의 성장률을 의미한다.하지만 병리(Pathology Lab) 부문만큼은 예외였다. 병리 부문 매출은 CER 기준 14% 성장하며 진단 사업 내에서 가장 높은 성장률을 기록했다.세부적으로 보면 고급 염색(Advanced staining)이 10%로 준수한 성장을 이어갔고 항암 동반진단(Companion Diagnostics, CDx)은 무려 25% 성장하며 매출을 이끌었다.병리가 더 이상 보조 진단 영역이 아니라 항암 치료 전략의 핵심 인프라로 자리 잡았음을 보여주는 결과다.병리진단 부분의 성장에는 벤타나 SP 400의 성장이 영향을 미쳤다.(사진=바이오다인)실제로 항암 치료의 성패를 가르는 기준은 더 이상 약물에 의존하지 않는다.",local,5,로슈,0
2026-01-30,Client,2026-01-30 10:30,Naver News,https://www.dailymedi.com/news/news_view.php?wr_id=933469,사노피 개발전략 조정…에이비엘바이오 '하락',"??에이비엘바이오가 기술이전한 파킨슨병 치료제 후보물질 'ABL301(SAR446159)'에 대해?글로벌 제약사 사노피(Sanofi)가 개발 전략을 조정한다는 소식이 전해지자 기술 반환 가능성을 제기하는 시장 우려가 확산되고 있다.이에 대해 회사는 임상 개발 중단이나 계약 해지, 기술 반환은 전혀 사실이 아니며 잘못된 해석이 확산되고 있다고 선을 그었다.29일(현지시간) 사노피는 2025년 4분기 실적 자료를 공개했으며, 이 자료에 ABL301 관련 내용이 포함됐다. 이후 일부 시장에서 해당 표현을 근거로 개발 우선순위 조….",local,5,GSK,0
2026-01-30,Client,2026-01-30 10:56,Naver News,https://www.kizmom.com/news/articleView.html?idxno=107385,"삼성바이오로직스, 에코바디스 ESG ‘플래티넘’…글로벌 상위 1% - 키즈맘",삼성바이오로직스는 글로벌 지속가능성 평가기관 에코바디스(EcoVadis)의 ESG 평가에서 상위 1% 기업에만 부여되는 최고 등급인 플래티넘을 획득했다고 지난 2.,local,5,GSK,1
2026-01-30,Client,2026-01-30 14:00,Naver News,https://www.sedaily.com/article/20002833?ref=naver,“술·담배 안 했는데 간경화”…50대 가장 덮친 침묵의 질환 | 서울경제,"“술은 체질에 안 맞아서 못 하고, 담배는 직장 선배가 폐암 진단을 받은 걸 보고 완전히 끊은지 20년 가까이 됩니다. 야식은 커녕 간식도 일절 안 먹는데 간경화라니, 믿기지가 않았습니다.” 50대 직장인 서경제(가명) 씨는 몸이 피곤하고 소화가 잘 되지 않아 병원을.",local,5,GSK,0
2026-01-30,Client,2026-01-29 11:14,Naver News,http://www.medisobizanews.com/news/articleView.html?idxno=134006,"노바티스, 최근 15년간 특허출원 글로벌 최다...사노피 뒤이어","글로벌 바이오 상장기업 중 노바티스가 최근 15년간 가장 많은 특허를 출원한 것으로 나타났다. 한국과학기술정보연구원은 최근 '글로벌 바이오 상장기업의 특허동향과 시장가치 분석'(저자 정예림, 유형선, 김동규)을 통해 이같은 내용을 소개했다. 2009년부터 2023년까지 누적 특허출원 건수 상위 10개 기업 중 3개는 유럽 국적 기업, 7개는 미국 국적 기업으로 대형 글로벌 제약사를 중심으로 한 미국 편중 현상이 높았다.",local,5,노바티스,0
2026-01-30,Client,2026-01-30 7:51,Naver News,https://www.sedaily.com/article/20002554?ref=naver,빅파마 업고…유전자 치료제 날아오른다 | 서울경제,일라이릴리가 독일 바이오 기업으로부터 유전자 편집 기술 기반 난청 치료제를 도입하면서 빅파마들의 유전자 치료제에 대한 기술 확보 열기가 더욱 뜨거워질 것으로 전망된다. 이에 따라 일라이릴리와 관련 플랫폼 기술이전 계약을 체결한 알지노믹스(476830)를 비롯해 올릭스(.,local,5,릴리,1
2026-01-30,Client,2026-01-30 6:00,Naver News,http://www.bosa.co.kr/news/articleView.html?idxno=2268962,릴리 비만치료제 마운자로 2.5mg 또다시 '품귀?',"한국릴리 비만치료제 마운자로 2.5mg이 일부 지역 약국가에서 품귀현상을 빚고 있다.30일 관련업계에 따르면 서울 종로구 지역을 비롯해 일부 지역에서 한국릴리 비만치료제 마운자로 2.5mg 품귀 현상이 나타나 약국가를 비롯해 의약품유통업체들이 대응책 마련에 나서고 있다. 최근 수요 급증으로 초기 용량인 2.5mg 제품의 공급이 원활하지 않자, 현장에서는 처방 지연이 이어지고 있는 것.서울 종로구지역 약사는 ""마운자로 2.5mg을 현재 구하기 어려워 최소한 2주후에나 정상적인 공급이 가능할 것 같다""며.",local,5,릴리,1
2026-01-30,Client,2026-01-29 23:48,Naver News,https://www.m-economynews.com/news/article.html?no=64213,"[M이코노미뉴스] [기획] 미국도 긴장한 중국 바이오 굴기...한국, 경쟁 넘어 협력 전략 모색",중국 제약·바이오 산업이 급성장 국면에 접어들면서 한국뿐 아니라 세계 최대 바이오 강국인 미국도 이를 예의주시하는 분위기다. 인공지능(AI)·로봇·자동차 등 첨단 기술 분야에서 이미 글로벌 시장을 위협하고 있는 중국이 제약·바이오 분야에서도 상당한 수준에 도달했다는 평가가 나온다. 정부 지원 규모와 인력 등 물리적 여건만 놓고 보면 중국은 이미 한국과 단순.,local,5,노바티스,0
2026-01-30,Client,2026-01-29 12:08,Naver News,http://www.medisobizanews.com/news/articleView.html?idxno=133755,‘총알심사’ 선물이라던 GIFT … 63호 중 절반은 “허가 대기 중”,"식품의약품안전처가 희귀·난치질환 치료제의 신속한 도입을 위해 운영 중인 ‘글로벌 혁신제품 신속심사 지원체계(GIFT)’를 통해 지정된 품목이 60호를 넘어섰으나 실제 허가로 이어진 사례는 절반 수준인 것으로 나타났다.29일 식약처에 따르면, 올해 1월 22일 기준 GIFT 지정 현황은 총 63호까지 확대됐다. 하지만 이 중 허가 문턱을 넘은 품목은 32개인 51%에 그쳤으며 나머지 31개 품목은 여전히 심사대 위에 머물러 있다.특히 지정 번호가 앞선 품목임에도 불구하고 심사가 장기화되는 사례가 적지 않다. 대표적으로 2023년 7월.",local,5,노바티스,1
2026-01-30,Client,2026-01-29 15:38,Naver News,https://www.thepublic.kr/news/articleView.html?idxno=292548,"로슈 비만약 ‘CT-388’, 48주 최대 22.5% 감량…젭바운드 기록 넘었다","스위스 제약사 로슈가 개발 중인 비만 치료제 후보물질 ‘CT-388’이 임상 2상에서 48주 만에 최대 22.5% 체중 감량 효과를 보이면서, GLP-1 계열 경쟁이 한층 달아오르는 분위기다.29일 업계에 따르면, 로슈는 27일(현지시간) 이중 GLP-1/GI.",local,5,로슈,0
2026-01-30,Client,2026-01-30 15:12,Naver News,http://www.medisobizanews.com/news/articleView.html?idxno=134068,"파슬로덱스주, 2월1일부터 상한액 28만8191원으로 인하","한국아스트라제네카의 유방암치료제 '파슬로덱스주'가 2월1일부터 인하된 약가로 조정된다. 보건복지부는 30일 '약제 급여 목록 및 급여 상한금액표 집행정지 해제'를 안내했다. 내용은 지난 2023년 7월 25일 개정 고시한 약제 급여 목록 및 급여 상한금액표 의약품 중 '파슬로덱스주' 1품목에 대해 상한금액 인하 처분의 집행정지 결정(서울행정법원, '25.8.29.)에 따라 집행정지 기간 연장을 안내한 바 있다.",local,5,약가,1
2026-01-30,Client,2026-01-30 5:30,Naver News,https://www.medicaltimes.com/Main/News/NewsView.html?ID=1167081&ref=naverpc,[메디칼타임즈] 글로벌 빅파마 대량 구조조정 가속화…감원 규모 커진다,"글로벌 제약업계의 구조조정이 가속화되면서 2024년 3분기까지만 3만 건을 넘어선 것으로 나타났다. 특히 구조조정을 단행하는 기업 수는 전년과 비슷하지만, 개별 기업당 감원 규모가 대형화되고 있어 제약업계 전반의 충격이 커지고 있다.29일 바이오월드 및 키움증권 리서치센터 자료에 따르면, 제약·바이오 산업의 구조조정 건수는 2025년 3분기 해고 건수가 급증(2025년 11월 4일 기준)하면서 2024년 연간 총 해고 건수를 넘어섰다.2025년 11월 초까지 3만 2824건, 2024년 1만 9381건, 2023년 1만 7656건, 2022년 1만 8505건으로 지속적으로 증가세다.바이오월드 및 키움증권 리서치센터 특히 주목할 점은 구조조정을 발표한 기업 수는 전년과 유사한 수준을 유지하고 있지만, 개별 기업당 감원 규모가 대형화되고 있다는 점이다.키움증권 허혜민 팀장은.",local,5,한독,1
2026-01-30,Client,2026-01-28 8:06,Naver News,https://www.medigatenews.com/news/2350948405,MEDI:GATE NEWS 2025년 프롤리아 바이오시밀러 승인 쏟아졌다…졸레어·퍼제타·노보로그 퍼스트무버도 등장,"지난해 미국 식품의약국(FDA)이 26개 바이오시밀러를 승인한 것으로 나타났다. 여기에는 이전에 승인된 적 없었던 3개 오리지널 제품에 대한 4개 바이오시밀러가 포함됐으며, 국가별로는 한국 제품이 가장 많이 허가됐다. 28일 관련업계에 따르면 2025년 FDA는 바이오시밀러 제품으로 ▲셀트리온의 앱토즈마(Avtozma) ▲삼성바이오에피스의 오스포미브(Ospomyv)/엑스브릭(Xbryk) ▲사노피의 메릴로그(Merilog) ▲셀트리온의 스토보클로(Stoboclo)/오센벨트(Osenvelt) ▲셀트리온의 옴리클로(Omlyclo) ▲프레지니우스카비의 보민트라(Bomyntra)/코넥센스(Conexxence) ▲바이오콘의 조베브네(Jobevne) ▲바이오테라의 스타젬자(Starjemza) ▲바이오콘의 커스티(Kirsty) ▲헨리우스/오가논의 빌디오스(Bildyos)/빌프레브다(Bilprevda) ▲바이오콘의 보사야(Bosaya)/아우켈소(Aukelso) ▲히크마의 에노비(Enoby)/엑스트렌보(Xtrenbo) ▲셀트리온의 아이덴젤트(Eydenzelt) ▲아코드의 오스비티(Osvyrti)/주베렉(Jubereq) ▲헨리우스/오가논의 포허디(Poherdy) ▲루핀의 암루페그(Armlupeg) ▲포마이콘의 누핌코(Nufymco) ▲암닐의 본크레사(Boncresa)/오질투스(Oziltus)를 허가했다.",local,5,오가논,1
2026-01-30,Client,2026-01-30 10:48,Naver News,http://www.econonews.co.kr/news/articleView.html?idxno=425306,[부고] 이근춘(수원북중 총동문회장)씨 장인상,"육영수씨 별세, 이근춘(수원북중 총동문회장·전 수원영통경찰서 강력팀장)씨 장인상=29일 수원시 인계동 한독병원장례식장 국화실, 발인 31일 오후 1시30분. 031-212-4444.",local,5,한독,0
2026-01-30,Zuellig,2026-01-24 13:20,Naver News,http://www.ttlnews.com/news/articleView.html?idxno=3072339,"신라젠, 시련 딛고 피어난 항암 열정… 펙사벡과 신규 파이프라인의 화려한 재비상 - 퍼블릭뉴스통신(Public news-network for TTL)",한때 국내 바이오 업계를 뒤흔들었던 신라젠이 숱한 역경을 이겨내고 항암 신약 개발이라는 본연의 가치에 집중하며 제2의 도약을 준비하고 있다. 최근 신라젠은 간판.,local,5,리브타요,0
2026-01-30,Zuellig,2026-01-26 6:02,Naver News,https://www.dailypharm.com/user/news/335127?REFERER=NP,[데일리팜]'면역항암제+암백신' 연이은 성과...난치암 정복 정조준,면역항암제와 암백신 병용 전략이 잇따라 유의미한 임상 성과를 확보하고 있다. 모더나와 MSD의 흑색종 5년 추적 데이터에 이어 바이오엔테크의 고형암·췌장암 연구까지 긍정적인 결과가 더해지면서 개인 맞춤형 항원 기반 면역 활성화 전략이 기존 치료의 한계를 뛰어넘는 차세대 항암 패러다임으로 부상하고 있다. 모더나?MSD 협업 성과…고형암 전반 타깃 26일 관련 업계에 따르면 모더….,local,5,리브타요,0
2026-01-30,Client,2026-01-30 6:18,Naver News,https://www.kpanews.co.kr/news/articleView.html?idxno=528452,키트루다 급여 확대…소화기암·여성암 '미충족 수요' 정조준 - 약사공론,면역항암제 키트루다(펨브롤리주맙)가 총 11개 암종 적응증에서 건강보험 적용을 받으며 국내 항암치료 환경에도 실질적인 변화가 예고됐다.한국MSD는 29일 기자간담.,local,5,MSD,1
2026-01-30,Client,2026-01-30 6:02,Naver News,https://www.kukinews.com/article/view/kuk202601290280,특허 만료 앞둔 글로벌 빅파마들…‘이중항체’로 블록버스터 판 갈아타기,오는 2028년 블록버스터 면역항암제들의 특허 만료를 앞두고 글로벌 제약사들이 ‘이중항체’ 기술 확보에 총력을 기울이고 있다.,local,5,MSD,0
2026-01-30,Client,2026-01-29 21:04,Naver News,http://www.medisobizanews.com/news/articleView.html?idxno=134029,"""키트루다, 다양한?암종서?생존기간?개선하고?치료?패러다임?바꿔""","세계적인 바이오 제약기업 MSD(Merck & Co., Inc., Rahway, NJ, USA의 상호)의 한국지사인 한국MSD(대표이사 김 알버트)는 자사의 항 PD-1 면역항암제 ‘키트루다’(펨브롤리주맙)의 급여 확대를 기념한 기자간담회를 29일 성황리에 마쳤다.키트루다는 지난 1월 1일부터 전이성 HER2 양성?음성 위암, 재발성 및 전이성 삼중음성 유방암과 두경부암, 자궁내막암 등 11개 적응증에 급여가 확대됐다. 하나의 치료제가 이처럼 여러 암종에서 동일 시점에 급여 확대된 것은 이례적인 일로, 특히 미충족 수요가 컸던 다양.",local,5,MSD,1
2026-01-30,Client,2026-01-30 13:30,Naver News,https://www.medicopharma.co.kr/news/articleView.html?idxno=66941,"일라이릴리, 美 레퍼토리와 자가면역질환 치료제 개발 협력…최대 2.6조 투자","일라이릴리(이하 릴리)가 자가면역질환 분야 파이프라인 확대를 위한 대형 기술 제휴에 나섰다. 30일 업계에 따르면, 릴리는 최근 미국 면역질환 바이오텍 레퍼토리 이뮨 메디슨(이하 레퍼토리)와 자가면역질환 치료제 개발을 위한 전략적 제휴를 체결했다.",local,5,적응증,0
2026-01-30,Client,2026-01-29 17:59,Naver News,https://www.mk.co.kr/article/11947417,"[단독] ""처방전 필요없어요"" 가짜 비만약 판친다 - 매일경제","""한달 7kg 감량"" 후기 내세워일반 식품이 위고비로 둔갑SNS서 홍보하며 버젓이 판매식약처, 적발해 영업정지해도업체는 과징금 내고 배짱장사정부 ""시행령 바꿔 처벌강화"".",local,5,마운자로,1
2026-01-30,Client,2026-01-29 22:00,Naver News,https://news.sbs.co.kr/news/endPage.do?news_id=N1008423606&plink=ORI&cooper=NAVER,"[지식의 발견] ""저체중이 사망률이 가장 높습니다"" 비만치료제 열풍에 서울대병원 교수가 지적한 '진짜 문제' (ft.이승훈 신경과 교수) | EP.11","위고비, 마운자로 그야말로 비만치료제 열풍입니다. 주사가 아닌 먹는 치료제가 출시됐다는 소식도 관심을 끌고 있죠. SBS 유튜브 이 국내 최고의 뇌졸중 권위자 서울대병원 신경과 이승훈 교수에게 이런 상황에 대해 물어봤습니다.",local,5,마운자로,0
2026-01-30,Client,2026-01-29 17:50,Naver News,https://www.womaneconomy.co.kr/news/articleView.html?idxno=249055,마운자로·위고비 비만치료제 병원마다 가격 다른 이유는?,"비만치료제 시장의 가격 편차를 둘러싸고 의료기관별 안내 총액이 다르다는 지적이 이어지고 있다.29일 의료계에 따르면 비급여 특성상 동일한 용량의 위고비나 마운자로를 처방받더라도 환자가 지불하는 최종 결제액은 의료기관에 따라 달라질 수 있다.GLP-1 계열 비만치료제는 건강보험 급여가 적용되지 않는 비급여로 이용되는 경우가 많다. 의료법 제45조의2에 따라 비급여 항목·기준·금액 등은 보건복지부에 보고·공개 대상이며, 비급여 영역에서는 의료기관이 안내하는 총액 구성에 따라 환자 부담이 달라질 수 있다. 환자가 체감하는 가격 차이의 핵.",local,5,마운자로,1
2026-01-30,Client,2026-01-29 17:28,Naver News,https://www.newsway.co.kr/news/view?ud=2026012915352589374,"""위고비 대항마""···한미약품 비만 신약, 멕시코서 상용화 시동 - 뉴스웨이","한미약품이 국산 비만치료제 에페글레나타이드의 첫 해외 상용화 지역으로 멕시코를 선택했다. 현지 제약사 산페르와 독점 유통 계약을 맺고, 허가와 유통을 동시에 추진한다. 임상 3상에서 우수한 체중감소율과 안정성을 보인 점, 멕시코의 높은 비만·당뇨 유병률 등이 맞물려 글로벌 시장 확대가 기대된다.",local,5,마운자로,0
2026-01-30,Client,2026-01-29 5:30,Naver News,https://www.medicaltimes.com/Main/News/NewsView.html?ID=1167061&ref=naverpc,[메디칼타임즈] 항암신약 급여 심사…암종 간 형평성 변수로 부상,"최근 글로벌 제약사를 중심으로 항암신약의 신규 급여 및 급여 확대 신청이 증가하면서, 암종 간 급여 형평성 문제가 주요 이슈로 부상하고 있다.29일 제약업계에 따르면, 건강보험심사평가원은 최근 올해 첫 암질환심의위원회(이하 암질심)를 열고 주요 항암신약의 급여기준 설정 여부를 논의했다. 국내 임상현장에서 유방암 치료제로 활용 중인 글로벌 제약사 치료제들을 재구성한 것이다. 올 한 해 해당 치료제들에 대한 급여 논의가 본격화될 전망이다.이번 회의에서는 신규 급여 신청 3개 품목 6개 적응증과 급여 확대 4개 의약품 4개 적응증이 상정됐다.이 가운데 신규 급여 신청 품목 3개 중 2개가 폐암 치료제였으나, 모두 급여기준 미설정 결정을 받았다.",local,5,얀센,1
2026-01-30,Client,2026-01-29 6:00,Naver News,http://www.bosa.co.kr/news/articleView.html?idxno=2268866,이중항체·ADC 혁신 신약 도입 가속…혈액암·난소암 등 치료 옵션 확대,"한국 암 치료 시장은 최근 몇 년간 글로벌 신약들이 빠르게 도입되면서 혈액암·난소암·유방암·폐암 등 다양한 암종에서 새로운 치료 옵션이 확대되고 있다. 이중항체 치료제와 항체-약물 접합체(ADC) 치료제가 속속 허가되며 환자들의 생존율 향상과 치료 효과 개선에 대한 기대감이 커지고 있다.혈액암 분야에서는 한국로슈의 룬수미오, 컬럼비, 한국애브비의 엡킨리, 화이자의 엘렉스피오, 얀센의 탈베이 등이 도입됐다. 이들 이중항체 치료제는 기존 항암화학요법 대비 무진행 생존기간(PFS)을 유의미하게 연장했으며,.",local,5,얀센,0
2026-01-30,Client,2026-01-28 19:34,Naver News,https://daily.hankooki.com/news/articleView.html?idxno=1328636,"""K-제약바이오 르네상스, 인재·자본·정부 지원 삼박자 맞아야 온다""","""규제 산업은 기업만 열심히 한다고 르네상스가 오지 않습니다. 인재, 자본, 정부 지원의 삼박자가 맞아야 합니다. 이 부분을 중국이 먼저 갖췄는데, K-제약바이오도 늦지 않았다고 생각합니다.""허혜민 키움증권 연구원은 28일 한국제약바이오협회에서 열린 '불확실성의 시대, 2026 글로벌 제약바이오산업의 방향과 K-BIO의 기회' 세미나에서 이같이 밝혔다.이번 세미나는 글로벌 제약바이오 산업의 불확실성이 심화되는 환경 속 핵심 트렌드와 변화 방향을 짚어보고 국내 기업들이 준비해야 할 전략적 방향을 모색하기 위.",local,5,노보노디스크,0
2026-01-30,Client,2026-01-29 10:46,Naver News,http://www.whitepaper.co.kr/news/articleView.html?idxno=257623,"셀트리온, 캐나다서 ‘옴리클로’ 300mg 제형 허가 획득","셀트리온이 캐나다에서 만성 특발성 두드러기 치료제 ‘옴리클로(OMLYCLO)’의 추가 제형 허가를 획득했다.셀트리온은 캐나다 보건부로부터 옴리클로 300mg 제품의 사전충전형주사제(PFS)와 자동주사제(AI) 제형에 대한 허가를 받았다고 29일 밝혔다.옴리클로는 셀트리온이 개발한 오말리주맙 성분의 바이오시밀러로, 오리지널 의약품은 미국 제넨테크와 스위스 노바티스가 공동 개발한 ‘졸레어’다. 셀트리온은 이번 허가를 통해 캐나다 시장에서 졸레어가 보유한 PFS·AI 제형 전 용량(75mg, 150mg, 30.",local,5,노바티스,0
2026-01-30,Client,2026-01-29 18:22,Naver News,https://www.medigatenews.com/news/3450207460,"MEDI:GATE NEWS 한국베링거인겔하임, 비만 환자 간 건강 중요성 알리기 위해 365mc와 맞손","사진: (왼쪽부터) 한국베링거인겔하임 안나마리아보이 사장과 신소영 의학부 부사장, 365mc 김남철 대표이사와 김영삼 부사장. 한국베링거인겔하임이 비만에서의 간 건강 관리 중요성을 알리고자 의료 관련 브랜드 삼육오엠씨(365mc)와 업무협약(MOU)를 체결했다고 29일 밝혔다. 이번 업무 협약은 비만과 간 건강에 대한 올바른 질환 정보를 공유하는 대사이상 지방간질환 예방 캠페인을 위한 협력으로 양사는 비만에서의 간 건강 관리 필요성과 대사이상 지방간질환에 대한 올바른 질환 인식을 제고하는 교육·홍보 활동을 공동 기획하고, 실제 비만 고위험군을 대상으로 간 질환 조기 진단 프로그램을 개발하고 운영하여 국민 건강 증진에 기여할 예정이다.",local,5,베링거인겔하임,0
2026-01-30,Client,2026-01-29 16:58,Naver News,https://www.joongdo.co.kr/web/view.php?key=20260129010009559,[기획]도시구조 변화로 '행복한 도시' 만든다,"또한, 글로벌 기업 머크사를 유치해 대전의 과학기술·바이오 역량이 국제적으로 끌어올리는 계기를 마련했으며, 방위사업청을 대전으로 이전시켜 국방·첨단기술·방산 산업의 중심지로 도약할 수 있는 국가적 기반을... ",local,5,머크,0
2026-01-30,Client,2026-01-29 17:58,Naver News,http://www.biztribune.co.kr/news/articleView.html?idxno=348115,[브리프]삼성바이오로직스 셀트리온 오스템임플란트 센텔리안24 앱클론,"삼성바이오로직스, 2025년 에코바디스 ESG 평가서 최고 등급 '플래티넘' 획득삼성바이오로직스(대표이사 존 림)가 글로벌 지속가능성 조사기관인 에코바디스(EcoVadis)의 ESG 평가에서 상위 1% 기업에만 부여되는 최고 등급인 플래티넘 등급을 획득했다고 29일(목) 밝혔다.2007년 프랑스에서 설립된 에코바디스는 전 세계 185개국 15만여 개 이상 기업을 대상으로 매년 환경, 노동·인권, 윤리, 지속가능한 조달 등 4개 분야를 종합 평가해 플래티넘, 골드, 실버, 브론즈 등급을 부여하고 있다. 에코바디스의 ESG 평가는 신.",local,5,머크,1
2026-01-30,Client,2026-01-27 12:52,Naver News,https://www.medicaltimes.com/Main/News/NewsView.html?ID=1167038&ref=naverpc,[메디칼타임즈] 세계 최저가의 역설,"'세계 최저가'.지난 몇 년간 다국적 제약사들이 신약의 건강보험 등재 과정에서 반복적으로 내세워 온 메시지다. 글로벌 시장 가운데 한국에 세계 최저가를 적용해 급여를 추진했다는 의미로, 국내 임상현장과 환자들에게 신약을 공급하겠다는 의지의 표현처럼 들려왔다.하지만 지난해부터 이 같은 분위기에 변화가 감지되고 있다.변곡점은 도널드 트럼프 미국 대통령이 다국적 제약사들을 상대로 '최혜국 약가(Most-Favored-Nation, MFN)' 정책을 압박하면서부터다. MFN은 미국 내 처방의약품 약가를 주요 선진국 중 최저 수준으로 낮추겠다는 정책으로, 메디케어 파트B에서 연간 지출이 큰 고가 치료제, 특히 항암제와 면역치료제가 주요 대상이다.트럼프 대통령은 미국 내 약값을 해외 수준으로 낮추라며 글로벌 제약사 17곳에 사실상 '60일 시한'을 제시했다.",local,5,노보노디스크,0
2026-01-30,Client,2026-01-28 5:36,Naver News,https://www.medicaltimes.com/Main/News/NewsView.html?ID=1167045&ref=naverpc,[메디칼타임즈] 환자 방치하란 소리냐 오젬픽 급여기준에 개원가 발끈,"위고비와 동일 성분의 당뇨병 치료제 오젬픽이 다음 달 급여 등재를 앞둔 가운데, 급여기준을 둘러싼 논란이 이어지고 있다.정부가 제시한 급여기준의 문턱이 지나치게 높아 임상 현장에서 활용하기에 한계가 크다는 지적이 나온다. 급여기준 재검토가 필요하다는 의견도 제기되고 있다.노보노디스크제약 세마글루타이드 성분 제2형 당뇨병 치료제 오젬픽 제품사진.27일 제약업계에 따르면 보건복지부는 최근 노보노디스크제약의 제2형 당뇨병 치료제 오젬픽(세마글루타이드)의 급여 적용을 골자로 한 '요양급여의 적용기준 및 방법에 관한 세부사항(약제)' 일부개정고시안을 발표하고 의견수렴 절차를 마무리했다.사실상 최종 의결기구인 건강보험정책심의위원회의 최종 결정만을 남겨둔 상황이다.노보노디스크는 2022년 4월 국내 허가 이후 급여 재도전에 나서, 주 1회 투여하는 장기 지속형(Long-acting) GLP-1 수용체 작용제(GLP-1RA)로 등재를 눈앞에 두게 됐다.하지만 건강보험심사평가원 약제급여평가위원회 심의와 국민건강보험공단과의 약가 협상을 거쳐 공개된 급여기준이 발목을 잡고 있다는 평가다.급여기준이 공개되자 치료제를 실제로 활용할 수 있는 허들이 지나치게 높다는 지적이 나오고 있다.공개된 개정안에 따르면 '메트포르민(Metformin)+설폰요소제(Sulfonylurea)+오젬픽' 3제 병용요법과 '기저 인슐린+오젬픽' 2제 병용요법에 급여 적용이 가능하다. 이는 기존 당뇨병 치료제 일반 원칙에 따른 트루리시티(둘라글루타이드, 일라이 릴리)의 급여 기준과 동일하다.문제는 기존 당뇨병 치료제 일반 원칙과 달리 오젬픽의 경우, 기존 약제를 2~4개월 이상 병용 투여했음에도 당화혈색소(HbA1c) 수치가 7% 이상인 환자로 급여 대상을 제한하고 있다는 점이다.여기에 ▲최초 투여 시 약제 투여 과거력 및 검사(HbA1c, BMI 등) 결과 제출 의무 ▲이후 3개월마다 HbA1c 및 BMI 검사 결과 제출 의무 ▲투여 초기 3개월간 최대 4주 단위 처방기간 제한 등의 추가 기준도 포함됐다.또한 트루리시티의 경우 허가사항 범위 내에서 급여기준에 해당하지 않더라도 약값 전액을 환자가 부담하는 조건으로 사용이 가능하다고 명시돼 있다.",local,5,노보노디스크,1
2026-01-30,Client,2026-01-28 14:48,Naver News,https://www.thebell.co.kr/free/content/ArticleView.asp?key=202601281407253280109639,"[영상]글로벌 최대 바이오 축제, JPM에서 본 K-바이오의 미래","# 오프닝바이오 업계 글로벌 최대 축제 중 하나죠. JP모간 헬스케어 컨퍼런스, 이른바 JPM이 1월 12일부터 15일까지 미국 샌프란시스코에서 열렸습니다. 올해 JPM에는 약 1500개의 제약·바이오·헬스케어 기업과 8000명 이상의 ...",local,5,노보노디스크,0
2026-01-30,BD,2026-01-29 18:16,Naver News,http://www.finomy.com/news/articleView.html?idxno=248721,"면역항암제 관련주, '웃음꽃' 신라젠·차바이오텍·헬릭스미스·셀리드... '한숨 푹푹' 압타머사이언·HLB","현대경제신문 홍미경 기자 | 면역항암제 과련주들이 전 거래일 대비 3.26% 상승으로 장을 마감했다.29일 한국거래소에 따르면 신라젠, 차바이오텍, 헬릭스미스, 큐라클, 에이비프로바이오, 박셀바이오, 샤페론, 에이비엘바이오, 네오이뮨텍, 셀리드는 상승했다.신라젠과 차바이오텍은 전 거래.",local,4,얀센,0
2026-01-30,BD,2026-01-30 10:00,Naver News,http://www.biospectator.com/view/news_view.php?varAtcId=27672,"삼성에피스, ‘아일리아 시밀러’ 북미外 특허합의","삼성바이오에피스(Samsung Bioepis)는 30일 아일리아 바이오시밀러 판매와 관련해, 오리지널 의약품 회사인 리제네론 파마슈티컬(Regeneron Pharmaceuticals) 및 바이엘(Bayer)과 미국,.",local,4,리제네론,0
2026-01-30,BD,2026-01-30 6:02,Naver News,https://www.dailypharm.com/user/news/335294?REFERER=NP,[데일리팜]제약사 노조 참전 본격화…약가개편 저지 강경 투쟁 펼쳐지나,정부의 약가제도 개편을 둘러싼 갈등이 정책 공방에서 고용 안보 문제로 확산하는 분위기다. 그동안 제약단체와 비상대책위원회의 입장 표명이 중심이었다면 최근 구조조정 가능성을 우려한 현장 노동조합이 직접 행동에 나서며 갈등 수위가 한층 높아진 모습이다. 외국계 제약사 영업조직 노조까지 강경 대응에 나서면서 집회·연대 행동 등 대규모 투쟁으로 번질 수 있다는 관측도 나온….,local,4,특허만료,1
2026-01-30,BD,2026-01-30 12:40,Naver News,https://www.kpanews.co.kr/news/articleView.html?idxno=528495,정부 약가개편안 우려 확산…산·학·의 이어 노동계까지 - 약사공론,"정부의 약가제도 개편안을 둘러싼 우려와 반발이 제약산업계를 넘어 의료계와 학계, 나아가 노동계까지 확산되고 있다. 제네릭 의약품 약가를 대폭 인하하겠다는 정부 방.",local,4,제네릭,1
2026-01-30,BD,2026-01-30 13:50,Naver News,http://www.economytalk.kr/news/articleView.html?idxno=417148,"“2033년 시장 판도 바뀐다” 종근당, 타그리소 제네릭 ‘오티닙정’ 허가…우판권 확보 시 9개월 독점 전망 - 이코노미톡뉴스",종근당이 식품의약품안전처로부터 오시머티닙 성분 제네릭 ‘오티닙정’(40mg·80mg)의 품목허가를 획득했다.오리지널 의약품인 아스.,local,4,제네릭,1
2026-01-30,BD,2026-01-30 14:19,Naver News,https://www.newsis.com/view/NISX20260130_0003496125,"""성분명 처방, 환자안전 위협""…환자·노인단체들도 반대","정부가 의약품 수급 불안의 해법으로 '성분명 처방'을 제시한 가운데, 환자 안전을 위협할 수 있다는 우려가 나오고 있다. 특히 65세 이상 노인과 파킨슨병 환자 등 다약제 복용 환자는 약 이름과 외형이 바뀌는 것만으로도 혼란은 물론, 복약 오류와 치료 연속성 저하를 겪을 위험이 크다는 지적이 나온다. 서울특별시의사회는 한지아..",local,4,제네릭,1
2026-01-30,BD,2026-01-30 14:32,Naver News,https://www.dailian.co.kr/news/view/1604587/?sc=Naver,"안방 리스크, 해외서 메운다…시밀러 영토 확장 나선 동아에스티","동아에스티가 정부의 ‘약가 인하 압박’이라는 내수 위기를 바이오시밀러로 돌파하고 있다. 자체 신약 ‘스티렌’과 주력 제네릭 제품의 약가 인하 위기에 수익성에 경고등이 켜졌지만, ‘이뮬도사’ 등 시밀러가 새로운 수출 주력 제품으로 부상하며 체질 개선을 주도하는 모습이다.30일 전자공시시스템에 따르면 지난해 3분기 기준 동아에스티 매출에서 내수 매출이 차지하는.",local,4,제네릭,0
2026-01-30,BD,2026-01-28 6:00,Naver News,https://www.yakup.com/news/index.html?mode=view&cat=12&nid=322393,"[약업신문][기고] 2025년 개정 의료기기법 총정리-병원과 의료기기 거래, 무엇이 달라지나","그동안 의약품 분야에서는 의약품도매상이나 의약품 판촉영업자(CSO) 등에 대해 특수관계인 간 거래를 제한하는 규정이 작동해 왔다. 반면 의료기기 분야에는 그에 상응하는 규제가 뚜렷하지 않았고, 그 틈을 타 ...",local,4,판촉영업자,1
2026-01-30,BD,2026-01-29 16:25,Naver News,https://www.bloter.net/news/articleView.html?idxno=653089,[인터뷰] 이한웅 부광약품 ETC 본부장 “올해 병의원으로 매출 확대”,"부광약품의 전체 매출 내 전문의약품(ETC)의 비중은 70%를 웃돈다. 주력 제품이 오리지널 의약품인 만큼, 대학·종합병원에서 발생하는 매출이 대부분을 차지한다. 올해 부광약품은 클리닉(병의원) 시장까지 매출 저변을 넓힌다는 목표를 세웠다. 특히 클리닉 시장에서 경쟁이 치열한 제네릭·.",local,4,CSO,0
2026-01-30,BD,2026-01-30 14:20,Naver News,https://www.joongang.co.kr/article/25401563,"삼우F&G 김포센터, 헬스케어 물류 특화 운영 체계 갖춰 | 중앙일보","헬스케어 물류의 중요성이 커지는 가운데, 삼우F&G가 김포센터를 중심으로 헬스케어 제품 특성을 반영한 전용 물류 운영 체계를 갖췄다고 밝혔다. 또한 KGSP(의약품 유통 품질관리 기준), ISO 9001, ISO 13485 등 헬스케어 물류와 직결되는 품질 인증을 확보해, 보관·취급·출고 전 과정에서 표준화된 품질 관리가 가능하다. 삼우F&G 관계자는 ""헬스케어 물류는 설비와 시스템뿐 아니라 이를 운용하는 관리 체계와 인력의 전문성이 함께 갖춰져야 한다""며 ""김포센터는 헬스케어 물류에 특화된 운영 경험과 품질 기준을 바탕으로 고객사의 공급망 안정성과 제품 신뢰 확보에 기여하고 있다""고 말했다.",local,4,콜드체인,0
2026-01-30,BD,2026-01-29 6:12,Naver News,https://www.viva100.com/article/20260128500707,"또 ‘트럼프發 협박’? K-바이오 공장 인수, ‘신의 한 수’ 되나","미국 트럼프 대통령이 한국산 의약품 등에 다시 25%의 고관세 카드를 빼들면서 국내 제약·바이오 기업들이 당혹감을 감추지 못하고 있다. 다만, 미국을 중심으로 활동 중인 주요 기업들은 일찌감치 현지 생산시설을 확보한 만큼, 실질적인 타격은 제한적일 것이란 분석이다.",local,4,BMS,0
2026-01-30,BD,2026-01-30 16:02,Naver News,http://www.hemophilia.co.kr/news/articleView.html?idxno=40761,백신을 둘러싼 정치적 논란 속에서도 흔들리지 않는 사노피 - 헤모필리아라이프,"최근 미국에서는 백신 정책을 둘러싼 논란이 커지고 있는 가운데, 글로벌 제약사 사노피(Sanofi)는 비교적 침착한 태도를 유지하고 있다. 사노피는 백신을 둘러싼.",local,4,백신,0
2026-01-30,BD,2026-01-30 16:44,Naver News,http://www.thevaluenews.co.kr/news/view.php?idx=196494,"SK바이오사이언스, 코로나 계열 대응 범용백신 글로벌 임상 1/2상 착수...""차기 팬데믹 대비""",SK바이오사이언스(대표이사 안재용)가 코로나19를 포함한 코로나 계열 바이러스를 광범위하게 예방할 수 있는 차세대 범용 백신 개발에 본격 착수했다.SK바이오사이언스의 연구원이 백신 개발을 위한 분석 실험을 진행 중이다. [사진=SK바이오사이언스]SK바이오사이언스는 사베코바이러스(sarbecovirus) 계열을 표적으로 한 백신 후보물질 ‘GBP511’의 글로벌 임상 1/2상을 호주에서 개시했다고 지난 29일 밝혔다.사베코바.,local,4,백신,0
2026-01-30,BD,2026-01-30 16:48,Naver News,https://www.cnbnews.com/news/article.html?no=776258,"GC녹십자, 코로나19 mRNA 백신 임상 1상 첫 피험자 투여",GC녹십자는 지난 28일 코로나19 mRNA 백신 후보 물질 GC4006A의 국내 임상 1상에서 첫 번째 피험자 투여를 완료했다고 30일 밝혔다.GC녹십자는 지난해 12월 식품의약품안전처로부터 임상 1상 IND(임상시험계획)를 승..,local,4,백신,0
2026-01-30,BD,2026-01-30 17:00,Naver News,https://biz.sbs.co.kr/article_hub/20000288702?division=NAVER,"독감 환자 4주째 증가…""B형·학령기 아동 중심""","올해 들어 인플루엔자(독감) 의심 환자 수가 4주째 증가했습니다.오늘(30일) 질병관리청에 따르면 올해 4주차인 지난 18∼24일 표본 감시 의료기관(의원급)을 찾은 독감 의심 환자 분율은 외래 1천명당 47.7명이었습니다.전주 44.9명보다 늘어난 것인데, 증가폭은 크지 않지만 지난해 말 꺾였던 환자 분율이 올해 들어 다시 4주째 증가하고 ….",local,4,백신,1
2026-01-30,BD,2026-01-29 11:48,Naver News,https://new.dailypharm.com/user/news/335274?REFERER=NP,"[데일리팜]한국노총 ""약가개편, 고용불안 초래…합의 기구 마련하라""","한국노동조합총연맹이 정부의 약가제도 개편에 반대하는 공식 입장을 내놓았다. 한국노총은 약가정책을 빌미로 고용 불안을 초래하는 시도를 좌시하지 않겠다고 경고했다. 한국노총은 29일 정부 약가제도 개편에 대한 입장문을 통해 “노동자 배제한 졸속 개편으로는 건강보험 재정도, 제약산업도 지킬 수 없다”고 강조했다. 정부 약가제도 개편이 고용 불안을 초래하고 있다며 입장을 분….",local,4,특허만료,1
2026-01-30,BD,2026-01-29 14:14,Naver News,https://www.kpanews.co.kr/news/articleView.html?idxno=528389,차세대 면역항암제로 '이중항체' 급부상…'넥스트 키트루다' 될까 - 약사공론,면역항암제 시장에 지각변동이 일고 있다. 2028년 키트루다·옵디보 특허만료를 앞두고 글로벌 제약사들이 '이중항체(Bispecific Antibody)' 기술 확.,local,4,특허만료,0
2026-01-30,BD,2026-01-30 6:02,Naver News,https://www.dailypharm.com/user/news/335291?REFERER=NP,"[데일리팜]기사회생한 애엽 위염약, 반복 인하로 커지는 원가부담",천연물의약품 애엽 추출물 위염치료제가 우여곡절 끝에 시장 퇴출을 모면했다. 하지만 반복적인 약가인하로 100원 미만 제품이 속출했다. 2년 전 생물학적동등성시험을 수행하지 않았다는 이유로 무더기로 약가가 인하된 데 이어 급여 생존의 대가로 또 다시 약가가 큰 폭으로 떨어졌다. 10년 전과 비교하면 애엽 추출물 의약품의 약가는 60% 가량 감소하면서 제약사들은 원가 부담을 걱….,local,4,특허만료,0
2026-01-30,BD,2026-01-30 16:54,Naver News,https://www.venturesquare.net/1036270/,"바이오스페로, 日 SPI와 MPS 플랫폼 독점 공급 계약 체결","바이오스페로가 일본 제약·바이오 유통기업 SPI와 MPS 플랫폼 독점 공급 계약을 체결하며 일본 시장에 진출했다. 이번 계약은 OrganXpert™의 일본 내 공급과 함께 공동 영업 및 기술 협력을 포함하며, JDC의 입주기업 성장지원 정책 성과로 평가된다.",local,4,파트너십,0
2026-01-30,BD,2026-01-30 16:04,Naver News,https://www.rapportian.com/news/articleView.html?idxno=231994,"국제성모병원 정진우 교수, 단일공 로봇수술 100례 달성",가톨릭관동대학교 국제성모병원(의료원장 겸 병원장 고동현 신부)은 비뇨의학과 정진우 교수가 단일공 로봇수술 개인 통산 100례를 달성했다고 30일 밝혔다.정진우 교수는.,local,4,합병,0
2026-01-30,BD,2026-01-30 16:06,Naver News,http://www.mkhealth.co.kr/news/articleView.html?idxno=77417,예년보다 이른 'B형 독감' 확산…백신 접종 늦지 않았다,인플루엔자(독감) 환자가 다시 늘고 있는 것으로 나타났다. 특히 B형 독감을 중심으로 이른바 '2차 유행' 양상이 관찰되면서 향후 2주 이상 추가 확산 가능성이 제기되고 있다.독감은 A형과 B형으로 구분되며 일반적으로 A형이 먼저 유행한 뒤 B형 독감이 뒤따르는 양상을 보인다. B형 독감은 사람에게만 감염되고 학교나 가정 등 집단 내 확산이 잦은 것이 특징으로 아동과 청소년을 중심으로 유행하는 경우가 많다.B형 독감은 인플루엔자 바이러스 가운데 B형에 의해 발생하는 급성 호흡기 감염 질환이다.,local,4,합병,1
2026-01-30,BD,2026-01-30 16:40,Naver News,https://www.straightnews.co.kr/news/articleView.html?idxno=293758,롯데의 '선택과 집중'…화학·바이오·수소로 미래 체질 바꾼다,"롯데가 전략적 사업 구조 재편을 통한 재무 건전성 확보 및 신사업 육성에 속도를 내고 있다.30일 롯데에 따르면 그룹 전반의 비즈니스 구조를 재정의하는 '리스트럭처링(Restructuring)'은 비핵심 사업 정리를 통해 확보한 동력을 미래 핵심 분야에 집중 투입함으로써 성장의 가속도를 높이고, 특히 그룹의 핵심인 화학 사업의 고부가 스페셜티 전환과 바이오·수소·모빌리티 등 신성장 동력으로의 과감한 자원 재배치가 주요 골자다.◇‘선택과 집중’의 리스트럭처링 통한 미래 성장 동력 확보롯데는 그룹의 성장 전략과 맞지 않는 비핵심 사업의.",local,4,합병,0
2026-01-30,BD,2026-01-30 16:58,Naver News,https://kormedi.com/?p=2785668,"신약 물질 2종 개발 진전, 다시 시선 모으는 큐라클 - 코메디닷컴",유재현 큐라클 대표. 사진=큐라클 해외에 기술 이전한 신약 후보물질을 반환 받아 화제가 된 바 있는 신약 개발 기업 큐라클이 다시 주목 받고 있다. 주요 파이프라인 2종과 관련해 잇달아 개발 진전 소식을 알렸기 때문이다. 큐라클은 지난해 말 주력 신약 후보물질인.,local,4,합병,0
2026-01-30,BD,2026-01-30 17:00,Naver News,http://www.biotimes.co.kr/news/articleView.html?idxno=26818,"[특징주] 큐라클, 당뇨병성 신증 치료제 2b상 성공·특허 출원 겹호재로 급등","30일 코스닥시장에서 난치성 혈관질환 특화기업 큐라클(365270)의 주가가 급등했다.큐라클의 주가는 직전 거래일보다 24.28%(2,360원) 오른 1만 2,080원에 거래를 마감했다.이는 최근 당뇨병성 신증 치료제로 개발 중인 ‘CU01’의 국내 임상 2b상에서 유효성과 안전성을 동시에 입증했다는 발표가 투자심리를 자극한 것으로 풀이된다.큐라클은 지난 27일 CU01의 임상 2b상 결과를 근거로 당뇨병성 신증 치료에 대한 신규 용도특허를 출원했다고 밝혔다. 이번 특허 출원은 기존 물질 특허와 별도로 치료 적응증에.",local,4,합병,0
2026-01-30,BD,2026-01-30 16:36,Naver News,https://www.digitaltoday.co.kr/news/articleView.html?idxno=625540,"김수진 비등기임원, 인트론바이오 주식 소유상황 보고 의무 해제","바이오 신약 개발업체 인트론바이오(048530)의 비등기임원 김수진이 1월 29일 퇴임하며 주식 소유상황 보고 의무가 해제됐다. 이번 보고 기준일인 1월 30일, 김수진의 보유 주식 수는 7000주 감소했다.1월 29일 임원 퇴임으로 인해 김수진의 기존 주식에 대한 보고 의무가 해제됐다. 이에 따라 김수진은 더 이상 인트론바이오 주식 소유상황 보고 대상이 아니다.인트론바이오는 2026년 1월 30일 장마감 기준으로 주가가 3955원으로 전일 대비 65원(-1.62%) 하락했다.",local,4,인수,0
2026-01-30,BD,2026-01-30 16:56,Naver News,https://www.digitaltoday.co.kr/news/articleView.html?idxno=625562,"엔젠바이오, 엔젠파마 흡수합병 합병기일 3월 31일로 변경","정밀진단 기술 기반 바이오 기업 엔젠바이오(354200)는 엔젠파마 흡수합병과 관련해 합병기일을 2026년 3월 31일로 변경했다고 30일 공시했다.이번 정정으로 합병기일과 종료보고총회일, 합병등기예정일자는 기존 2026년 2월 2일에서 2026년 3월 31일로 모두 바뀌었다. 회사는 합병기일 변경에 따른 정정이라고 설명했다.엔젠바이오는 비상장사 엔젠파마를 흡수합병하는 소규모합병 방식으로 절차를 진행한다. 합병은 무증자 방식이며 합병비율은 엔젠바이오 대 엔젠파마 10000대 0으로 제시됐다.기타 투자판단.",local,4,인수,0
2026-01-30,BD,2026-01-30 12:00,Naver News,http://www.bosa.co.kr/news/articleView.html?idxno=2268928,올 제약 M&A 4대 트렌드 전망,작년 이후 세계 제약 업계에서 M&A가 다시 증가하는 가운데 올해는 4대 트렌드가 주도할 전망이라고 베인 앤 컴퍼니가 보고했다. 이에 따르면 작년에 11월 중반까지 제약 거래의 가치는 전년 동기 대비 79% 급증했고 평균 거래 규모도 80% 이상 급등했다.이에 비해 더욱 큰 헬스케어 및 생명과학 업계의 경우 거래 건수가 10% 감소한데 비해 거래 가치는 29% 증가한데 생명공·제약 부문이 상당 부분 기여했다는 분석이다.베인에 따르면 이제 제약 M&A는 더 이상 차세대 블록버스터를 찾기 보다는 신약.,local,4,M&A,1
2026-01-30,BD,2026-01-30 12:49,Naver News,https://economychosun.com/site/data/html_dir/2026/01/23/2026012300021.html,"""비만 치료 대중화 가속… 2030년엔 환자 3명 중 1명은 알약""",덴마크 제약사 노보 노디스크(Novo Nor-disk)가 ‘먹는 위고비(wegovy pill·성분명 세마글루타이드)’로 미국 허가 관문을 통과하..,local,4,M&A,1
2026-01-30,BD,2026-01-30 14:00,Naver News,http://www.mkhealth.co.kr/news/articleView.html?idxno=77387,"""개발 리스크 줄이고 속도 높인다""…빅파마, 후기 임상 M&A에 집중","글로벌 제약업계에서 최근 이어진 대형 인수·합병(M&A) 흐름은 단순한 외형 확장이 아닌 신약 연구개발(R&D) 투자 구조가 근본적으로 전환 국면에 들어섰음을 보여주고 있다는 분석이다. 주요 제약사는 자체 연구로 초기 후보물질을 확보하던 기존 방식에서 벗어나, 임상 단계를 상당 부분 진행한 외부 파이프라인을 인수하는 전략을 택하며 개발 위험과 시간 부담을 통제했다. 이러한 움직임은 산업 전반의 자금 흐름을 뒤흔들었고, 바이오 벤처와 대형 제약사 간 역할 분화를 뚜렷하게 만들며 글로벌 연구개발 생태계에 구조적 변화를 남겼다는 것.대형.",local,4,M&A,1
2026-01-30,BD,2026-01-30 15:17,Naver News,https://view.asiae.co.kr/article/2026012917241055915,"MSD 45조원 딜 무산… 빅파마 M&A, '파이프라인'에서 '플랫폼'으로 - 아시아경제",미국 머크(MSD)가 항암 바이오기업 레볼루션 메디신스 인수 협상을 중단하면서 그 배경에 관심이 쏠린다. 인수 금액을 둘러싼 이견 때문인 것으로 알려진 가운데 ...,local,4,M&A,0
2026-01-30,BD,2026-01-30 14:30,Naver News,http://www.newsworker.co.kr/news/articleView.html?idxno=412535,"먹는 비만약·류프로렐린 호재 뒤…삼천당제약, 단기 급등으로 투자주의 종목 지정",삼천당제약 주가가 경구용 비만·당뇨 치료제와 전립선암 장기지속형 주사제 계약 기대를 타고 석 달 만에 2.5배 가까이 뛰었다. 기관·외국인 매수세가 이어지는 가운데 한국거래소가 소수계좌 매수 집중을 이유로 투자주의 종목으로 지정해 과열 우려가 함께 부각됐다.30일 오후 기준 삼천당제약.,local,4,라이선스,0
2026-01-30,BD,2026-01-30 16:02,Naver News,http://www.newsprime.co.kr/news/article.html?no=722447,[이BIO] 셀트리온·휴온스·삼성바이오에피스 外,"1월30일 제약·병원 및 바이오업계 소식.셀트리온(068270)이 자가면역질환 치료제 '앱토즈마'(성분명 토실리주맙)를 독일, 프랑스, 스페인 등 유럽 주요국에 출시했다고 30일 밝혔다.회사는 국가별 제약 시장 특성을 고려한 맞춤형 영업·마케팅 활동으로 출시 초반부터 입찰 수주 성과를 지속하며 글로벌 토..",local,4,라이선스,0
2026-01-30,BD,2026-01-30 16:50,Naver News,http://www.newswatch.kr/news/articleView.html?idxno=77228,"삼성바이오에피스, 아일리아 바이오시밀러 유럽 등 특허 합의","삼성바이오에피스가 안과질환 치료제 SB15 (아일리아1) 바이오시밀러 (성분명: 애플리버셉트, 미국 및 유럽 제품명: 오퓨비즈) 판매 관련, 오리지널 의약품 회사인 리제네론 및 바이엘과 미국 및 캐나다를 제외한 지역에서 저농도 제형(40 mg/mL)에 대한 합의 및 라이선스 계약을 체결했다고 30일 밝혔다.이번 라이선스 계약에 따라, 삼성바이오에피스는 영국(2026년 1월), 유럽 국가(2026년 4월), 한국을 제외한 그 외 국가(2026년 5월)에서 SB15의 출시가 가능해졌다.SB15는 지난 20.",local,4,라이선스,0
2026-01-30,BD,2026-01-30 12:14,Naver News,https://www.dailypharm.com/user/news/335285?REFERER=NP,"[데일리팜]비보존그룹 자금 순환 사슬, 어나프라주 핵심 연결고리","비보존그룹의 연구개발(R&D) 자금 흐름이 비마약성 진통 신약 ‘어나프라주(VVZ-149)’ 성과를 통해 작동하고 있다. 비보존제약의 국내 매출과 유상증자로 조달한 자금이 비보존으로 이전돼 미국 임상 재원으로 투입되는 구조다. 어나프라주의 상업적 성과가 그룹 전체 연구개발 속도를 좌우하는 셈이다. 비보존은 자체 매출원이 없는 신약 R&D(연구개발) 전문 기업으로, 기술이전을 통한….",local,4,판권,0
2026-01-30,BD,2026-01-30 13:38,Naver News,https://www.sentv.co.kr/article/view/sentv202601300099,"""삼일제약, '로어시비빈트' 상용화 시 1000억대 영업익""",브라이어스 인사이트는 삼일제약에 대해 로어시비빈트(Lorecivivint)의 국내 독점 판권 가치에 따라 밸류에이션 리레이팅 시기를 맞이했다고 30일 분석했.,local,4,판권,0
2026-01-30,BD,2026-01-30 16:50,Naver News,https://www.cnbnews.com/news/article.html?no=776278,"휴온스, 라플레와 비타민C 혈중 농도·G6PD 검사기기 판권 계약",휴온스는 최근 라플레와 닥터라플레R1애널라이저(Dr.Rappeler R1 Analyzer) 및 스트립 3종에 대한 국내 독점 판매 계약을 맺었다고 30일 밝혔다.Dr.Rappeler R1 Analyzer는 식품의약품안전처 의료기기 1등급 허가를 ..,local,4,판권,0
2026-01-30,BD,2026-01-28 17:56,Naver News,https://www.asiatoday.co.kr/view.php?key=20260128010013154,"비용 줄여 영업이익 50% 급증했지만…일동제약, 유동성 부담 속 ‘신약 R&D“ 승부수","일동제약이 공격적인 비용절감에 나서고 있다. 지난해 영업이익 증가폭이 50% 가까이 늘어났는데, 수익성이 개선된 성과이기 보다는 사업 고정비를 줄인 영향이다. 유동성 비율 악화와, 정부의 약가 개편 추진 상황을 재무 여력을 확보하기 위한 행보로 풀이된다.",local,4,코프로모션,0
2026-01-30,BD,2026-01-29 6:22,Naver News,http://www.medisobizanews.com/news/articleView.html?idxno=133925,"“포시가 적장자 답네”…HK이노엔 ‘다파엔’, 블록버스터 대관식",HK이노엔 '다파엔'(성분명 다파글리플로진)이 작년 연간 처방액 100억원을 돌파하며 오리지널 '포시가'를 성공적으로 승계한 품목으로 자리매김했다. SGLT-2 계열 당뇨약 시장을 호령하던 포시가 전성기 시절 처방 규모에는 미치지 못하지만 다파엔은 꾸준한 성장세를 기록하며 시장 내 입지를 공고히 다졌다.29일 의약품 처방통계기관 유비스트에 따르면 HK이노엔 다파엔 지난해 원외처방액은 104억원을 기록했다. 다파엔 흥행 비결은 단순한 제네릭 출시를 넘어 오리지널 제품인 아스트라제네카 포시가가 보유했던 적응증을 온전히 이어받았다는 점에.,local,4,코프로모션,0
2026-01-30,BD,2026-01-30 6:00,Naver News,http://www.hansbiz.co.kr/news/articleView.html?idxno=812962,"비보존제약, 쪼그라든 유증…‘자본잠식’ 숙제 [The SIGNAL]",비보존제약(대표 장부환)이 주가 하락 여파로 유상증자 규모가 당초 계획보다 30%가량 줄어드는 악재를 맞았다. 줄어든 자금에도 불구하고 모회사 대상 채무 상환 의지를 드러내며 재무 건전성 확보에 나섰으나 자본잠식 문제는 여전히 숙제로 남았다.◆ 조달 규모 줄어도 채무 상환 우선30일 제약바이오 업계에 따르면 비보존제약은 최근 주주배정 후 실권주 일반공모 방식의 유상증자 신주 1차 발행가액을 주당 3295원으로 확정했다. 이는 당초 계획했던 4710원보다 약 30% 낮아진 수치로 이에 따라 총 모집 예정.,local,4,코프로모션,0
2026-01-30,BD,2026-01-30 6:00,Naver News,https://daily.hankooki.com/news/articleView.html?idxno=1328655,"[약가인하 공포②] 일본도 겪은 의약품 품절…노동계까지 ""재검토해야""",정부가 대규모 약가 인하를 추진하자 제약업계의 반발이 거세지고 있다. 비상대책위원회를 꾸리고 국회 토론회와 간담회를 잇달아 열며 “이대로 가면 산업이 무너진다”고 호소한다. 약가 인하를 둘러싼 논란의 핵심과 제약업계가 체감하는 위기의 실체를 짚어봤다.[데일리한국 최성수 기자] 정부가 건강보험 재정 절감을 위해 꺼내든 ‘약가 인하’ 정책이 제약산업 전반을 흔드는 뇌관이 되고 있다.,local,4,코프로모션,0
2026-01-30,BD,2026-01-30 8:02,Naver News,https://www.fetv.co.kr/news/article.html?no=211271,"[FETV] 일동제약, 사업구조 재편 무게추 '외형보다 수익성'",일동제약이 바이엘코리아와의 코프로모션(공동판매) 계약을 종료한 후 지난해 컨슈머헬스케어 사업 일부를 계열사에 넘기는 등 사업재편을 단행했다. 이와 함께 비용 지출구조 최적화를 통한 수익성 중심의 내실 경영체제로 전환하면서 매출 감소에도 불구 영업이익이 증가하는 결과가 나왔다. 최근 공시된 영업실적(잠정)에 따르면 일동제약의 2025.,local,4,코프로모션,0
2026-01-30,BD,2026-01-30 14:42,Naver News,http://www.kdfnews.com/news/articleView.html?idxno=176954,"'포스트 FDA 수장' 김동건 CEO는 누구?...HLB, 미국통 법·재무형 경영자","HLB가 최근 미국 자회사 엘레바 테라퓨틱스 대표이사 자리에 김동건 미국 법인장을 앉히면서, 간암·담관암 신약의 허가 이후 상업화 국면을 이끌 핵심 인물로 주목받고 있다. NDA(신약허가신청)를 마친 뒤 바로 CEO까지 교체한 만큼 “포스트 FDA 시대를 설계할 미국통 법·재무형 경영자”를 전면에 세웠다는 평가다. 김동건 대표는 미국 우스터 아카데미를 거쳐 하버드대학교 물리학과를 졸업하고, 같은 대학 로스쿨에서 법학 박사(J.D.) 학위를 받았다.",local,4,공동판매,0
2026-01-30,BD,2026-01-27 6:04,Naver News,http://www.newsmp.com/news/articleView.html?idxno=251318,"FDA, 레켐비 피하주사 시작용량 우선심사","에자이와 바이오젠이 알츠하이머병 치료제 레켐비(성분명 레카네맙)의 투여 편의성 강화를 위해 피하주사 제형 시작용량의 승인을 추진한다.양사는 26일 미국 식품의약국(FDA)이 레카네맙 피하 자동주사기(SC-AI)인 레켐비 아이클릭(Leqembi Iqlik)의 주 1회 시작 용량에 대한 추가 생물학적제제 허가신청(sBLA)을 접수했다고 밝혔다.레켐비는 경도 인지 장애 또는 경증 치매 단계의 알츠하이머병(초기 알츠하이머병) 성인 환자의 치료에 사용된다.이번 sBLA는 FDA로부터 우선 심사 대상으로 지정됐으며, 처방의약품 신.",local,4,생물학적제제,0
2026-01-30,BD,2026-01-27 11:48,Naver News,https://www.koreahealthlog.com/news/articleView.html?idxno=55626,갈더마코리아 '넴루비오' 국내 허가…아토피피부염·결절성 양진에 효과,세계 최초로 인터루킨-31 수용체를 선택적으로 차단하는 기전의 생물학적제제 넴루비오(네몰리주맙)가 중등도에서 중증 아토피 피부염 및 결절성 가려움 발진(양진) 치료제로 국내 허가를 받았다.갈더마코리아는 지난 23일 넴루비오가 중등도에서 중증의 아토피 피부염으로 전신요법 치료가 필요한 성인 및 12세 이상 청소년의 치료에 사용하도록 식품의약품안전처 허가를 받았다고 27일 밝혔다.넴루비오는 세계 최초로 IL-31 수용체 α를 선택적으로 차단해 가려움의 주요 원인인 IL-31 신호전달 경로를 억제하는 단일클론항체다. IL-31은 신경을.,local,4,생물학적제제,1
2026-01-30,BD,2026-01-28 6:02,Naver News,https://www.dailypharm.com/user/news/335209?REFERER=NP,"[데일리팜]먹는 두드러기약 옵션 추가…노바티스, '랩시도' 허가 신청","만성자발두드러기(CSU) 치료 환경에 변화가 임박했다. 노바티스가 졸레어의 뒤를 잇는 후속 치료제로 경구 BTK 억제제를 내세우면서, 항히스타민제 실패 환자군을 둘러싼 치료 옵션 경쟁이 새 국면에 접어들고 있다. 28일 관련 업계에 따르면 한국노바티스는 최근 '랩시도(Rhapsido·레미브루티닙)'의 국내 허가 신청을 완료했다. 올해 상반기 내 승인이 점쳐지는 상황이다.",local,4,생물학적제제,1
2026-01-30,BD,2026-01-28 6:06,Naver News,https://www.medipana.com/news/articleView.html?idxno=405961,"""치료실패는 미세환경 때문""…현대ADM, '내성' 제거 약물 도전 - 메디파나뉴스",현대ADM바이오가 '가짜내성(pseudo-resistance)' 개념을 환자 임상에서 직접 검증하는 단계에 돌입했다.,local,4,생물학적제제,0
2026-01-30,BD,2026-01-29 14:36,Naver News,http://www.newsmp.com/news/articleView.html?idxno=251366,"FDA, 리젠엑스바이오 초희귀질환 유전자치료제 임상 보류","미국 생명공학기업 리젠엑스바이오(Regenxbio)의 초희귀질환 유전자 치료제 프로그램이 안전성 우려 때문에 보류됐다.리젠엑스바이오는 미국 식품의약국(FDA)이 I형 점액다당류증(MPS I, 헐러 증후군) 치료를 위한 유전자 치료제 후보물질 RGX-111에 대해 임상 보류 조치를 내렸다고 28일 발표했다.이번 조치는 임상 1/2상 시험에서 치료를 받은 참가자 1명에게서 뇌실 내 중추신경계 종양이 발생했다는 예비 분석 결과에 따른 것이다.이와 동시에 FDA는 제품과 연구 집단의 유사성, 임상시험 간에 공유되는 위험을 근거.",local,4,생물학적제제,0
2026-01-30,BD,2026-01-30 16:24,Naver News,http://www.thevaluenews.co.kr/news/view.php?idx=196541,"대웅제약, ‘나보타‘ 멕시코 259억 규모 수출 계약 체결...""중남미 핵심 시장 진출 완료""",대웅제약(대표이사 박성수 이창재)이 보툴리눔 톡신 ‘나보타’의 멕시코 수출 계약을 체결하며 중남미 주요 미용·성형 시장 진출에 쐐기를 박았다.대웅제약의 보툴리눔 톡신 나보타. [이미지=대웅제약]대웅제약은 글로벌 파트너사 M8(Moksha8)과 295억원 규모의 멕시코 지역 나보타 수출 계약을 체결했다고 30일 밝혔다.이번 계약으로 나보타는 국제미용성형학회(ISAPS) 기준 중남미 상위 5대 미용·성.,local,4,파트너십,0
2026-01-30,BD,2026-01-30 16:37,Naver News,https://www.hankyung.com/article/202601303312i,"급락 에이비엘바이오, 사노피 우선순위 조정…“임상 전략 재정비”[분석+]","급락 에이비엘바이오, 사노피 우선순위 조정…“임상 전략 재정비”[분석+], 김유림 기자, IT/과학.",local,4,파트너십,0
2026-01-30,BD,2026-01-30 16:40,Naver News,https://www.etoday.co.kr/news/view/2551514,[급등락주 짚어보기] 실적 턴어라운드·투자 유치…한스바이오메드·뉴로핏 등 上,"네이버페이증권 캡처화면. (네이버페이증권)30일 코스피 시장에서 상한가와 하한가를 기록한 종목은 없었다.코스닥 시장에선 한스바이오메드, 뉴로핏.",local,4,파트너십,0
2026-01-30,BD,2026-01-28 12:02,Naver News,https://www.kpanews.co.kr/news/articleView.html?idxno=528273,"베링거, 전임상 IBD 이중특이성에 10.5억 유로 베팅 - 약사공론",베링거 인겔하임(Boehringer Ingelheim)이 심시어(Simcere)의 전임상 단계 염증성 장질환(IBD) 이중특이성 항체 SIM0709에 대해 최대.,local,4,입센,0
2026-01-30,BD,2026-01-30 15:59,Naver News,https://www.ytn.co.kr/_ln/0115_202601301559089614,"[경북] 경북, '북부권 신활력 프로젝트'...10년 3조 원 투자","경상북도는 경북 북부 지역경제 활성화를 위해 올해부터 10년 동안 3조 천억여 원을 투입하는 투자 계획을 내놨습니다.계획에 따라 경상북도는 바이오산업과 관광, 에너지...",local,4,백신,0
2026-01-30,BD,2026-01-30 14:54,Naver News,https://www.pinpointnews.co.kr/news/articleView.html?idxno=423743,알츠하이머 숨을 곳 없다… 뉴로핏 'AQUA'가 찾아낸 치매의 불씨,"2025 하반기 신규상장 종목들이 기술력을 앞세워 시장의 주인공으로 등극했다. 의료 AI, 우주 항공, 정밀 기계 등 미래 성장 산업을 이끄는 신규 상장사들을 중심으로 강력한 매수세가 유입되면서 테마 전체가 활기를 띠는 모습이다.투자자들은 공모가 거품이 빠진 종목 중 실질적인 매출 성장세를 증명한 기업을 골라 담고 있다.30일 한국거래소에 따르면 이날 오후 2시48분 현재 뇌 질환 전기 자극 치료 및 분석 솔루션 전문 기업인 뉴로핏은 글로벌 임상 진척과 의료 AI 시장 확대 기대감에 가격제한폭인 29.89%까지 치솟으며 2만 825.",local,4,백신,0
2026-01-30,BD,2026-01-30 15:24,Naver News,https://daily.hankooki.com/news/articleView.html?idxno=1329627,"대전대, 바이오GMP 동계 교육으로 현장형 인재 양성","대전대학교(총장 남상호) RISE사업단은 대전권 대학 산학협의체 주관으로 지난 19일부터 운영한 지산학연 협력 바이오 RG 프로그램의 일환으로 2025학년도 동계 바이오GMP(우수 의약품 제조 및 품질관리기준) 교육과정을 성공적으로 마무리하고 29일 지역 바이오기업 현장탐방 프로그램을 진행했다.이번 교육에는 대전권 대학 학생 30여 명이 참여해 바이오 의약품 제조산업의 핵심 개념을 비롯해 품질관리(QC), 품질보증(QA), GMP 인증 절차 등 산업현장에서 요구되는 실무 중심의 이론 교육을 집중적으로.",local,4,백신,0
2026-01-30,BD,2026-01-29 10:24,Naver News,http://www.press9.kr/news/articleView.html?idxno=71659,"[Generic Trend]삼일제약, 젤잔즈 제네릭 '저가공세' 통할까","지난해 '젤잔즈(성분명 토파시티닙)' 제네릭 시장에 가장 낮은 가격을 앞세워 진입한 삼일제약이 10mg 용량도 가장 낮은 보험약가를 받아 주목된다.보건복지부 '약제 급여 목록 및 급여 상한금액표' 일부개정고시에 따르면 오는 2월 1일부터 삼일제약 '토파잭트정10밀리그램'과 환인제약 '토파시즈정10밀리그램', 제뉴파마 '자크문정10밀리그램' 3개 품목에 대해 보험급여가 적용된다.주목되는 점은 삼일제약 토파잭트정의 약가다. 정당 5185원으로 경쟁 품목보다 월등하게 낮은 약가를 받았기 때문이다.이전까지 10mg 용량의 토.",local,4,화이자,1
2026-01-30,BD,2026-01-29 13:58,Naver News,https://it.chosun.com/news/articleView.html?idxno=2023092155900,JP모건서 빅딜 안 터진 이유… 침체 아닌 ‘산업 구조 변화’,"매년 1월 미국 샌프란시스코에서 열리는 JP모건 헬스케어 컨퍼런스(JPMHC)는 글로벌 제약바이오 산업의 ‘첫 번째 빅딜 신호탄’으로 불리지만, 올해 이렇다할 소식이 시장에 들리지 않아 그 이유에 대한 관심이 집중되고 있다.과거에는 이 자리 전후로 초대형 인수합병(M&A)이나 수조원대.",local,4,화이자,0
2026-01-30,BD,2026-01-30 16:20,Naver News,https://www.ebn.co.kr/news/articleView.html?idxno=1697740,사노피 개발 조정에 흔들린?에이비엘 “계약 해지?아냐” 급거 진화 - 이비엔(EBN)뉴스센터,에이비엘바이오가 글로벌 바이오·제약 기업 사노피에 기술이전한 파킨슨병 치료제 ‘ABL301’의 개발 우선순위가 낮아졌다는 소식이 전해지며 주가가 급락하자 공식 입.,local,4,사노피,0
2026-01-30,BD,2026-01-29 6:24,Naver News,https://www.kpanews.co.kr/news/articleView.html?idxno=528274,"IPO 한랭기 끝?…英 바이오텍, 2026년 공모 재도전 ‘청신호’ - 약사공론","영국은 빅파마의 라이선스·인수 사냥터로는 활기를 보였지만, 자국 바이오텍의 신규 상장은 수년째 끊겼다. 마지막 굵직한 딜은 2021년 옥스퍼드의 AI 신약설계 기.",local,4,암젠,0
2026-01-30,BD,2026-01-29 16:16,Naver News,http://www.medisobizanews.com/news/articleView.html?idxno=134024,"천식약 '듀오레스피스피로맥스', 한화제약 유통·판매 맡는다","한독테바의 천식치료제 '듀오레스피스피로맥스'가 한화제약이 유통·판매한다. 29일 유통업계에 따르면 한독테바는 최근 한화제약과 해당 품목의 유통 및 판매에 대한 전략적 제휴를 체결, 지난 26일부터 공급처가 변경됐다.대상품목은 '듀오레스피스피로맥스320/9마이크로그램'과 '듀오레스피스피로맥스160/4.5마이크로그램'이며 전자는 2024년 기준 8만754달러를, 후자는 17만3634달러를 국내에 수입해 공급한 바 있다.",local,4,한독,1
2026-01-30,BD,2026-01-29 20:22,Naver News,http://www.cctimes.kr/news/articleView.html?idxno=889199,에코프로비엠 코스닥 1위 탈환,"충북 청주에 본사를 둔 이차전지 양극재 생산기업 에코프로비엠이 코스닥 대장주에 다시 등극했다.29일 코스닥시장에서 에코프로비엠은 전일대비 7.42% 오른 24만6000원에 마감했다. 에코프로비엠의 시가총액은 24조591억원으로 바이오기업 알테오젠(시총 23조75억원)을 제치고 1위에 올랐다. 에코프로비엠이 시총 1위로 올라선 건 2024년 8월 이후 약 1년5개월 만이다.코스닥 시총 1위였던 알테오젠은 에코프로비엠과 에코프로에 1, 2위를 내주고 3위로 밀렸다.이날 에코프로는시총 23조3535억원으로 2위에 올랐다.대.",local,4,머크,0
2026-01-30,BD,2026-01-30 11:54,Naver News,https://www.yakup.com/news/index.html?mode=view&cat=16&nid=322598,"[약업신문]모더나, 프로피온산혈증 신약 개발ㆍ발매 “투게더”",이탈리아의 글로벌 제약기업 레코르다티社(Recordati)가 미국 매사추세츠州 캠브리지에 소재한 차세대 mRNA 치료제?백신 개발 전문 생명공학기업 모더나 테라퓨틱스社와 제휴 및 라이센스 합의를 도출했다고 29일...,local,4,레코르다티,0
2026-01-30,BD,2026-01-30 10:22,Naver News,https://www.medipana.com/news/articleView.html?idxno=406129,"모더나, 伊 레코르다티와 희귀질환약 제휴 - 메디파나뉴스",미국 모더나는 희귀질환인 프로피온산 혈증(PA) 치료물질 'mRNA-3927'의 최종 임상개발과 글로벌 제품화와 관련해 이탈리아.,local,4,레코르다티,0
2026-01-30,BD,2026-01-30 13:26,Naver News,https://www.widedaily.com/news/articleView.html?idxno=287803,"빅파마, 中에 '통큰' 투자…""인수보다 창의적 협력 트렌드""",글로벌 제약사에 중국 바이오 기업이 매력적인 거래 대상으로 부상하며 투자 규모도 점차 커지고 있다. 직접적인 인수보다 창의적인 제휴를 통한 기술 협력이 트렌드라는 분석이 나왔다.30일 관련 업계에 따르면 아스트라제네카는 지난 29일(현지 시간) 의약품 제.,local,4,아스트라제네카,0
2026-01-30,BD,2026-01-29 15:12,Naver News,http://www.newsprime.co.kr/news/article.html?no=722284,"'체내에서 만드는 CAR-T'…앱클론, 인비보 플랫폼 개발 '본격화'","앱클론(174900)는 차세대 세포치료제 시장의 게임 체인저로 불리는 '인비보(In-vivo) CAR-T' 플랫폼 개발을 신성장 동력으로 낙점하고 공격적인 연구개발(RD)에 나선다고 29일 밝혔다.인비보 CAR-T는 환자의 면역세포를 체외로 꺼내 조작한 뒤 다시 주입하는 기존 방식과 달리, 환자의 체내에서 면역세포가 직..",local,4,애브비,0
2026-01-30,BD,2026-01-29 12:58,Naver News,http://www.bosa.co.kr/news/articleView.html?idxno=2268715,올 9대 생명공학사 기대주 주목,올해 9대 생명공학사가 여러 애널리스트들로 부터 유망주로 지목을 받았다. 우선 BMO 애널리스트가 꼽은 아포지 쎄러퓨틱스는 3상 임상을 앞둔 면역 및 염증 자산인 APG777이 주목되며 작년 말까지 주가가 71% 올랐다. 이와 함께 꼽힌 액솜은 속효성 신계열 우울증 치료제 어벨리티(Auvelity) 및 편두통에 심브라보(Symbravo)가 잘 나가고 알츠하이머 초조증에도 승인이 기대돼 동기간 82% 정도 올랐다.,local,4,리제네론,0
2026-01-30,BD,2026-01-29 16:40,Naver News,http://www.wikileaks-kr.org/news/articleView.html?idxno=182467,"매출↓·영업익↑..일동, 윤웅섭·이재준 사장이 풀어야할 과제","일동제약이 지난해 매출이 감소한 가운데 영업이익은 2년 연속 흑자를 유지했고, 당기순이익도 흑자 전환했다. 일동제약은 작년 영업이익이 194억7,700만 원으로 전년보다 48.5% 증가했다고 29일 밝혔다. 매출은 5,669억3,400만 원으로 전년 대비 7.8% 줄었고, 당기순이익은 237억 2,600만 원으로 흑자 전환에 성공했다. 영업이익은 2024년 흑자 전환 이후 증가세를 이어갔고, 당기순이익은 지난해 적자에서 벗어났다.",local,4,바이엘,0
2026-01-30,BD,2026-01-29 12:28,Naver News,https://www.medipana.com/news/articleView.html?idxno=406072,빅파마의 '체리피킹' 추세…수혜는 CDMO - 메디파나뉴스,빅파마들이 임상 초기 단계 유망 후보물질을 선별해 선점하는 '체리피킹(Cherry-Picking)' 전략으로 변환하는 추세인 가운.,local,4,노바티스,1
2026-01-30,BD,2026-01-30 10:22,Naver News,https://www.newspim.com/news/view/20260130000358,"에이비엘바이오, 사노피와 계약 파기 우려 일축…""전략적 조정일 뿐""","에이비엘바이오가 글로벌 제약사 사노피와 체결한 파킨슨병 치료제 공동 개발 계약이 파기될 수 있다는 시장의 우려에 대해 사실이 아니라는 입장을 밝혔다. ABL301의 임상 개발은 중단되지 않았으며, 사노피의 개발 의지도 여전히 강.",local,4,릴리,0
2026-01-30,BD,2026-01-30 14:30,Naver News,https://www.cbci.co.kr/news/articleView.html?idxno=552946,"에이비엘바이오, ABL301 관련 ‘찌라시’ 반박…“임상 중단·계약 해지 사실 아냐”","에이비엘바이오는 최근 시장에 유포된 ABL301 관련 소문과 관련해 “임상 개발이 중단되거나 계약이 해지 또는 파기된 사실은 전혀 없다”며 공식 반박 입장을 밝혔다. 회사는 해당 내용을 자사 홈페이지 팝업 공지를 통해 직접 공개했다.회사 측에 따르면 ABL301은 현재 글로벌 제약사 사노피의 파이프라인 자산으로 유지되고 있으며, 개발 권리와 상업화 권한 역시 사노피가 보유하고 있다. 에이비엘바이오는 “사노피의 ABL301 개발 의지는 여전히 강력하며, 당사와의 커뮤니케이션도 정상적으로 이뤄지고 있다”고 설명했다.에이비.",local,4,GSK,0
2026-01-30,BD,2026-01-30 8:36,Naver News,http://www.bosa.co.kr/news/articleView.html?idxno=2268968,릴리 자가면역 신약 R&D 제휴,일라이 릴리가 자가면역 질환에 신약 연구·개발을 위해 레퍼토리 이뮨 메디슨스와 전략적 협력 제휴를 체결했다.레퍼토리는 릴리와 여러 면역질환에 T세포 타깃 관용 치료제를 개발하기 위해 협력한다고 발표했다.이는 기존 치료제와는 달리 일반적 면역 억제 없이 환자의 면역 항상성을 복구하고 지속적 관해를 제공하기 위함이다.이를 위해 레퍼토리는 9년에 걸쳐 개발돼 전체 면역 시냅스를 상세히 보이며 질환 유발 TCR-항원결정인자를 발굴해내는 디코드 플랫폼을 이용할 계획이다. 레퍼토리가 연구 활동을 통해 신약후보.,local,4,화이자,0
2026-01-30,BD,2026-01-30 8:02,Naver News,http://www.edaily.co.kr/news/newspath.asp?newsid=02525606645322968,"알테오젠, 일시적 투심하락 관망세 전환…삼양바이오팜 가파른 상승[바이오맥짚기]",22일 국내 바이오 섹터는 전일 하락했던 종목들이 대부분 회복하는 추세를 보였다. 코스닥 시가총액 1위 기업인 알테오젠(196170)이 촉발한 일시적 투심하락은 관망세로 접어...,local,4,MSD,0
2026-01-30,BD,2026-01-30 13:46,Naver News,https://www.ajunews.com/view/20260130100206190,[제약·바이오 뉴스픽] 셀트리온·대웅제약·삼성에피스·헥토헬스케어 | 아주경제,"셀트리온, 앱토즈마 유럽 주요국 출시 완료셀트리온은 자가면역질환 치료제 앱토즈마(성분명 토실리주맙)를 독일·프랑스·스페인 등 유럽 주요국...",local,4,제형,0
2026-01-30,BD,2026-01-29 6:12,Naver News,https://www.hitnews.co.kr/news/articleView.html?idxno=73330,"JPMHC서 본 기회, 급한 빅파마… 근데 한국 바이오, 준비는 됐나","생각보다 큰 M&A와 빅딜이 적었다는 평가가 나오는 올해 JP모건 헬스케어 컨퍼런스(JPMHC)지만 전문가들은 '한국의 기회가 거기에 있다'는 분석을 내놓았다. 다만 그 과정에서 중국과 AI라는 큰 벽을 넘고 빅파마의 수요를 맞출 수 있는 준비는 아쉽다는 지적도 나왔다.한국제약바이오협회는 28일 '불확실성의 시대, 2026 글로벌 제약바이오산업의 방향과 K-BIO의 기회'를 주제로 세미나를 개최했는데, 이 자리에서 최근 미국 샌프란시스코에서 열린 JP모건 헬스케어 컨퍼런스(JPMHC) 현장과 참석자들의 리뷰, 국내 기업의 대응 전략.",local,4,애브비,0
2026-01-30,BD,2026-01-30 12:26,Naver News,http://www.financialreview.co.kr/news/articleView.html?idxno=40056,[오늘의 제약리뷰] 대웅제약·시지바이오·삼성바이오에피스·현대약품,"30일, 제약·바이오 업계의 새로운 소식을 살펴본다. 대웅제약은 AI 에이전트 '젠노트'로 전공의 수련 현장 환경 개선에 나선다. 시지바이오는 의료로봇 전문기업 큐렉소와 척추 수술 로봇 '큐비스-스파인(CUVIS-spine)'에 대한 국내 독점 총판계약을 체결한다. 삼성바이오에피스는 안과질환 치료제 아일리아 바이오시밀러 'SB15'의 북미 외 시장 출시를 위해 오리지널 의약품 회사와 특허 합의를 했다.",local,4,리제네론,0
2026-01-30,BD,2026-01-30 16:22,Naver News,https://www.public25.com/news/articleView.html?idxno=38941,"복지부, 가정형 호스피스 수가 인상... 생애말기 돌봄 강화 - 퍼블릭타임스",퍼블릭타임스=보건복지부는 말기·임종 환자가 가정에서 존엄하게 삶을 마무리할 수 있도록 가정형 호스피스 수가를 인상하고 신약 2종에 건강보험을 적용하는 등 보장성.,local,4,급여,0
2026-01-30,BD,2026-01-30 8:12,Naver News,https://www.thebell.co.kr/free/content/ArticleView.asp?key=202601290757559420105649,"UTC인베, '238억' 일본 LP 품은 스코펀 결성",UTC인베스트먼트가 바이오 섹터에 집중 투자하는 스타트업코리아펀드(이하 스코펀) 결성을 마무리했다. 기존 관계사였던 대상과 인연을 이어갔고 일본 기업이 출자자(LP)로 참여한 게 특징이다. 이번 펀드로 국내 바이오 기업의 일본 시장 진출을 적극 지원하겠다는 목표다....,local,4,한독,0
2026-01-30,BD,2026-01-30 15:56,Naver News,https://www.medipana.com/news/articleView.html?idxno=406143,"케어젠, '코글루타이드' 美 FDA 신규 건강기능식품(NDI) 등록 - 메디파나뉴스",케어젠(대표이사 정용지)은 자사가 개발한 GLP-1 유사체 펩타이드 'Korglutide(코글루타이드)'가 미국 식품의약국(FDA)으로부터 신규 건강기능식품 원료.,local,4,제형,0
2026-01-30,Product Approval,2026-01-30 16:56,Naver News,http://www.hemophilia.co.kr/news/articleView.html?idxno=40765,"식약처, 미세혈관·림프관 수술용 자동화 로봇수술기 허가 - 헤모필리아라이프",식품의약품안전처는 유리 피판 수술 또는 사지의 미세혈관·림프관 미세수술에 사용하는 자동화 시스템 로봇수술기를 신개발의료기기로 30일 허가했다고 밝혔다.해당 제품은.,local,3,허가,0
2026-01-30,Product Approval,2026-01-30 16:38,Naver News,http://www.bizwnews.com/news/articleView.html?idxno=123509,"바이오노트, 고성능 혈액 분석기 ‘Vcheck H6’ 출시",바이오노트(대표 조병기)는 백혈구 6종 감별·망상 적혈구 정밀 분석이 가능한 고성능 혈액 분석기 ‘Vcheck H6’를 출시하고 글로벌 동물 진단 시장 공략을 확대한다고 30일 밝혔다.바이오노트에 따르면 이번에 선보인 ‘Vcheck H6’는 5가지 백혈구 감별 분석을 넘어 미성숙 과립구까지 포함한 6종 감별(6-Diff)이 가능한 것이 가장 큰 특징이다.특히 다각도 레이저 산란 분석(Multi-Angle Laser) 기술을 적용해 세포 구성 정보를 고해상도로 제공하며 백혈구 아형과 망상적혈구를 더욱 정밀하게 구분해낸다고.,local,3,신제품,0
2026-01-30,Product Approval,2026-01-30 16:12,Naver News,https://www.hankyung.com/article/2026013040546,"멀미나는 코스피, 최고치 찍고 강보합 후퇴…코스닥 1%대 급락","멀미나는 코스피, 최고치 찍고 강보합 후퇴…코스닥 1%대 급락, 장중 5320선 돌파…사상 최고치 경신 외인·기관 동반 '팔자'에 상승분 반납 SK하이닉스 장중 '93만닉스' 첫 달성 증권株 웃고, 바이오·2차전지株 울고.",local,3,허가,0
2026-01-30,Product Approval,2026-01-30 16:20,Naver News,http://www.biotimes.co.kr/news/articleView.html?idxno=26816,"앱클론, 관리종목 지정 해제 요건 충족…“2026년 글로벌 바이오 도약 원년”",앱클론은 2025년도 잠정 실적 공시를 통해 연간 매출 30억 원을 초과 달성하며 관리종목 지정 해제 요건을 충족했다고 밝혔다. 이는 코스닥 상장 규정상 관리종목 지정 사유인 ‘매출액 30억 원 미달’을 해소한 것이다.회사 측은 주주서신을 통해 그동안 우려됐던 법인세비용차감전계속사업손실(법차손) 문제 역시 선제적인 재무 구조 개선과 자본 확충을 통해 규정상 문제가 없도록 준비를 마쳤다고 설명했다. 이에 따라 재무적 불확실성을 해소하고 본격적인 성장 국면에 진입할 수 있는 기반을 마련했다는 평가다.앱클론은 관리종목 지.,local,3,허가,0
2026-01-30,Product Approval,2026-01-30 16:30,Naver News,https://mdtoday.co.kr/news/view/1065584520979654,"HLB, 간암 신약 FDA 심사 ‘Class 2’ 분류에 주가 뚝↓",HLB의 간암 신약 ‘리보세라닙’ 병용요법이 미국 식품의약국(FDA)으로부터 중위험군인 Class 2 심사 대상으로 지정되면서 주가가 11% 이상 급락했다. 30일 오후 12시 43분 기준 코스닥 시장에서 HLB는 전 거래일 대비 9700 ...,local,3,허가,0
2026-01-30,Product Approval,2026-01-30 16:44,Naver News,https://www.newsworks.co.kr/news/articleView.html?idxno=829376,"광동제약, '비타500 세계관' 이온음료 확대…3강 체제 균열 생길까",광동제약이 이온음료 시장에 도전장을 던졌다. 자사 대표 브랜드인 '비타500'을 이온음료로 확대 적용하며 보폭을 넓힌 것이다. 그동안 3강 구도(동아오츠카·코카콜라음료·롯데칠성음료)가 견고한 국내 이온음료 시장이 광동제약의 참전에 균열이 일어날지 주목을 받고 있다.30일 광동제약에 따르면 이온음료 '비타500 이온킥 제로'가 이달부터 편의점을 비롯해 광동제약 온라인 공식몰 '광동상회' 등 주요 온·오프라인 채널에 순차 입점돼 판매된다.,local,3,출시,0
2026-01-30,Product Approval,2026-01-30 16:46,Naver News,https://www.hitnews.co.kr/news/articleView.html?idxno=73418,"코아팜바이오, 특허기술 적용 치매약 '도네팩토' 2월 출시","코아팜바이오는 도네페질 성분의 미세과립 산제 제형 치매 치료제 '도네팩토(Donefecto)' 5㎎과 10㎎ 2개 용량을 다음달 2일 발매한다고 30일 밝혔다.회사에 따르면 '도네팩토'는 특허 기술 '오디프스'(ODiFS)를 적용해 복약 순응도를 극대화했다. 연하 능력(삼키는 능력)이 저하된 환자와 다약제 복용 비중이 높은 고령층 복약 환경을 고려해 설계된 환자 맞춤형 제형이라는 설명이다.회사는 도네팩토의 핵심 경쟁력으로 오디프스 공법을 꼽으며 ""약물의 안정성을 유지하면서도 입자를 미세하게 제어해 물과 함께 복용 시 입안에서 신속하.",local,3,출시,0
2026-01-30,Product Approval,2026-01-30 16:50,Naver News,http://www.dailypop.kr/news/articleView.html?idxno=96027,"[뉴스줌인] ""금융치료보다 자진납세""…넥슨, '메이플 키우기' 전액 환불 승부수","넥슨이 모바일 게임 '메이플스토리 키우기'의 확률 오류 논란에 대해 이례적으로 '전액 환불'이라는 초강수를 던졌다. 과거 법적 공방으로 맞섰을 사안에 기업이 먼저 손을 내민 것은, 달라진 소비자들의 목소리와 이재명 정부의 강경한 기조가 만들어낸 새로운 풍경이다.업계에 따르면 사용자의 100%가 환불을 요청할 경우 최대 1500억원에 달하는 금액이 환급액으로 추정된다.코드 한 줄이 만든 '불가능한 확률'…이용자가 잡아내이번 사태는 이용자들의 적극적인 데이터 검증에서 시작됐다.",local,3,출시,0
2026-01-30,Product Approval,2026-01-30 17:00,Naver News,http://www.thevaluenews.co.kr/news/view.php?idx=196495,"셀트리온, 앱토즈마 유럽 주요국 출시 완료…대규모 입찰 수주로 직판 경쟁력 확인","셀트리온(대표이사 기우성 김형기 서진석)이 자가면역질환 치료제 ‘앱토즈마’(성분명: 토실리주맙)의 유럽 주요국 출시를 마무리하며, 출시 초기부터 대규모 입찰 수주 성과를 통해 직판 경쟁력을 입증하고 있다.엡토즈마. [사진=셀트리온]셀트리온은 독일, 프랑스, 스페인 등 유럽 핵심 시장에 토실리주맙 성분의 앱토즈마를 출시하고, 국가별 시장 구조에 맞춘 영업·마케팅 전략을 통해 빠르게 입지를 확대하고 있다.",local,3,출시,0
2026-01-30,Product Approval,2026-01-30 15:44,Naver News,https://biz.chosun.com/industry/business_info/2026/01/30/6WC7JXGSFFF3XAIC5JETG5DGEI/?utm_source=naver&utm_medium=original&utm_campaign=biz,"?바이오에프티, 설립 2년 만에 매출 300억원 돌파","“고객사·임직원과 함께 만든 성과” K-뷰티 원료 개발과 제형 개발을 함께 수행하는 바이오에프티(BIOFT)가... 지난 한 해 동안 바이오에프티는 독자적인 원료 및 제형 개발에 꾸준히 힘써왔다. Hyalsome®뿐만 아니라, 폭넓은... ",local,3,제형,0
2026-01-30,Product Approval,2026-01-30 16:04,Naver News,http://www.doctorstimes.com/news/articleView.html?idxno=236600,[의료기기업계 소식] 1월 30일,"시지바이오, 큐렉소와 척추 수술 로봇 ‘큐비스-스파인’ 국내 독점 총판계약 체결시지바이오(대표 유현승)는 의료로봇 전문기업 큐렉소(대표 이재준)의 척추 수술 로봇 ‘큐비스-스파인(CUVIS-spine)’에 대해 국내 독점 총판 계약을 체결했다고 30일 밝혔다. 이날 양사 대표이사를 비롯한 주요 관계자들이 참석해 계약 체결 기념식을 진행하고, 향후 사업 협력 방향을 공유했다.이번 계약을 통해 시지바이오는 큐비스-스파인의 국내 영업과 마케팅을 전담하게 된다. 큐비스-스파인은 척추경 나사 삽입 수술 시 수술 계획에 따라 로봇 팔을 정.",local,3,용량,0
2026-01-30,Product Approval,2026-01-30 16:10,Naver News,http://www.newsmp.com/news/articleView.html?idxno=251390,"동아에스티 그로트로핀, ‘디지털 펜타입’ 안전성ㆍ편의성 강화",동아에스티가 성장호르몬제 그로트로핀에 디지털 펜타입 디바이스를 적용하며 환아와 보호자의 사용 안전성과 편의성을 강화한 제품을 출시했다.성장호르몬제는 장기간 투약이 이뤄지는 치료 특성상 효능ㆍ효과뿐 아니라 투약 과정의 안전성과 편의성이 치료 순응도에 영향을 미친다.특히 소아 환자가 주요 대상인 만큼 환아와 보호자가 부담 없이 사용할 수 있는 환경을 조성하는 것이 중요하다.동아에스티는 이러한 점을 고려해 디지털 방식의 성장호르몬제 디바이스 ‘그로트로핀-Ⅱ Pen’을 새롭게 선보였다.그로트로핀-Ⅱ Pen은 전자식 구동 방식에.,local,3,제형,0
2026-01-30,Product Approval,2026-01-30 16:06,Naver News,http://www.biotimes.co.kr/news/articleView.html?idxno=26813,"세포바이오, 대퇴골두골괴사 세포치료제 ‘CF-M801’ 임상 2상 첫 환자 투여","㈜세포바이오는 동종 탯줄유래 골모세포 치료제 ‘CF-M801’이 대퇴골두골괴사(ONFH) 환자를 대상으로 한 임상 2상에서 첫 환자 투여(First Patient In, FPI)를 시작하며 임상에 착수했다고 밝혔다. 이번 임상시험은 식품의약품안전처(MFDS)로부터 임상시험계획(IND) 승인을 받아 진행되고 있다.CF-M801은 세포바이오의 하이드로겔 기반 3차원 분화 플랫폼 기술을 적용해 제조된 세포치료제로, 골재생과 혈관신생을 동시에 유도하는 이중기능을 특징으로 한다. 또한 동결 보관 후 즉시 투여가 가능한 오프더.",local,3,제형,0
2026-01-30,Product Approval,2026-01-30 16:56,Naver News,https://www.econovill.com/news/articleView.html?idxno=727819,"기보, 바이오 벤처 4개사 'IP-Value 강소기업' 선정","기술보증기금은 이노보테라퓨틱스, 큐로젠, 킴셀앤진, 프로엔테라퓨틱스 등 바이오 벤처기업 4개사를 'IP-Value 강소기업'으로 선정하고, 각 기업이 보유한 신약 후보물질에 대한 가치평가 결과를 반영해 각 기업당 10억원 규모의 '우수 IP 가치플러스 보증'을 지원했다고 30일 밝혔다.가치플러스 보증은 기보 중앙기술평가원이 대학, 공공연구기관, 협약기관 등과 협력해 고부가가치 첨단기술 기반의 지식재산(IP)을 발굴하고, 기술가치평가를 바탕으로 산출된 가치금액 내에서 사업화 자금을 지원하는 맞춤형 보증상품이다. 기보는 고난도 기술가치.",local,3,신약,0
2026-01-30,Product Approval,2026-01-30 16:18,Naver News,https://www.aitimes.kr/news/articleView.html?idxno=38405,"오라클, 생성형 AI 기반 ‘생명과학 AI 데이터 플랫폼’ 공개","오라클(Oracle)이 생성형 인공지능(AI)과 에이전트형 인텔리전스를 결합한 생명과학 특화 데이터 플랫폼을 선보이며, 의학 연구와 제약·바이오 산업 전반의 혁신 가속에 나섰다.오라클은 29일(현지시간) 제약, 의료기기, 연구 및 생명과학 분야 기업을 대상으로 한 ‘오라클 생명과학 AI 데이터 플랫폼(Oracle Life Sciences AI Data Platform)’을 공식 발표했다. 이 플랫폼은 연구개발(R&D), 임상시험, 시판 후 안전성 관리, 상업화에 이르는 전 과정을 AI 기반으로 통합·고도화하는 것이 핵심이다.새 플랫.",local,3,적응증,0
2026-01-30,Product Approval,2026-01-30 12:40,Naver News,https://www.kpanews.co.kr/news/articleView.html?idxno=528490,"급여 적용 앞둔 오젬픽, 상급종병 처방 리스트 진입 - 약사공론",세마글루타이드 성분의 GLP-1 유사체 제2형 당뇨병 치료제 오젬픽이 급여 적용을 앞두고 상급종합병원 원외처방 리스트에 공식적으로 이름을 올리고 있다.,local,3,적응증,1
2026-01-30,Product Approval,2026-01-30 15:16,Naver News,https://www.goodkyung.com/news/articleView.html?idxno=281881,"삼성바이오에피스, '파마USA' 기조 연설…인지도·네트워킹 강화 - 굿모닝경제",삼성바이오에피스의 미국 법인 고위 임원이 오는 3월 현지에서 개최되는 대형 제약 이벤트에 기조 연설자로 나선다. 북미 시장 내 삼성바이오에피스 브랜드 인지도 제고.,local,3,적응증,0
2026-01-30,Reimbursement,2026-01-30 9:20,Naver News,https://www.news1.kr/bio/pharmaceutical-bio/6056329,복제약 약가 인하에 산·학·의 반발 확산…노동계 가세,"연간 3.6조 피해 전망…""수만 명 제약산업 노동자 고용 우려"" 정부의 약가제도 개편안을 둘러싼 반발이 제약 산업계를 넘어 의료계·학계에 이어 노동계까지 확산하고 있다.30일 업계에 따르면 한국노동조합총연맹(한국노총)은 29일 ….",local,3,약가,1
2026-01-30,Reimbursement,2026-01-30 15:00,Naver News,https://www.news1.kr/bio/pharmaceutical-bio/6056888,美서 '바이오시밀러' 규제 철폐 압박…K-바이오 반사이익 기대감,"환자단체·대형보험사 30여곳 '상호교환성' 폐지 촉구 K-바이오, 임상 비용 절감 가능성…반사이익 기대감↑ 미국 환자 단체와 보험 업계가 바이오시밀러 활성화를 위해 '상호교환성' 규제 철폐를 의회에 촉구했다. 이들은 현행 제도가 비효율적이라면서 규제 완화를 통해 환자들 ….",local,3,약가,0
2026-01-30,Reimbursement,2026-01-30 14:56,Naver News,https://www.mediapen.com/news/view/1078457,"약가 낮추는 미국, 웃는 한국…“바이오시밀러 대전 본격화”",바이오시밀러시장이 폭발적인 성장 궤도에 오르면서 국내 대표 기업인 셀트리온과 삼성바이오에피스가 글로벌 패권 경쟁에 속도를 내고 있다. 미국 FDA(식품의약국.,local,3,약가,0
2026-01-30,Reimbursement,2026-01-30 10:00,Naver News,https://www.ktv.go.kr/content/view?content_id=747131,2026년 식품의약품안전처 업무계획은?,"김용민 앵커> 식품의약품안전처는 신약 허가심사 기간의 획기적인 단축부터 필수 의약품의 공공생산 확대와 국산화 지원까지, 국민의 건강과 산업의 활력을 모두 잡겠다는 2026년 청사진을 발표했는데요. 자세한 내용, 김용재 식품의약품안전처 차장과 이야기 나눠보겠습니다. 김용민 앵커> 지난 한 해 식약처는 국민 안전을 위해 쉼 없이 달려왔습니다. 2025년 가장 기억에 남는 성과와 아쉬움이 남는 과제는 무엇인가요?",local,3,약가,0
2026-01-30,Reimbursement,2026-01-30 6:18,Naver News,https://www.kpanews.co.kr/news/articleView.html?idxno=528401,"동일성분 대체조제 사후통보, 2월부터 달라진다 - 약사공론",약사공론은 2026년 1월 첫 호 신년특집 를 통해 동일성분 대체조제가 제도적 선언을 넘어 약국 현장의 일상적 조제 행위로 전환되는 분기점에 진입했음을 조명했다.,local,3,보험등재,1
2026-01-30,Product Approval,2026-01-30 15:15,Naver News,https://health.chosun.com/site/data/html_dir/2026/01/30/2026013002804.html,꿈 기억나면 얕은 잠? “완벽한 숙면보다 리듬이 중요”,"현대인 30%는 불면증에 시달리고 있다. 특히 암 환자는 암에 걸렸다는 사실 때문에 잠을 못 자는 경우가 많다. 그러나 수면이 부족하면 암 치료에 부정적인 영향을 미칠 수도 있어서 의식적으로라도 수면 관리를 할 필요가 있다. 현대인에게 불면증은 매우 흔한 증상이다. 실제로 일반 성인의 약 20%, 65세 이상에서는 3명 중 1명이 불면을 겪는다. 특히 나이가 들수록 수면을 돕는 호르몬인 멜라토닌 분비량이 크게 감소해 자연스럽게 수면이 줄고 얕아지게 된다.",local,3,용량,0
2026-01-30,Product Approval,2026-01-30 15:42,Naver News,http://www.medisobizanews.com/news/articleView.html?idxno=134072,"펜타닐시트르산염제제, 용법·용량과 사용상의 주의 신설","암 환자의 돌발성 통증제제인 '펜타닐시트르산염 단일설하제제'에 대한 허가사항이 변경된다. 식약처는 '펜타닐시트르산염 단일설하정'에 대한 안전성·유효성 심사 등을 근거로 '나르코설하정100마이크로그램(펜타닐시트르산염)' 등 3품목의 허가사항 중 용법·용량, 사용상의주의사항을 통일조정한다. 의견조회는 오는 2월11일까지이다. 변경내용을 보면 용량용법에 '치료기간 및 목표'가 신설된다.",local,3,용량,0
2026-01-30,Product Approval,2026-01-30 15:58,Naver News,http://www.osen.co.kr/article/G1112736908,"'불륜설 부인' MC몽, 이번엔 졸피뎀 대리처방 의혹..""녹취 조작"" 반박[Oh!쎈 이슈]",가수 겸 프로듀서 MC몽이 불륜설에 이어 졸피뎀 대리처방 의혹에 휩싸였다. 30일 이데일리는 MC몽이 매니저 명의로 처방받은 향정신성의약품 '졸피뎀을 복용해온 정황이...,local,3,용량,0
2026-01-30,Therapeutic Areas,2026-01-28 4:33,Naver News,https://www.donga.com/news/Health/article/all/20260127/133239090/2,"남성 불임 환자 절반에서 ‘정계정맥류’ 질환… 확장된 정맥 선택적 차단, 혈류 역류 막아야",결혼을 앞둔 30대 중반 김 모 씨는 수년 전부터 좌측 음낭에 가벼운 불편감을 느껴왔지만 통증이 크지 않아 대수롭지 않게 넘겼다. 그러나 최근 운동 후 음낭의 묵직함이 반복되자 병원을 찾았고 검사 결과 정계정맥류 진단을 받았다. 음낭 도플러 초음파 검사에서 좌측 고환….,local,3,불임,0
2026-01-30,Therapeutic Areas,2026-01-30 16:20,Naver News,https://www.xportsnews.com/article/2106618,"임라라, 쌍둥이 출산 후 출혈→중환자실 行…두 달만 외출 ""절개 자리 덜 아물어"" (홈즈)[종합]","코미디언 임라라, 손민수 부부가 쌍둥이 남매를 육아 중인 근황을 공개했다. 29일 방송된 MBC '구해줘! 홈즈'에는?결혼 4년 차 엔조이 커플 손민수와 임라라가 출연해 신혼부부들이 겪는 현실적인 고민을 전했다.특히 두 사람은 쌍둥이 육아 중이라 아기 용품으로 가득 찬 거실을 비롯해 생후 3개월 된 쌍둥이 남매를 공개해 눈길을 끌었다. (function(d,a,b,l,e,r) {if(d[b]&&d[b].q)return;d[b]=function(){(d[b].q=d.",local,3,난임,0
2026-01-30,Therapeutic Areas,2026-01-30 15:10,Naver News,https://www.cnbnews.com/news/article.html?no=776157,"[CNB뉴스 위클리픽-제약] 한국콜마, 선케어 기술 빼낸 인터코스코리아에 승소 外","한국콜마, 선케어 기술 빼낸 인터코스코리아에 승소한국콜마가 이탈리아 화장품 ODM 기업 인터코스의 한국법인 인터코스코리아와의 자외선 차단제 핵심 기술 유출과 관련 법적 분쟁에서 최종 승소한 데 이어, 최근 ..",local,3,난임,0
2026-01-30,Therapeutic Areas,2026-01-30 13:28,Naver News,https://www.akomnews.com/bbs/board.php?bo_table=news&wr_id=66118,"AI·뇌파 접목 한의진단 혁신…경북, QEEG 임상 적용 본격 확대 - 한의신문","경북한의사회, 대한뇌파한의학회 초빙 뇌파계 특강 개최한의진료에 AI 뇌파 분석 도입 가속…“객관화·신뢰도 제고 기대”.",local,3,난임,0
2026-01-30,Therapeutic Areas,2026-01-30 15:46,Naver News,https://www.digitaltoday.co.kr/news/articleView.html?idxno=625518,"임현진 상무이사, 큐리언트 주식 5000주 매수","항암제·항생제 신약 개발 기업 큐리언트(115180)의 임현진 상무이사가 주식매수선택권을 행사해 5000주를 매수했다. 이번 주식 매수로 임현진 상무이사의 보유 주식 수는 12만8319주로 증가했으며, 지분율은 0.34%를 유지했다.1월 30일 공시에 따르면, 임현진 상무이사는 2026년 1월 29일 보통주 5000주를 주당 1만3601원에 취득했다. 이번 주식매수선택권 행사는 주식 수 증가의 주요 원인으로 작용했다.종목시세정보에 따르면, 2026년 1월 30일 15시 30분 한국거래소 기준 큐리언트의.",local,3,항암제,0
2026-01-30,Therapeutic Areas,2026-01-30 16:20,Naver News,https://sports.hankooki.com/news/articleView.html?idxno=6923639,"'암 환자 유튜버' 유병장수girl, 향년 28세로 별세…추모 댓글 1만 개 폭주","암 투병 과정을 기록하며 희망을 전해온 20대 유튜버 '유병장수girl'의 사망 소식이 전해지자, 온라인 공간에는 고인을 기리는 추모 메시지가 쏟아지고 있다.지난 28일 고인의 남자친구는 유병장수girl의 공식 유튜브 채널 커뮤니티를 통해 ""장수걸이 오랜 투병 끝에 하늘의 별이 됐다""고 전하며 사망 소식을 알렸다. 그는 ""기약 없는 투병 생활 속에서 무언가 해보자는 마음으로 시작한 유튜브가 이렇게 많은 사랑을 받을 줄 몰랐다""며 ""여러분의 따뜻한 관심은 장수걸에게 정말 큰 힘이 됐다""고 감사의 뜻을 전했다.",local,3,항암제,0
2026-01-30,Therapeutic Areas,2026-01-30 16:50,Naver News,http://www.thevaluenews.co.kr/news/view.php?idx=196546,"지씨셀, ‘이뮨셀엘씨주’ 간암 장기 임상서 재발·암특이 ""사망 위험 감소 확인""",더밸류뉴스]지씨셀은 면역세포치료제 ‘이뮨셀엘씨주’의 간세포암 환자 대상 장기 임상 연구 결과가 국제 학술지에 게재됐다고 30일 밝혔다.,local,3,항암제,0
2026-01-30,Therapeutic Areas,2026-01-30 15:22,Naver News,https://www.pinpointnews.co.kr/news/articleView.html?idxno=423764,"축산도 과학이다… 팜스코, '5단계 수익 프로그램'으로 농가 수익 극대화","아프리카 돼지열병(ASF) 테마가 일부 지역의 추가 발생 보고와 정부의 방역 등급 격상 소식에 반응하며 혼조세 속에서도 일부 종목을 중심으로 강한 반등을 시도하고 있다.가축 전염병 확산 시 육류 공급 부족에 따른 돈가 상승 수혜가 예상되는 양돈·사료 기업들과 방역 시스템을 구축하는 동물용 의약품 업체들에 투자자들의 관심이 집중됐다.13일 한국거래소에 따르면 이날 오후 3시13분 현재 팜스코는 사료 생산부터 양돈, 신선육 판매까지 수직 계열화를 이룬 팜스코는 공급망 불안에 따른 반사 이익 기대감에 4.20% 상승한 2975원에 거래중.",local,3,항암제,0
2026-01-30,Supply Issues,2026-01-30 8:36,Naver News,http://www.doctorstimes.com/news/articleView.html?idxno=236581,"서울시醫-한지아 의원, 환자안전 위해 ‘수급 불안정 의약품’ 해법 찾는다","서울특별시의사회(회장 황규석)가 성분명 처방과 수급 불안정 의약품으로 인한 의료현장의 혼란 방지, 환자 안전 수호를 위해 의료계 최초로 문제 해결을 위한 토론회를 열어 다양한 목소리를 경청했다. 특히, 이번 토론회에서는 고질적으로 방치돼 왔던 제약계의 낮은 보상성과 높은 의존도도 함께 지적됐다.이날 행사에는 △황규석 서울시의사회장 △한미애 서울시의사회 대의원회 의장 △임현선 서울시의사회 부회장(좌장) △한동우 서울시의사회 대의원회 부의장 △한지아 의원(국민의힘, 국회 보건복지위원회) △김충기 대한의사협회 정책이사 △최경섭·신재원 서.",local,3,품절,0
2026-01-30,Supply Issues,2026-01-30 13:56,Naver News,http://www.whosaeng.com/167739,"≪후생신보≫ 식약처, 2025년도 정부업무평가 우수기관 선정","식품의약품안전처(처장 오유경)는 47개 중앙행정기관을 대상으로 국무조정실이 주관한 ‘2025년도 정부업무평가’ 결과, 역점정책, 규제합.",local,3,공급중단,0
2026-01-30,Therapeutic Areas,2026-01-30 14:52,Naver News,https://www.dailymedi.com/news/news_view.php?wr_id=933485,"?진주제일병원, 의료기관 인증 모의고사 통과","진주제일병원(병원장 정의철)이 4월 의료기관평가인증을 앞두고 마지막 모의평가를 통해 전반적인 사항을 점검했다.모의평가는 정의철 병원장, 옥광윤 기획원장을 비롯해 각 부서장이 참석한 가운데 인증기준에 따라 진료, 안전, 시설, 시스템 전반을 꼼꼼하게 확인했다.병원은 의료 질 향상, 환자안전, 감염관리 등 주요 현황 점검은 물론 화재 시 행동요령, CPR 행동요령, 낙상사고 예방 등 직원들 숙지 여부를 평가했다. 아울러 수술실 환경 개선, 항암제 조제실 등 한 단계 진화한 진료환경을 구축을 통해 보다 안전하고 믿을 수 있는 병….",local,3,항암제,0
2026-01-30,Supply Issues,2026-01-30 6:02,Naver News,https://www.dailypharm.com/user/news/335083?REFERER=NP,"[데일리팜]""1%에 갇힌 대체조제"", 약사 참여 없는 간소화는 '공염불'","대체조제 사후통보 절차 간소화 정착 여부에 따라 지역 약국의 ‘조제 선택권 확대’라는 새로운 화두를 던질 것으로 보인다. 약사들의 참여 여부에 따라 이번 제도 개선이 약사에게는 약 선택에 있어 자율성을 부여할 기회가 될 수 있다는 점에서다. 약국 유형 별 이해관계, 저가약 대체조제 장려금 제도와의 연계, 성분명 처방으로의 전환 가능성 등 복합적 요소가 얽혀 있는 상황에서 제….",local,3,품절,0
