date,category,published_date,site_name,url,title,summary,region,score_ag,keywords,reward,rl_score
2026-02-06,Distribution,2026-02-06 09:04:00,Naver News,http://www.bosa.co.kr/news/articleView.html?idxno=2269483,지오영 조선혜 회장이 저격한 의약품 온라인몰 영업 형태는?,"한국의약품유통협회 정기총회 석상에서 대한민국 약업대상 유통 부분을 수상한 지오영 조선혜 회장이 저격한 의약품 온라인몰들은 어떤 영업 형태를 전개하고 있을까?한국의약품유통협회가 주목한 주요 온라인몰은 HMP몰, 더샵, 유팜몰, 바로팜, 약올려 등이다. 이중 3곳은 제약사의 자사 온라인몰로, 1곳은 도매허가를 받아 전국 약국에 약품을 공급하고 있다.매출액도 HMP몰은 1조 1000억원, 더샵은 651억원, 바로팜은 455억원, 약올려는 400억원이며 유팜몰은 수수료만 매출액으로 산정해 17억 8000만원.",local,6,지오영,,
2026-02-06,Distribution,2026-02-02 06:02:00,Naver News,https://www.dailypharm.com/user/news/335346?REFERER=NP,[데일리팜]선배들의 '커리어 설계' 꿀팁…새내기 약사 500명 열공,"새내기 약사들에게 급변하는 보건의약 환경 속에서 약사 직능의 현재와 미래, 그리고 첫 커리어를 설계하는 실질적 로드맵을 제시하는 자리가 마련됐다. 혁신 신약의 등장, 일반의약품 시장 변화, 인플루언서 영향력 확대, AI 기술 확산 등으로 약사 직능을 둘러싼 환경이 빠르게 재편되는 가운데 전통적 약국 역할을 넘어 확장된 전문성과 생존 전략을 고민해야 한다는 메시지가 공유됐….",local,6,바로팜,,
2026-02-06,Distribution,2026-02-06 15:36:00,Naver News,https://www.ddaily.co.kr/page/view/2026020615225620993,"""작년 거래액 77% 껑충""…네이버, N배송 핵심 사업으로 '총공세'","네이버가 올해 'N배송'을 커머스 사업의 핵심 전략으로 삼고 배송 경쟁력 강화를 위해 적극적으로 투자에 나선다. 최수연 대표는 6일 2025년 4분기 및 연간 실적발표 컨퍼런스 콜에서 배송 경쟁력 강화를 네이버 커머스 전략의 최우선 과제로 제시하며 ""N배송 커버리지를 3년 내 50% 이상으로 확대하겠다""고 말했다. 파트너십, 인프라, 운영 전반 등 근본적인 경쟁력 강화를 통해 네이버 쇼핑에서의 배송이 더 이상 '제약'이 아닌 '선택의 이유'가 되는 구조를 만들겠다는 구상이다.",local,6,파트너십,,
2026-02-06,Distribution,2026-02-06 06:04:00,Naver News,https://www.kpanews.co.kr/news/articleView.html?idxno=528958,"제약사 자사몰 확산에 유통업계 ""못 살겠네"" 대응 예고 - 약사공론",제약사 자사 온라인몰 확산을 둘러싼 의약품 유통업계의 문제 제기가 본격화되고 있다. 한국의약품유통협회는 제약사 기반 온라인몰이 빠르게 늘어나면서 약사법상 허용 범.,local,6,지오영,,
2026-02-06,Distribution,2026-02-05 10:56:00,Naver News,https://www.klnews.co.kr/news/articleView.html?idxno=319913,"LX판토스, 서울대어린이병원에 취약계층 아동 지원금 2천만 원 전달","종합물류기업 LX판토스가 서울대학교어린이병원 후원 10주년을 맞아 기념 행사를 열고, 취약계층 환아 지원을 위해 2천만 원을 기부했다고 5일 밝혔다.LX판토스는 2016년부터 서울대어린이병원 후원을 시작해 올해로 11년째 후원 활동을 이어오고 있다. 지금까지 누적 후원금액은 약 1억 8천만 원에 달한다. 전달된 후원금은 만 18세 이하 어린이·청소년 취약계층 환자들의 입원비, 외래비, 보장구 구입비, 약품비 등을 지원하는 데 사용됐다.서울대어린이병원 후원 외에도 LX판토스는 보육시설 아동을 위한 청약통장 지원, 임직원 체험학습 동행.",local,6,LX판토스,,
2026-02-06,Distribution,2026-02-05 17:23:00,Naver News,https://www.mk.co.kr/article/11954509,LX판토스·서울대어린이병원 '10년째 동행' - 매일경제,종합물류기업 LX판토스가 서울대학교어린이병원과 10년 넘게 '따뜻한 동행'을 이어가고 있다. 5일 LX판토스는 서울대어린이병원 후원 10년을 기념하는 행사를 열고 취약계층 환아 지원을 위해 기부금 2000만원을 전달했다고 밝혔다. 2016년 후원을 시작한 이후 올해로 11년째로 지금까지 누적 후원금은 약 1억8000만원에 이른다. 기부금은 만 18세 이하 ..,local,6,LX판토스,,
2026-02-06,Distribution,2026-02-06 14:36:00,Naver News,https://www.ksg.co.kr/news/main_newsView.jsp?pNum=146531,"LX판토스, 서울대어린이병원 후원...","개인정보취급방침 상호명 : (주)코리아쉬핑가제트 / 사업자등록번호 : 102-81-04524 / 대표자 : 이우근 등록번호 : 서울 아01875 / 등록일자 : 2011년 12월 02일 / 제호 : KOREA SHIPPING GAZETTE 편집인 : 이경희 / 청소년보호책임자 : 송숙현 / 발행인 : 이우근 / 발행일 : 1971년 6월 1일 본사주소 : 서울시 종로구 자하문로2길 13-3 KSG빌딩 / TEL : 02-3703-6300~4 FAX : 02-3703-6390~1 E-mail : 부산지부 주소 : 부산시 동구 중앙대로 180번길 13, 909호 / TEL : 051-469-7866~7 FAX : 051-469-7868.",local,6,LX판토스,,
2026-02-06,Distribution,2026-02-05 20:08:00,Naver News,https://www.kukinews.com/article/view/kuk202602050311,"'20년 묵은 규제 푼다'… 관세청, 첨단·유망산업 수출 전방위 지원","반도체, 바이오 등 첨단산업의 초격차 기술 확보를 지원하기 위해 기업 연구소에 대한 규제를 대폭 완화한다. 이에 따라 연구개발(R&D)에 필요한 외.",local,6,DHL,,
2026-02-06,Distribution,2026-02-03 14:10:00,Naver News,https://dealsite.co.kr/articles/156236,"[제약+] 한미약품 ""비만치료 삼중작용제 美 2상 첫 환자 투약"" 外 - 딜사이트","한미약품이 비만치료 삼중작용제(HM15275) 2상 임상시험에서 첫 환자 투약을 완료했다고 3일 밝혔다. 이는 지난해 9월 미국 식품의약국(FDA)으로부터 2상 시험계획서(IND)를 승인받은 지 3개월 만이다. 이번 2상에서는 36주간 장기 투여 시 비만, 고도비만 환자의 체중을 줄이고 제지방을 개선하는 차별화된 효능을 집중적으로 검증한다.",local,6,용마,,
2026-02-06,Distribution,2026-02-03 18:04:00,Naver News,https://www.nspna.com/news/?mode=view&newsid=800961,[제약·바이오업계동향]SK바이오사이언스 매출 6514억원·현대ADM바이오 면역항암제 임상 개시-NSP통신,제약·바이오업계에서 실적 성장과 신약 임상 진행 소식이 잇따랐다. SK바이오사이언스는 2025년 연간 매출 6514억원을 기록하며 전년 대비 두 배 이상 외형이 확대됐고 현대ADM바이오는 말기 유방암·폐암 환자 대상 면역항암제 병용 임상 1상을 개시했다.,local,6,용마,,
2026-02-06,Distribution,2026-02-03 19:12:00,Naver News,http://www.newsmp.com/news/articleView.html?idxno=251452,"삼진제약 위시헬씨, ‘2026년 행운 가득 설 선물 대전’ 프로모션 진행 外","◇삼진제약 위시헬씨, ‘2026년 행운 가득 설 선물 대전’ 프로모션 진행삼진제약 토탈 헬스케어 브랜드 ‘위시헬씨’는 다가오는 설 명절을 맞아 고객 감사의 마음을 담은 ‘2026년 설 선물 대전’ 프로모션을 진행한다고 밝혔다. 이번 프로모션은 ‘행운 가득! 풍성한 혜택’을 주제로 기획했으며, 가족과 지인들에게 건강을 선물하고자 하는 소비자들을 위해 합리적인 가격대와 다채로운 구성의 선물세트를 선보일 예정이라는 것이 사측의 설명이다.‘위시헬씨’는 이번 행사 기간 중 ‘선착순 알림 받기 이벤트’에 참여하는 고객에게 인기 제품을 9900.",local,6,용마,,
2026-02-06,Distribution,2026-02-03 21:14:00,Naver News,http://www.biztribune.co.kr/news/articleView.html?idxno=348354,[브리프]대웅 셀트리온 SK바이오사이언스 SK케미칼 카카오헬스케어 外,만성질환 관리 플랫폼 ‘웰체크’로 경영 돌파구 찾다최근 의료 환경의 변화와 환자 감소로 고민하는 1인 개원의들에게 ‘일차의료 만성질환관리 시범사업(이하 일만사)’이 병원 경영 정상화와 환자 신뢰 회복의 핵심 열쇠로 주목받고 있다. 특히 환자가 앱에 기록한 혈압·혈당 데이터를 의료진이 실시간으로 확인하고 맞춤형 피드백을 제공하는 만성질환 관리 플랫폼 ‘웰체크(Wellcheck)’는 1인 개원의들의 든든한 파트너가 되고 있다. 간호조무사 2명과 함께 서울가정의학과의원을 운영 중인 김소연 원장은 웰체크를 활용해 소규모 의원만의 강점인.,local,6,용마,,
2026-02-06,Distribution,2026-02-06 12:27:00,Naver News,https://www.news1.kr/diplomacy/defense-diplomacy/6064644,"안중근의사숭모회, 안중근 의사 순국 116주기 기념 전국 순회공연","보훈부 후원으로 진행…광주·서울·대구에서 공연 예정 창작발레 공연인 '안중근, 천국에서의 춤'이 안중근 의사 순국 116주기를 맞아 전국에서 순회공연을 개최한다.이번 공연은 안중근의사숭모회·안중근의사기념관이 주최하 ….",local,6,CJ,,
2026-02-06,Distribution,2026-02-02 11:32:00,Naver News,https://www.ngetnews.com/news/articleView.html?idxno=546944,"마운자로 일부 용량, 연초 수급지수 '불안'","일라이 릴리의 비만 치료제 마운자로가 새해 들어 수급 불안정을 겪은 것으로 나타났다.2일 의약품 데이터 분석 플랫폼 BRP인사이트에 따르면 마운자로프리필드펜주2.5mg/0.5mL는 지난달 1주차, 2주차, 4주차 수급지수가 '불안' 수준이었다.4주차 집계에서는 입고 신청이 1163회.",local,6,바로팜,,
2026-02-06,Distribution,2026-02-03 06:14:00,Naver News,https://www.munhwa.com/article/11565603?ref=naver,연초 다이어트 열풍에…새해 첫달부터 ‘품귀 현상’ 빚은 의약품은?,"일라이 릴리의 비만치료제 마운자로가 새해 첫 달부터 품귀 현상을 보였다. 1일 의약품 데이터 분석 플랫폼 BRP인사이트에 따르면 마운자로프리필드펜주2.5mg/0.5mL는 1월 1주 차, 2주 차, 4주 차 기준 수급 지수 ‘불안’이었다. 특히 4주 차에는 입고 신청이.",local,6,바로팜,,
2026-02-06,Distribution,2026-02-02 15:48:00,Naver News,https://www.pinpointnews.co.kr/news/articleView.html?idxno=424714,"건강관리 테마 -9.35% 패닉... ""갈 놈만 간다"" 프롬바이오 팜스빌 비엘팜텍 '방긋'",건강관리및서비스 업종이 예상치 못한 급제동에 걸렸다.2일 해당 업종 지수는 전일 대비 9.35% 급락하며 하락의 늪에 빠졌다. 지난달 비만치료제와 신약 기대감으로 단기 급등했던 종목들을 중심으로 '투자경고'라는 규제의 칼날과 기관의 차익 실현 물량이 쏟아지며 시장의 온도가 급속히 식어버린 결과다.이 같은 패닉 셀링 속에서도 비엘팜텍은 나홀로 독보적인 광포 행보를 보이고 있다.한국거래소에 따르면 이날 비엘팜텍은 시가총액 수십조 원 규모의 글로벌 빅파마들과 '분자접착제' 기반 신약 후보물질에 대한 조 단위 기술수출 협상을 진행 중이라는.,local,6,블루엠텍,,
2026-02-06,Distribution,2026-02-03 09:14:00,Naver News,https://www.pinpointnews.co.kr/news/articleView.html?idxno=424959,초고령사회 진입에 ‘건기식’ 불뿜었다… 코스맥스엔비티 6%대 훨훨,"인구 5명 중 1명이 고령층인 초고령사회에 안착하면서, 증시에서는 건강관리업체및서비스 업종이 강력한 주도주로 부상했다.소비자들의 관심이 사후 치료에서 사전 예방으로 급격히 이동하며 관련 기업들의 실적 개선 기대감이 반영됐다. 정부의 맞춤형 건강기능식품 제도 정착과 소비 심리 회복이 맞물리며 업종 지수를 끌어올렸다.3일 한국거래소에 따르면 이날 오전 9시10분 현재 전통의 건기식 제조 강자 코스맥스엔비티는 전일 대비 6.67% 오른 3520원을 기록하며 업종 내 가장 가파른 상승 곡선을 그리고 있다.고객사들의 신제품 출시 확대와 글로.",local,6,블루엠텍,,
2026-02-06,Distribution,2026-02-05 10:46:00,Naver News,https://www.pinpointnews.co.kr/news/articleView.html?idxno=425971,"케어랩스, 헬스·뷰티 플랫폼 쌍끌이… 영업 비결은 시너지",건강관리업체및서비스 관련 테마주들이 5일 차세대 신약 기술 수출 기대감과 맞춤형 건강기능식품 시장 확대에 힘입어 전반적으로 견조한 흐름을 보이고 있다.업종 지수는 전일 대비 0.07% 상승하며 거래 중이다. 최근 글로벌 제약사와의 기술 협력 논의가 가시화된 특정 종목을 중심으로 폭발적인 매수세가 유입되고 있다.5일 한국거래소에 따르면 비엘팜텍은 이날 오전 10시 37분 현재 전일보다 29.90% 폭등하며 상한가인 6060원에 거래중이다.글로벌 빅파마와의 '분자접착제' 기반 신약 후보물질 기술 수출 협상 소식과 자궁경부암 자가채취 키.,local,6,블루엠텍,,
2026-02-06,Distribution,2026-02-05 08:13:00,Naver News,http://www.edaily.co.kr/news/newspath.asp?newsid=02643686645347568,이의일 엑셀세라퓨틱스 대표 “대만 매출 두자릿수 이상 성장...화학조성배지로 패러다임 전환”,“대만은 엑셀세라퓨틱스의 핵심 지역으로 글로벌 사업 진출 지역 중 가장 빠르게 성과를 내고 있다. 현지 세포유전자치료제(CGT) 시장이 상업화 단계로 접어들면서 안전성이 보장된 화학조성배지 사용에 필수적인 환경이 조성되고 있다. 대만에서만 두 자릿수 이상의 매출 성장...,local,6,DKSH,,
2026-02-06,Distribution,2026-02-05 18:04:00,Naver News,http://www.biotimes.co.kr/news/articleView.html?idxno=26954,"[특징주] 엑셀세라퓨틱스, 글로벌 공급망 구축 확장에 상한가","2월 5일 코스닥시장에서 세포 유전자 치료제(CGT) 전용 화학조성 배지(CDM) 전문 기업 엑셀세라퓨틱스(373110)가 가격제한폭까지 상승하며 거래를 마쳤다.엑셀세라퓨틱스는 직전 거래일보다 29.98%(441원) 급등한 1,912원에 장을 마감했다.오늘 회사의 상한가 기록은 별도의 공시나 단기 이벤트는 없었지만, 아시아 주요 시장에서의 사업 진전이 투자심리를 자극한 것으로 풀이된다.엑셀세라퓨틱스는 동물 유래 성분을 배제한 화학조성 배지를 중심으로 세포치료제 및 바이오의약품 제조 공정의 안정성과 재현성을 확보하는.",local,6,DKSH,,
2026-02-06,Distribution,2026-02-04 16:40:00,Naver News,http://www.bosa.co.kr/news/articleView.html?idxno=2269339,의약품유통업계 생존권 방어를 위한 창이 되겠다,"정부 약가 개편 제도 영향으로 제약사들이 유통 마진을 인하하는 악조건속에서 의약품유통협회 박호영 회장이 회장 권익을 위해 창이 되겠다고 밝혔다한국의약품유통협회(회장 박호영)는 4일 엠배서더 서울 폴만 그랜드볼룸에서 제 64회 정기총회를 개최하고 정부 약가인하 정책에 따른 경쟁력 강화방안, 제약사 영업정책 대응을 강화하기로 했다.박호영 회장은 ""잦은 품절 사태 속에서, 원활한 공급을 위해 동분서주하면서도, 정작 현장에서는 수급 불안의 화살을 우리 유통업계가 맞고 있는, 억울한 현실 또한 바로 잡아야한다.",local,6,지오영,,
2026-02-06,Distribution,2026-02-04 17:34:00,Naver News,https://www.medipana.com/news/articleView.html?idxno=406414,"의약품유통協, '제64회 정기총회'서 약가인하 생존전략 모색 - 메디파나뉴스","한국의약품유통협회가 앰배서더 서울 풀만 그랜드볼룸에서 '제64회 정기총회'를 개최하고, 최근 변화된 약사법을 비롯해 약가 제도 개.",local,6,지오영,,
2026-02-06,Distribution,2026-02-06 06:00:00,Naver News,https://www.yakup.com/news/index.html?mode=view&cat=12&nid=322937,"[약업신문]온라인몰 난립·저마진 구조 직격…조선혜 회장, 유통 위기 경고","의약품 유통업계가 온라인몰 확산과 저마진 구조, 약가 인하 압박이 동시에 겹친 현 상황을 산업 전반의 구조적 위기로 인식하고, 질서 회복과 공동 대응 필요성을 공식화했다.특히 대한민국 약업대상을 수상한 ...",local,6,지오영,,
2026-02-06,Distribution,2026-02-03 06:02:00,Naver News,https://www.dailypharm.com/user/news/335370?REFERER=NP,"[데일리팜][기자의 눈] 새내기들에 던져 진 화두, AI와 약사","인공지능(AI)이 일상 깊숙이 파고들면서 약사 직능의 미래를 둘러싼 논쟁도 한층 거세지고 있다. 지난 주말 진행된 데일리팜·바로팜·휴베이스 공동주최 새내기 약사 대상 세미나에서도 강연자들이 제기한 공통 핵심 의제 중에는 AI가 약사 직능에 미칠 영향이 포함돼 있었다. 강연자들은 새내기 약사, 미래의 약사인 약대생들에게 AI가 약사 개인, 나아가 직능에 미칠 여파를 화두로 던지….",local,6,바로팜,,
2026-02-06,Client,2026-02-06 06:02:00,Naver News,https://www.dailypharm.com/user/news/335513?REFERER=NP,[데일리팜]㉑새 기전의 만성 자발성 두드러기 치료제 '레미브루티닙',"랩시도(RhapsidoⓇ, 성분명: 레미브루티닙, remibrutinib, 노바티스)는 브루톤 티로신 키나제(Bruton’s tyrosine kinase, BTK) 억제제로서는 최초로 작년 9월 미국 FDA로부터 'H1 항히스타민제 치료에 반응하지 않는 성인 만성 자발성 두드러기(chronic spontaneous urticaria, CSU) 환자의 치료' 적응증으로 승인됐다. 만성 자발성 두드러기(CSU)는 환자의 삶의 질에 심각한 영향을 미치….",local,5,노바티스,,
2026-02-06,Client,2026-02-05 12:30:00,Naver News,https://www.kpanews.co.kr/news/articleView.html?idxno=528919,"노바티스, 초기 파이프라인 대수술…6개 중단·2종 신규 암 후보로 ‘스왑’ - 약사공론","노바티스(Novartis)가 초기 임상 단계 파이프라인을 대폭 재편하며 6개 프로그램을 중단하고, 이를 대신할 신규 암 후보 2건을 편입했다. 노바티스는 2월 4.",local,5,노바티스,,
2026-02-06,Client,2026-02-05 19:14:00,Naver News,https://news.mtn.co.kr/news-detail/2026020519111650035,[급등수사본부] 올해 매출·영업이익 +17%·+792% 전망 '신성이엔지' vs 23년 노바티스에 심방세동 치료제 물질 이전 '종근당',"진행 - 김예솔 앵커▶ 출연 - 아이린 MTNW 어드바이저 정종택 MTNW 어드바이저▶▶▶ 유망주 공개수배▶ 아이린 추천주 - 신성이엔지(011930) - 中, 4월부터 태양광 셀·모듈 수출 부가세 환급 폐지- 머스크, 우주에서 태양광 발전으로 DS 운영- 삼성전자·SK하이닉스 중심 매출 인식 - 올해 매출·영업이익 +17%·+792% 전망 - 목표가 2,400원 손절가 1,400원▶ 정종택 추천주 - 종근당(185750)- 23년 노바티스에 심방세동 치료제 물질 이전- CKD510 물질, 글로벌 임상 2상.",local,5,노바티스,,
2026-02-06,Client,2026-02-06 13:52:00,Naver News,https://www.pharmnews.com/news/articleView.html?idxno=301362,"월 49달러’ 비만약의 도발… 노보노디스크와 전면전, FDA는 ‘경고장’ - 팜뉴스",월 49달러짜리 비만치료제가 등장했다. 원격 의료 플랫폼 기업 힘스앤허스.,local,5,릴리,,
2026-02-06,Client,2026-02-06 08:13:00,Naver News,http://www.edaily.co.kr/news/newspath.asp?newsid=02722406645347896,"셀비온·큐라클, 임상 성과에 사업화 기대 점화[바이오맥짚기]",KG제로인 엠피...,local,5,노바티스,,
2026-02-06,Client,2026-02-06 09:18:00,Naver News,https://news.dealsitetv.com/articles/165180,[뉴욕 브리핑] AI 투자 폭탄에 美증시 급락…월가 공포지수 폭등,15% 급락한 43.34달러로 마감했다. 경구용 비만치료제 출시를 앞둔 일라이릴리도 7.79% 떨어졌다. - 엔비디아는 빅테크의 AI 투자 확대에 따른 수혜 기대에도 불구하고 1.32% 하락한 171.88달러로 마감했다.,local,5,릴리,,
2026-02-06,Client,2026-02-06 13:04:00,Naver News,https://www.naeil.com/news/read/577303?ref=naver,미국 위고비 복제약 판매 예고에 주가 출렁,"미국에서 비만치료제 위고비 알약과 동일한 성분으로 조제된 복제약이 훨씬 낮은 가격에 출시될 예정이다. 관련해서 노보 노디스크(덴마크)와 일라이 릴리(미국) 주가 하락했다. 미국의 원격 의료서비스 기업 힘스앤드허스는 5일(현지시간) 위고비 알약과 동일한 활성성분(세마글루타이드)의 복합 조제 제품을 출시한다고 밝혔다. 가격은 첫달 월 49달러(약 7만1000원), 이후 5개월 선불 결제 시 월 99달러(약 14만5000원) 수준이다.",local,5,릴리,,
2026-02-06,Client,2026-02-05 15:07:00,Naver News,https://www.bloter.net/news/articleView.html?idxno=653695,"사노피 ABL301 우선순위 조정…ABL, 그랩바디-B 가치 영향 無",사노피가 파킨슨병 치료제 ABL301의 우선순위를 조정한 지 하루 만에 에이비엘바이오 주가가 급락했다. 시장에서는 이를 파이프라인 중단 신호로 받아들여 과잉반응이 나타났지만 증권가와 업계는 알파시누클레인 타깃 치료제 특유의 임상 설계 난도가 반영된 전략적 조정으로 해석하는 분위기다.,local,5,로슈,,
2026-02-06,Client,2026-02-06 08:22:00,Naver News,http://www.wowtv.co.kr/NewsCenter/News/Read?articleId=A202602060154&t=NN,알파벳 어닝 서프라이즈에도 ‘지출 쇼크’… 엇갈린 빅테크 희비 [美증...,노보노디스크 경구용 치료제 시장에 예상치 못한 경쟁자가 등장했습니다. 비만치료제 위고비 알약과 동일한 성분으로 만든 제품이 원제품보다 훨씬 낮은 가격에 출시될 전망인데요. 그 경쟁자는 원격 의료 기업... ,local,5,노보노디스크,,
2026-02-06,Client,2026-02-06 09:01:00,Naver News,https://www.sedaily.com/article/20005738?ref=naver,"‘어닝 서프라이즈’ 한미약품, 올해는 비만신약 효과도","‘어닝 서프라이즈’를 기록한 한미약품(128940)이 올해 신약 효과까지 누릴 것이라는 전망이 나왔다. 김민정 DS투자증권 연구원은 “한미약품은 지난해 4분기 연결 기준 매출액 약 4330억 원(전년 동기 대비 +23.1%), 영업이익 약 833억 원(전년 동기 대비.",local,5,머크,,
2026-02-06,Client,2026-02-05 16:09:00,Naver News,https://www.hankyung.com/article/202602056155i,"일라이릴리, 시총 1조달러 탈환…""마운자로·젭바운드 고속성장""",글로벌 제약사 일라이릴리 주가가 4일(현지 시각) 실적 발표 후 10% 넘게 상승했다. 비만치료제 및 당뇨치료제 매출이 크게 늘면서 회사의 시가총액도 1조 달러를 다시 달성했다. 일라이릴리는 이날 실적 발표에서 작년 4분기 매출이 192억9000만달러로 전년 동기와 비교 43% 늘어났다고 발표했단. 이는 월가 애널리스트 예상치인 179억6000만달러를 훌쩍 뛰어넘는 성적이다.,local,5,노보노디스크,,
2026-02-06,Client,2026-02-05 12:36:00,Naver News,https://biz.newdaily.co.kr/site/data/html/2026/02/05/2026020500199.html,빅파마 실적 성패 가른 비만약 파워 … 릴리 '질주'·노보 '흔들',글로벌 제약업계에서 비만치료제가 기업의 실적과 시장 평가를 가르는 핵심 변수로 떠오르고 있다. GLP-1 계열 비만치료제를 앞세운 일라이 릴리와 노보 노디스크의 지난해 실적은 이러한 변화를 극명하게 보여준다.릴리는 비만치료제 판매 확대에 힘입어 사상 최대 실적을 기록한 반면 노보 노디스크는 성장 둔화와 수익성 압박에 직면하며 흔들리는 모습이다. 5일 업계에 따르 일라이 릴리는 2025년 연간 매출 651억7900만달러(약 95조...,local,5,노보노디스크,,
2026-02-06,Client,2026-02-05 11:50:00,Naver News,https://news.einfomax.co.kr/news/articleView.html?idxno=4397450,"희비갈린 '라이벌'…일라이릴리, 노보노디스크 제치고 독주체제 굳히나","글로벌 비만 치료제 시장을 양분해 온 일라이 릴리(NYS:LLY)와 노보 노디스크(NYS:NVO)의 올해 실적 전망이 극명하게 엇갈렸다.일라이 릴리가 시장 예상을 뛰어넘는 '장밋빛' 가이던스를 제시하며 독주 체제를 예고한 반면 원조 강자 노보 노디스크는 역성장을 경고하며 주춤하는 모습이다.4일(미국 현지시간) CNBC에 따르면, 일라이 릴리는 이날 실적 발표를 통해 2026년 연간 매출 전망치를 800억~830억 달러(약 116조~121조 원)로 제시했다.이는 월가 예상치인 776억2천만 달러를 크게 상회하는 것이다.올해 매출 전.",local,5,노보노디스크,,
2026-02-06,Client,2026-02-06 08:10:00,Naver News,https://www.etoday.co.kr/news/view/2553785,"상상인증권 “한미약품, 머크향 수출·북경한미 성수기…목표가 상향”","한미약품그룹 본사 전경 (사진제공=한미약품)상상인증권은 한미약품에 대해 2025년 4분기 실적이 추정치를 웃돈 데다, 2026년에도 신약 파이프라인과.",local,5,머크,,
2026-02-06,Client,2026-02-06 07:10:00,Naver News,https://medicalworldnews.co.kr/news/view.php?idx=1510972871,"[1~2월 제약사 이모저모]동아제약, 삼성에피스홀딩스, 삼익제약, 지씨셀...","◆한국머크 헬스케어, 고날-에프 펜주 숏니들 타입 적용 한국머크 헬스케어(대표 크리스토프 하만)는 난임 치료제 고날-에프 펜주의 바늘을 8mm 숏니들 타입으로 개선했다. 고날-에프는 1995년 출시된 최초의 유전자... ",local,5,머크,,
2026-02-06,Client,2026-02-06 06:04:00,Naver News,http://www.docdocdoc.co.kr/news/articleView.html?idxno=3036222,"""2600개 쌓인 신약 파이프라인, 검증할 자본이 없다""","한국이 제약바이오 5대 강국으로 도약하기 위해서는 대규모 연구개발(R&D) 투자 확대와 투자모델 다변화, 규제 개선, 글로벌 진출 전략이 동시에 추진돼야 한다는 제언이 나왔다.지난 5일 성균관대에서 열린 '2026 한국바이오경제학회 동계 학술대회'에서 성균관대 약학대학 이상원 교수는 ‘제약바이오 강국을 위한 성과 창출 공식: 전략과 정책 제언’을 주제로 발표하며 산업 경쟁력 확보를 위한 구조적 전환 필요성을 강조했다.이 교수는 한국 바이오산업이 이미 상당한 기술자산을 축적했지만 이를 실제 제품 성공으로 연결하는 정책과 투자 설계가.",local,5,머크,,
2026-02-06,Client,2026-02-06 05:08:00,Naver News,https://www.hitnews.co.kr/news/articleView.html?idxno=73637,"한국유씨비·머크, 새 리더십 장착…""중장기 경쟁력 확보 총력""","한국유씨비제약과 한국머크 라이프사이언스가 나란히 수장을 교체하며 대대적인 전열 재정비에 나섰다. 각각 '40대 젊은 리더'와 '타 산업 출신 전략가'를 신임 대표로 내세우면서 급변하는 바이오·제약 시장에서 유연한 대처와 중장기 경쟁력 확보라는 두 마리 토끼를 잡겠다는 계획으로 풀이된다. 5일 관련 업계에 따르면 한국유씨비제약은 지난해 11월 에드워드 리 신임 대표이사를, 한국머크는 지난달 프로세스 솔루션 사업부에 김영임 대표를 선임했다.",local,5,머크,,
2026-02-06,Client,2026-02-05 17:23:00,Naver News,https://www.dt.co.kr/article/12045177?ref=naver,실험실 속 딥테크 키워 ‘대박 성공신화’ …1.4조 기술이전에 코스닥 상장까지,실험실 속 기술이 정부의 딥테크 창업탐색 프로그램 지원을 거쳐 대박 성공신화를 써가고 있다. 과학기술정보통신부는 지난 2018년부터 신약개발 단계별 지원을 받은 에임드바이오가 해외 제약사와 대규모 기술이전에 이어 코스닥 상장까지 글로벌 딥테크 기업으로 성장하고 있다고.,local,5,베링거인겔하임,,
2026-02-06,Client,2026-02-05 15:26:00,Naver News,http://www.shinailbo.co.kr/news/articleView.html?idxno=2188441,에임드바이오 1조4000억 기술수출…공공연구 성과확산 대표사례,"과학기술정보통신부는 2018년도부터 정부의 신약개발 단계별 체계적인 지원을 통해 성장한 에임드바이오가 코스닥 시장에 안착하며 공공연구성과 확산의 핵심 성공 사례로 자리매김했다고 5일 밝혔다.항암 신약 개발 과정에서 기존 화학 항암제나 단일 항체치료제는 정상세포까지 손상시키는 부작용, 표적 선택성의 한계, 약효 지속성 부족 등으로 치료 효과와 안전성 간의 균형을 확보하는 데 어려움이 있었다.항체-약물 접합체(ADC)는 암세포에 선택적으로 결합하는 항체와 강력한 세포독성 약물을 결합한 차세대 항암기술이다. 표적 치료 효능은 높이고 안전.",local,5,베링거인겔하임,,
2026-02-06,Client,2026-02-06 13:36:00,Naver News,http://www.press9.kr/news/articleView.html?idxno=72083,"화이자, 넥틴4 ADC 파드셉에 '올인' 선언...리가켐바이오·삼성바이오에피스 후발 경쟁 본격화","화이자가 넥틴4(Nectin-4) 타깃 항체약물접합체(ADC) 파드셉(엔포투맙 베도틴)에 자원을 집중하겠다는 전략을 공식화했다. 리가켐바이오와 삼성바이오에피스 등 동일 타깃 ADC를 개발하는 국내 바이오기업들은 빅파마가 확립한 시장에 진입함으로써 리스크를 줄일 수 있을 것으로 보인다.화이자는 앞서 2025년 4분기 실적발표에서 HER2 타깃 ADC인 디시타맙 베도틴(DV)의 방광암 적응증을 우선순위에서 제외했다고 밝히면서, 그 배경으로 파드셉의 긍정적 임상 결과와 적응증 확장, 장기 매출 전망 상향을 직접 거론했다.",local,5,적응증,,
2026-02-06,Client,2026-02-05 15:37:00,Naver News,https://www.chosun.com/economy/science/2026/02/05/KRS3HQNKIFEFNHC4WH26IPF4HA/?utm_source=naver&utm_medium=referral&utm_campaign=naver-news,美·유럽 특허 만료에 점유율 높이기 나선 ‘K바이오시밀러’…올해는 신약도 “도전”,오크레부스(로슈·다발성 경화증 치료제) 등 바이오시밀러 7종을 개발하고 있다. 2030년까지 바이오시밀러 20종을 확보하겠다는 목표다. 셀트리온도 현재 노바티스·로슈 알레르기 치료제인 ‘졸레어’ 등의... ,local,5,로슈,,
2026-02-06,Client,2026-02-06 12:39:00,Naver News,http://www.yonhapnewstv.co.kr/MYH20260206123904wfb,'3분의 1 가격' 먹는 위고비 복제품…안전성은?,비만치료제 시장을 둘러싼 글로벌 경쟁이 치열합니다.위고비 알약과 동일한 성분의 복제약이 3분의 1 가격에 출시될 예정인데요.위고비 제조사의 주가는 폭락했습니다.신주원 PD입.,local,5,암젠,,
2026-02-06,Client,2026-02-06 13:30:00,Naver News,https://www.medicopharma.co.kr/news/articleView.html?idxno=67035,"일라이릴리, GLP-1 중심 파이프라인 재정비…임상 3건 중단","일라이릴리(이하 릴리)가 치매 관련 유전자치료제 등 임상 3건을 공식 중단하며 파이프라인 재정비에 나섰다. GLP-1 계열 치료제를 중심 축으로 자사 포트폴리오 재편에 나선 행보로 풀이된다.6일 바이오스페이스에 따르면, 릴리는 최근 파이프라인 업데이트에서.",local,5,적응증,,
2026-02-06,Client,2026-02-06 14:10:00,Naver News,https://www.greened.kr/news/articleView.html?idxno=336690,"화이자, '트럼프Rx' 통해 약값 최대 85% 인하… ""30여 종 의약품 공급""","미국 제약사 화이자(Pfizer)가 트럼프 행정부의 약가 인하 플랫폼인 'TrumpRx'를 통해 자사 의약품 가격을 대폭 낮춘다. 이는 미 정부가 추진 중인 '최혜국(MFN) 약가 정책'에 발맞춘 것으로, 수백만 명의 미국 환자들이 혜택을 볼 것으로 전망된다.화이자는 5일(현지시간) 공식 성명을 통해 ""오늘부터 TrumpRx 프로그램에 참여해 수백만 명의 미국인에게 혁신 의약품을 더 저렴하고 접근하기 쉽게 제공한다""고 밝혔다. 이번 조치에 따라 여성 건강, 편두통, 관절염, 희귀질환 등 30여 개 이.",local,5,약가,,
2026-02-06,Client,2026-02-06 07:53:00,Naver News,https://www.bloter.net/news/articleView.html?idxno=653738,김정근 오스코텍 창업주 별세…K바이오 신약개발 이정표 세운 발자취,김정근 오스코텍 창업주가 향년 66세로 별세했다. 한국 바이오텍 산업 초창기 멤버로서 비소세포폐암 치료제 후보물질 레이저티닙의 개발을 이끌며 국내 신약개발의 가능성을 현실로 이끈 인물로 평가받는다. 연구자 출신 창업가로서 그의 선택과 판단은 오스코텍의 성장궤도 전반에 깊게 남아 있다.,local,5,사노피,,
2026-02-06,Client,2026-02-06 07:02:00,Naver News,https://www.koreahealthlog.com/news/articleView.html?idxno=55781,"“빨대로 숨 쉬는 고통 끝낸다”...듀피젠트, 제2형 염증성 천식에 급여",“중증 천식 환자들이 느끼는 호흡 곤란은 마치 얇은 빨대 하나에 의지해 숨을 쉬는 것과 같다. 기도가 붓고 점액이 차오르는 이 고통스러운 순환을 끊는 것이 이번 급여 등재의 핵심이다.”건국대병원 호흡기-알레르기내과 문지용 교수는 5일 사노피 한국법인이 듀피젠트(두필루맙)의 중증 제2형 염증성 천식 치료 건강보험 급여 적용을 기념하는 기자간담회에 참석해 국내 중증 천식 치료의 미충족 수요와 듀피젠트가 가져올 임상적 변화에 대해 설명했다.문 교수에 따르면 천식은 기도의 만성 염증으로 인해 기관지가 수축하고 점액이 분비되는 질환이다.,local,5,사노피,,
2026-02-06,Client,2026-02-06 10:04:00,Naver News,http://www.bosa.co.kr/news/articleView.html?idxno=2269495,"한미약품, 매출 1조 5475억원·영업이익 2578억원","한미약품이 지난해 창사 이래 역대 최대 실적인 매출 1조5475억원, 영업이익 2578억원을 달성했다. 특히 경영권 분쟁이 마무리된 이후 전문경영인 체제로 조속한 경영 안정화를 통해 2023년, 2024년에 이어 최고 실적을 연속 경신했다.2025년 실적은 국내 최대 규모 신약 라이선스 계약 성과를 냈던 2015년 당시의 매출과 영업이익을 상회하는 신기록이다.한미약품이 5일 공시한 자료에 따르면, 한미약품은 작년 연결기준 매출 1조 5475억원과 영업이익 2578억원, 순이익 1881억원을 달성했다.",local,5,MSD,,
2026-02-06,Client,2026-02-06 11:02:00,Naver News,https://www.thebell.co.kr/free/content/ArticleView.asp?key=202602051630457160106696,"[더벨]최대 실적 한미약품그룹, 투톱 전문경영인 체제 '안착'","파트너사 MSD의 에피노페그듀타이드 등 임상 시료 공급이 확대됐고 호중구감소증 신약 롤베돈의 로열티 효과가 반영되면서 수익성이 개선됐다. ◇지주사 중심 체질 개선 추진, MSD 임상 시료 공급 효과... ",local,5,MSD,,
2026-02-06,Client,2026-02-06 12:16:00,Naver News,https://www.medicaltimes.com/Main/News/NewsView.html?ID=1167208&ref=naverpc,[메디칼타임즈] 늘어난 항암제 병용요법 제약사 셈법도 복잡해진다,"항암제 병용요법들의 급여 도전이 늘어나면서 이를 둘러싼 제약사들의 셈법도 복잡해지는 모양새다.병용요법에 활용되는 치료제를 보유한 기업이 상이하면서 나타나는 현상으로 풀이된다.왼쪽부터 한국MSD 항PD-1 면역항암제 키트루다, 아스텔라스 항체-약물 접합체 파드셉 제품사진.6일 제약업계에 따르면, 최근 다국적 제약사들이 항암제 병용요법 식약처 허가를 발판 삼아 건강보험심사평가원에 급여를 신청하는 사례가 늘어나고 있다.현재 급여가 논의 중인 대표적인 항암제 병용요법을 꼽는다면, 요로상피암 1차 치료에서 표준요법으로 부상 중인 파드셉(엔포투맙베도틴), 키트루다(펨브롤리주맙, MSD) 병용요법이다.파드셉의 경우 이전 치료에 실패한 전이성 요로상피암 환자 대상으로 도입된 ADC 항암제로 국내에 출시돼 처방되고 있다. 여기에 2024년 7월 키트루다와의 병용요법으로 1차 치료까지 적응증을 확대, 전이성 요로상피암 1~3차 모두에서 허가된 ADC 항암제가 됐다.다만, 급여 논의 과정은 순탄치 않았다.급여 첫 관문으로 여겨지는 건강보험심사평가원 암질환심의위원회에 도전했지만 번번이 실패를 맛봤기 때문이다. 몇 번에 도전 끝에 지난해 10월에서야 암질심을 통과한 바 있다.이에 따라 급여를 신청한 한국아스텔라스는 약제급여평가위원회 상정 전 경제성 평가 과정을 거치고 있다.",local,5,MSD,,
2026-02-06,Client,2026-02-04 20:44:00,Naver News,https://www.ksmnews.co.kr/news/view.php?idx=589040,"서울시醫, 제57회 ‘사랑의 금십자상’ 후보자 공모",서울시의사회(회장 황규석)는 ㈜한독과 함께 의료계에 대한 국민들의 이해를 높이고 신뢰를 조성하는 등 대한민국 의료계와 의학 발전에 기여한 언론인을 대상으로 ‘제57회 사랑의 금십자상’ 수상 후보자를 공모한다고 3일..,local,5,한독,,
2026-02-06,Client,2026-02-05 11:12:00,Naver News,https://www.pinpointnews.co.kr/news/articleView.html?idxno=425987,"탈모부터 'CAR-NK'까지… JW신약, 차세대 항암 시장 정조준",국내 증시에서 제약 테마주들이 5일 글로벌 금리 인상 장기화 우려와 대형 바이오주들을 중심으로 한 차익 실현 매물이 쏟아지며 하락세를 나타낸다.제약 업종 지수는 전일 대비 0.69% 하락하며 거래 중이다. 최근 급등했던 고밸류에이션 종목들을 중심으로 기관과 외국인의 동반 매도세가 이어지며 지수 하단을 압박하는 양상이다.종목별로는 극명한 온도 차가 느껴진다. 가장 뜨거운 종목은 현대약품이다.,local,5,한독,,
2026-02-06,Client,2026-02-05 12:10:00,Naver News,https://www.hitnews.co.kr/news/articleView.html?idxno=73594,'뷰티'를 약국 안으로 끌고 들어온 '진짜 여드름·흉터 치료제들',"히트뉴스와 비저너리 데이터 공동 기획 Hello OTC 15% 빅데이터 분석회사 비저너리데이터(대표 이홍기)와 함께 전국 패널 약국 330곳의 데이터를 분석, OTC 명가들이 어떤 전략으로 약국과 소비자의 마음을 훔쳤는지 조명한다.(23) 진짜 여드름·흉터 치료제는 약국에 있다…OTC 명가 창조한 '뷰티' 열풍 흉터 치료 시장, 동아제약 노스카나겔 1위 ""시장 판도 바꿨다"" 2024년 1월부터 12월말까지 패널 약국의 경영실적을 분석한 결과 흉터 치료제 시장에서 동아제약 '노스카나겔'이 OTC 인덱스 510으로 제일 높은 매출을 올.",local,5,한독,,
2026-02-06,Client,2026-02-06 06:06:00,Naver News,https://www.medipana.com/news/articleView.html?idxno=406514,"한독 관계사 레졸루트, '3상 단계 신약' 가치는 여전히 유효 - 메디파나뉴스","한독 관계사 레졸루트의 '에르소데투그(Ersodetug)' 글로벌 3상 임상이 새 국면을 맞았지만, 파이프라인 가치는 여전히 유효.",local,5,한독,,
2026-02-06,Client,2026-02-05 12:02:00,Naver News,https://www.dailian.co.kr/news/view/1606909/?sc=Naver,"실험실에서 피어난 K-바이오…에임드바이오, 1.4조 기술수출 쾌거","과학기술정보통신부는 정부의 신약개발 단계별 체계적인 지원을 통해 성장한 ‘에임드바이오’가 코스닥 시장에 안착하며 공공연구성과 확산의 핵심 성공 사례로 자리매김했다고 5일 밝혔다.항암 신약 개발 과정에서 기존 화학 항암제나 단일 항체치료제는 정상세포까지 손상시키는 부작용, 표적 선택성의 한계, 약효 지속성 부족 등으로 치료 효과와 안전성 간의 균형을 확보하는.",local,5,베링거인겔하임,,
2026-02-06,Client,2026-02-05 23:46:00,Naver News,https://www.meconomynews.com/news/articleView.html?idxno=127350,"라로슈포제, 암 환우 피부 불편감 인식 개선 위해 나선다","로레알그룹의 더마코스메틱 브랜드 라로슈포제(La Roche-Posay)가 2월 5일 ‘세계 암의 날’을 맞아 한국혈액암협회(KBDCA)에 기부금을 전달하고, 암 환자 인식 개선 및 지원을 위한 협약을 체결했다고 5일 밝혔다.발표에 따르면 라로슈포제와 한국혈액암협회는 이번 협약을 통해 암 환자와 가족을 위한 교육 프로그램 운영은 물론, 실질적인 지원 활동을 통해 암 환자의 삶의 질 개선을 위해 노력할 예정이다.더불어, 라로슈포제는 ‘다시, 나를 돌보는 시간’이라는 건강 강좌를 진행한다. 해당 강좌에서는 암 치료 중 발생할 수 있는 피.",local,5,로슈,,
2026-02-06,Client,2026-02-06 14:46:00,Naver News,https://www.news1.kr/world/usa-canada/6064831,"트럼프, 처방약 할인 웹사이트 공개…위고비 190→30만원 '뚝'","'트럼프Rx' 출범…""중간선거 앞 생활비 절감 정책 부각"" 도널드 트럼프 미국 대통령은 5일(현지시간) 주요 제약사들과의 협상을 통해 가격을 낮춘 처방 의약품을 판매하는 웹사이트 '트럼프Rx'의 출범을 알렸다.로이터·AF ….",local,5,약가,,
2026-02-06,Client,2026-02-06 08:36:00,Naver News,http://www.choicenews.co.kr/news/articleView.html?idxno=160682,"뉴욕증시 다우지수 '뚝'..제약주 '선방', SW·빅테크·은행주 '급락'","5일(미국시간) 뉴욕증권거래소에 따르면 이날 뉴욕증시에서 우량주 중심의 다우존스 지수는 4만8908.72로 592.58포인트(1.20%)나 하락했다. 이 지수는 이날 장중 내내 내림세를 보이다가 정규장 거래를 마감했다. 이날엔 기술주 매도세가 이어진 가운데 빅테크주, 소프트웨어(SW)주 낙폭이 두드러졌다. 그리고 은행주들의 낙폭도 컸다. 제약주들은 상승하며 선방했다.이날 주요 종목 중 트래블러스 컴퍼니스(+1.72%) 코카콜라(+1.50%) 시스코 시스템즈(+1.48%) P&G(+1.11%) 쓰리엠(+0.",local,5,암젠,,
2026-02-06,Client,2026-02-06 08:02:00,Naver News,https://www.mt.co.kr/stock/2026/02/06/2026020607584117979,"""셀트리온, 신규 바이오시밀러 매출 본격화…목표가↑""-유안타 - 머니투데이","유안타증권은 셀트리온의 바이오시밀러 5종 매출이 올해부터 본격화될 것으로 전망하며 목표주가를 25만원에서 27만원으로 상향 조정했습니다. 셀트리온의 지난해 4분기 연결 영업이익은 전년 동기 대비 141.9% 증가한 4752억원, 매출은 25.1% 늘어난 1조3302억원을 기록했으며, 신규 바이오시밀러 매출은 44.4% 증가한 5528억원을 달성했습니다.",local,5,암젠,,
2026-02-06,Client,2026-02-06 06:06:00,Naver News,https://www.kpanews.co.kr/news/articleView.html?idxno=528947,FDA vs 암젠 '타브니오스' 자진 회수 두고 공방 치열 - 약사공론,"미국 식품의약국(FDA)이 희귀질환 치료제 ‘타브니오스(Tavneos)’에 대해 자진 시장 철수를 요청했지만, 암젠(Amgen)은 제품을 유지하겠다는 입장을 공식.",local,5,암젠,,
2026-02-06,Client,2026-02-06 13:28:00,Naver News,https://www.widedaily.com/news/articleView.html?idxno=288404,"美, '위고비 성분' 비만약 조제판매 예고…법적분쟁 조짐",미국에서 먹는 비만치료제 '위고비' 알약과 동일한 성분으로 조제된 제품이 출시될 수 있단 소식에 시장이 시끌시끌하다.힘스앤드허스(Hims and Hers)는 5일(현지 시간) 체중 감량을 위한 '조제 세마글루티드 알약'을 출시한다고 밝혔다.이 조제약의 요.,local,5,용량,,
2026-02-06,Client,2026-02-06 14:29:00,Naver News,https://kormedi.com/?p=2787723,복용 편하거나 효력 막강… 美 FDA 허가 앞둔 비만약 삼총사 - 코메디닷컴,지난해 12월 세계보건기구(WHO)의 성인 비만 치료제 사용 권고 이후 가뜩이나 뜨거운 비만치료제 시장이 2026년에는 더욱 가열될 전망이다. 올해 시장에 새로 선보일 비만치료 신약의 효능이 속속 드러나고 있기 때문이다.,local,5,용량,,
2026-02-06,Client,2026-02-05 21:28:00,Naver News,http://www.wikileaks-kr.org/news/articleView.html?idxno=182877,"‘이가탄 명인제약’ 공동 사장체제 전환, 뭐가 달라지나","새해 국내 제약·바이오 기업들이 경영 체제를 대대적으로 정비하고 있다. 오너 중심에서 벗어나 연구개발(R&D) 전문성과 글로벌 경쟁력을 강화하기 위한 전문경영인 체제 전환이 잇따르고 있다. 신약 개발 장기화와 글로벌 파트너십 확대가 지배구조 변화로 이어지고 있다는 분석이다.5일 업계에 따르면 명인제약은 창업주 이행명 회장 체제에서 이관순 전 한미약품 부회장과 차봉권 영업 총괄관리 사장의 공동대표 체제로 전환한다.다음 달 26일 정기주주총회에서 두 인사를 선임, 공동대표 체제가 공식 출범한다.",local,5,GSK,,
2026-02-06,Client,2026-02-06 06:00:00,Naver News,https://www.pharmnews.com/news/articleView.html?idxno=301313,블록버스터가 가른 희비...사노피·J&J 웃고 화이자 울었다 - 팜뉴스,"2025년 4분기의 글로벌 제약업계 실적은 신약 판매 성과에 따라 갈렸다. 일부 기업은 주력 치료제 매출이 늘며 외형을 키웠고, 다른 기업.",local,5,로슈,,
2026-02-06,Client,2026-02-06 00:34:00,Naver News,https://www.chosun.com/economy/science/2026/02/06/D4WAW2HGZVA5XLRYC65SAF3EZM/?utm_source=naver&utm_medium=referral&utm_campaign=naver-news,‘블록버스터’ 70종 특허 만료… K복제약 출동 준비,오크레부스(로슈·다발성 경화증 치료제) 등 바이오시밀러 7종을 개발하고 있다. 2030년까지 바이오시밀러 20종을 확보하겠다는 목표다. 셀트리온도 현재 노바티스·로슈 알레르기 치료제인 ‘졸레어’ 등의... ,local,5,로슈,,
2026-02-06,Client,2026-02-05 14:42:00,Naver News,https://www.viva100.com/article/20260205500956,정부 신약개발 지원으로 1.4조 규모 기술이전·코스닥 상장 성과,정부의 신약개발 지원으로 성장한 기업이 해외 기술이전에 이어 코스닥에 상장하며 연구 성과 확산 성공사례로 자리매김했다. 과학기술정보통신부는 2018년부터 정부 지원을 받은 ㈜에임드바이오가 항체-약물 접합체(ADC) 기술을 활용한 차세대 표적항암제 신약개발로 성과를 거뒀.,local,5,베링거인겔하임,,
2026-02-06,Client,2026-02-05 17:24:00,Naver News,http://www.bokuennews.com/news/article.html?no=273472,"한국아스트라제네카 '코셀루고', 성인 NF1-PN 적응증 확대",한국아스트라제네카의 신경섬유종증 1형(NF1) 치료제 '코셀루고'가 성인 환자까지 치료 범위를 넓히며 국내 희귀질환 치료의 새 지평을 열었다. 한국아스트라제네카(대표이사 엘다나 사우란)는 4일 기자간담회를 열고... ,local,5,아스트라제네카,,
2026-02-06,Client,2026-02-06 14:10:00,Naver News,https://www.jeonmae.co.kr/news/articleView.html?idxno=1228900,"[기고] 우리 가족 건강보험료,  범죄자의 주머니가 아닌 아픈 이웃 위해 쓰여야 한다","건강보험은 우리 사회를 지탱하는 가장 든든한 사회안전망이자 공동체 정신의 결정체다. 부산 시민을 포함한 전 국민이 매달 성실히 납부하는 보험료는 내가 아플 때, 혹은 이름 모를 이웃이 위기에 처했을 때 치료비가 되어주는 소중한 생명수와 같다.하지만 이 귀한 재원을 조직적이고 지능적으로 가로채는 ‘사무장 병원’과 ‘면허대여약국’ 등 불법개설 기관의 폐해는 이미 우리 사회가 감내할 수 있는 임계점을 넘어섰다. 소비자 단체의 일원으로서 필자는 국민의 소중한 자산을 범죄로부터 보호하기 위해 건강보험공단에 특별사법경찰(이하 사무장병원과 면대.",local,5,BMS,,
2026-02-06,Client,2026-02-06 15:35:00,Naver News,https://health.chosun.com/site/data/html_dir/2026/02/06/2026020602949.html,"위고비로 살 빼는 사람들, 약 부작용 키우는 ‘이 음식’ 주의","위고비, 오젬픽 등 비만 치료제에 쓰이는 ‘세마글루티드’ 성분은 인슐린 분비를 자극하고 글루카곤 분비를 낮춰 혈당을 낮춘다. 이를 통해 식욕 감퇴, 열량 섭취 감소 효과를 내 체중 감량으로 이어지게 한다. 지난 2일(현지시각) 외신 매체 ‘헬스(Health)’는 “특정 음식들이 세마글루티드 사용 시 나타나는 속쓰림, 복부팽만, 메스꺼움 등의 부작용을 악화할 수 있다”며 주의를 당부했다.",local,5,위고비,,
2026-02-06,Client,2026-02-06 06:06:00,Naver News,http://www.newsmp.com/news/articleView.html?idxno=251508,"BMS, 올해 기대 이상의 실적 가이던스 제시","글로벌 제약기업 브리스톨마이어스스퀴브(BMS)는 레거시 포트폴리오의 매출 감소에도 불구하고 시장 예상치를 웃도는 실적 가이던스를 제시했다.BMS는 2026년 연간 매출액이 460억~475억 달러를 기록할 것으로 예상했는데, 이는 2025년 매출액인 481억9400만 달러보다 낮은 수준이다.다만 시장조사업체 LSEG에 따르면 이는 시장 예상치 442억 달러를 상회하는 수치다.BMS는 2026년 비일반회계기준(Non-GAAP) 주당순이익도 시장 예상치 6.02달러보다 높은 6.05~6.35달러를 기록할 것으로 전망했다.지난.",local,5,BMS,,
2026-02-06,Client,2026-02-02 12:16:00,Naver News,https://www.medicaltimes.com/Main/News/NewsView.html?ID=1167107&ref=naverpc,[메디칼타임즈] 올해 기대되는 바이오기업 TOP3 어디?...임상 결과 주목,"2026년은 국내 바이오텍 3개 기업이 글로벌 기술이전의 성과를 임상 데이터로 입증하는 해가 될 전망이다. 에이비엘바이오, 리가켐바이오, 디앤디파마텍은 올해 1분기부터 핵심 파이프라인의 임상 결과를 연이어 발표한다.■ 에이비엘바이오: 3월 담도암·1분기 위암 데이터 발표 예정에이비엘바이오는 일라이릴리와 GSK와 각각 체결한 뇌혈관장벽(BBB) 셔틀 기술 계약의 성과가 임상 데이터로 검증되는 첫 시험대에 오를 전망이다. 해당 계약들은 단계별 마일스톤을 포함해 합산 시 최대 약 7조8000억원 규모다.오는 4월 GSK와 최대 21억4000만파운드(약 4조원), 11월 일라이릴리와 최대 26억달러(약 3조8000억원) 규모다.",local,5,아스텔라스,,
2026-02-06,Client,2026-02-06 08:40:00,Naver News,https://www.g-enews.com/view.php?ud=2026020608372336650c8c1c064d_1,"삼성바이오에피스, 호주서 얀센 ‘스텔라라’ 특허 무효화 성공… 바이오시밀러 시장 ‘청신호’ - 글로벌이코노믹","삼성바이오에피스(이하 삼성)가 글로벌 제약사 얀센(Janssen)과의 특허 분쟁에서 또 한 번 결정적인 승리를 거두며 자가면역질환 치료제 ‘스텔라라(Stelara®, 성분명 우스테키누맙)’의 바이오시밀러 시장 진출을 위한 거대한 장벽을 허물었다.호주 특허청은 얀센이 보유했던 궤양성 대장.",local,5,얀센,,
2026-02-06,Client,2026-02-05 11:00:00,Naver News,https://www.dailypharm.com/user/news/335485?REFERER=NP,[데일리팜]연세대 제약산업 MA 전문가과정 9일부터 원서접수,"연세대학교 미래교육원이 오는 9일부터 제10기 연세 제약산업 MA 전문가과정을 모집한다. 약제결정 신청서 작성부터 약가협상, 사후관리제도까지 MA 업무를 총망라한 교육 과정이다. 3월부터 6월까지 약 4개월 간 강의가 마련돼 있다. 원서모집 기한은 이달 9일부터 3월 3일까지다. 연세대 신촌캠퍼스에서 강의가 진행되며, 두 차례의 비대면 강의도 진행될 예정이다. 커리큘럼에는 ▲약제….",local,5,얀센,,
2026-02-06,Client,2026-02-04 13:44:00,Naver News,http://www.medisobizanews.com/news/articleView.html?idxno=134242,"고셔병치료제 '자베스카', 시판 후 크론병 발생 사례 보고","한국얀센의 희귀약인 제1형 고셔병치료제 '자베스카'가 시판 후 조사에서 크론병이 발생한 것으로 나타났다. 식약처는 3일 이같은 내용의 유럽 의약품청(EMA)의 '미글루스타트' 성분 제제에 대한 안전성 정보 검토 결과를 토대로 허가사항 변경안을 마련, 오는 23일까지 의견조회를 실시한다. 변경사항은 '일반적 주의사항' 중 일부 내용 신설이다. 신설 내용을 보면 이 약으로 치료받은 C형 니만-픽병 환자에서 시판 후 크론병 발생 사례가 보고 됐으며 위장관계 이상반응은 이 약의 흔한 이상반응이라고 설명했다.",local,5,얀센,,
2026-02-06,Client,2026-02-05 16:38:00,Naver News,https://www.pinpointnews.co.kr/news/articleView.html?idxno=426171,[상대강도과열 종목] RSI가 말해준다...지금은 ‘선별 장세’,"단기 주가 상승세가 누적되며 상대강도지수(RSI)가 과열 구간에 진입한 종목이 대거 포착됐다.14일간의 상승폭 합을 기준으로 산출되는 RSI가 80% 이상을 기록한 종목은 100개에 달한다. 이는 단기간 매수세가 집중됐음을 의미하는 기술적 신호로, 시장에서는 추격 매수에 대한 경계와 함께 종목별 옥석 가리기가 본격화되고 있다는 분석이 나온다.5일 한국거래소에 따르면 이날 상대강도과열 종목군은 상한가 종목부터 대형주, 금융·소비재, 에너지, 바이오, ETF에 이르기까지 폭넓게 분포했다. 공통점은 단기간 강한 상승 흐름이 누적되며 기술.",local,5,바이오젠,,
2026-02-06,Client,2026-02-04 21:06:00,Naver News,http://www.newsmp.com/news/articleView.html?idxno=251465,"유가증권 제약지수 이틀 연속 상승, 삼일제약 12.83% ↑","유가증권시장 제약지수가 이틀 연속 상승하며 1만 9000선에 다가섰다. 반면, 코스닥시장 제약지수는 소폭 하락, 1만 6000선에서 물러섰다.한국거래소에 따르면, 4일 유가증권시장 제약지수는 1만 8713.11로 전일대비 302.33p(+1.64%) 상승했으나 코스닥시장 제약지수는 1만 5968.15로 34.61p(-0.22%) 하락했다.이 가운데 유가증권시장 제약지수에서는 삼일제약(+12.83%)은 두 자릿수의 상승률을 기록했으며, 삼성제약(+7.57%)과 한미약품(+7.36%), JW중외제약(+6.48%), 명인제약.",local,5,바이오젠,,
2026-02-06,Client,2026-01-30 15:42:00,Naver News,http://www.medisobizanews.com/news/articleView.html?idxno=134072,"펜타닐시트르산염제제, 용법·용량과 사용상의 주의 신설","암 환자의 돌발성 통증제제인 '펜타닐시트르산염 단일설하제제'에 대한 허가사항이 변경된다. 식약처는 '펜타닐시트르산염 단일설하정'에 대한 안전성·유효성 심사 등을 근거로 '나르코설하정100마이크로그램(펜타닐시트르산염)' 등 3품목의 허가사항 중 용법·용량, 사용상의주의사항을 통일조정한다. 의견조회는 오는 2월11일까지이다. 변경내용을 보면 용량용법에 '치료기간 및 목표'가 신설된다.",local,5,메나리니,,
2026-02-06,Client,2026-02-06 11:40:00,Naver News,https://www.banronbodo.com/news/articleView.html?idxno=31728,"[최기호의 美 Dear 광고] 고열량·저영양 식품 광고 규제 완화...‘절반의 개선, 절반의 아쉬움' - 반론보도닷컴",지난 1월 15일 미국 투자은행 제프리스는 흥미로운 보고서를 발표했다. 위고비·마운자로 등 비만치료제의 확산으로 항공기 탑승객의 평균 체중이 감소하면서 미국 항공.,local,5,위고비,,
2026-02-06,Client,2026-02-04 12:24:00,Naver News,http://www.medisobizanews.com/news/articleView.html?idxno=134201,바이엘ㆍ동국제약 꽉 잡은 조영제 시장 …휴메딕스가 판 흔들까,에스테틱 사업을 주력으로 성장해온 휴메딕스가 MRI 조영제 시장에 본격 진입하며 오리지널 중심으로 형성돼 온 기존 시장 구도에 변화 가능성이 제기되고 있다. 진입 장벽이 높은 것으로 알려진 서울대학교병원 처방 목록에 이름을 올리면서 바이엘과 동국제약 등 기존 강자가 주도해 온 시장에서 후발주자의 움직임이 가시화되는 모습이다.4일 제약업계에 따르면 휴메딕스의 MRI 조영제 ‘가도큐프리필드주(가도부트롤)’는 지난 1월 서울대학교병원 약사위원회(DC) 심의를 통과해 처방 목록에 등재됐다.휴메딕스가 조영제 시장 진출을 본격화한 지 약 1년.,local,5,바이엘,,
2026-02-06,Client,2026-02-06 11:30:00,Naver News,https://economist.co.kr/article/view/ecn202602060025,"""위고비 끊자 다시 찐다""…빠니보틀 고백이 보여준 비만약의 현실",비만 치료제 '위고비'로 체중 감량에 성공했던 여행 유튜버 빠니보틀이 약물 중단 후 다시 살이 늘고 있다고 밝히면서 '위고비 요요' 논란이 재점화됐.,local,5,위고비,,
2026-02-06,Client,2026-02-06 11:30:00,Naver News,https://kormedi.com/?p=2787456,"“20분 만에 쓰러져”…SNS서 산 다이어트 주사 맞고 죽을 뻔한 40대女, 무슨 일? - 코메디닷컴","옥스퍼드셔 카터턴에 거주하는 47세 미셸 소드는 2020년 체중 증가 이후 합법 온라인 약국을 통해 세마글루타이드 주사를 사용해 약 12.7kg을 감량했다.이후 운동과 식이 조절로 체중을 유지했으나 2023년 폐경기를 겪으며 체중이 다시 늘자, 공급 부족 상황에서 정식 경로.",local,5,위고비,,
2026-02-06,Client,2026-02-06 14:52:00,Naver News,https://www.etnews.com/20260206000214,살 빼는 약 먹고 30kg 빠졌는데…가슴만 커지는 30대 여성,"체중 감량을 위해 비만 치료제를 사용하던 30대 여성이 살은 빠졌지만 오히려 유방이 급격히 커지는 이상 증상을 겪다 희귀 질환 진단을 받은 사연이 전해졌다. 영국 매체 미러 등에 따르면, 이스트 앵글리아에 거주하는 30세 티아나 문은 비만 치료제 '마운자로(Mounja.",local,5,마운자로,,
2026-02-06,Client,2026-02-06 11:45:00,Naver News,http://www.fnnews.com/news/202602061120269188,"30대 女, 살 빠지는데 가슴만 '쑥쑥'...비만 치료제 복용 중 '희귀 질환...","치료제 마운자로를 복용하며 살을 빼던 중 유방이 비정상적으로 커졌으며, 이후 기가토마스티아(gigantomastia) 진단을 받았다. 티아나 문은 2024년 5월 감량을 목적으로 마운자로를 쓰기 시작해 약 1년 동안 19kg가량을... ",local,5,마운자로,,
2026-02-06,Client,2026-02-06 08:46:00,Naver News,http://www.srtimes.kr/news/articleView.html?idxno=195146,[신년기획③] '기대'에서 '실적'으로…증권사 바이오 투자 변화,"국내 증권사들의 바이오 투자는 이제 단순한 테마 투자를 넘어 자기자본 운용 전략의 중요한 축으로 자리 잡고 있다. 상장과 기술수출로 성과가 가시화된 사례가 있는 반면, 기술 검증과 사업화 과정에서 긴 시간을 요구하는 투자도 공존하며 성과의 온도차는 더욱 뚜렷해지고 있다.",local,5,마운자로,,
2026-02-06,Client,2026-02-06 06:20:00,Naver News,https://www.news1.kr/bio/pharmaceutical-bio/6063565,릴리 '마운자로' 폭풍 성장…올해 매출 120조원 돌파 자신감,"마운자로, 지난 4분기 매출 193억 달러…전년대비 110%↑ 릴리 연간 매출 가이던스 상향…상반기 '먹는 비만약' 허가 목표 미국 제약사 일라이 릴리가 글루카곤유사펩타이드(GLP)-1 계열 치료제의 폭발적인 성장에 힘입어 지난 4분기 실적에서 기대 이상의 성과를 기록했다.",local,5,마운자로,,
2026-02-06,Client,2026-02-05 21:15:00,Naver News,http://www.yonhapnewstv.co.kr/MYH20260205211450aOO,"도수치료로 둔갑한 마운자로?…""생활밀접 보험사기 무관용""",최근 유행하는 위고비나 마운자로 같은 비만치료제는 실손보험 적용이 되지 않는 비급여 치료인데요.이를 도수치료같이 다른 치료를 받은 것처럼 꾸며 보험금을 타 내는 수법이 적발.,local,5,마운자로,,
2026-02-06,Client,2026-02-05 17:41:00,Naver News,https://biz.heraldcorp.com/article/10670631?ref=naver,"‘마운자로, 얼마나 난리길래’ 직원 사칭 피싱까지 등장…소비자 주의 당부","전 세계적으로 품귀 현상을 빚고 있는 일라이 릴리의 당뇨·비만 치료제 ‘마운자로’의 인기를 틈타, 제약사 직원을 사칭하며 가짜 다이어트 제.",local,5,품귀,,
2026-02-06,Client,2026-02-04 06:02:00,Naver News,https://www.yakup.com/news/index.html?mode=view&cat=18&nid=322766,"[약업신문]초고령사회 한국, ‘콩팥 시간’ 늦추다","한국 사회가 본격적인 초고령사회로 진입하면서 만성콩팥병(Chronic Kidney Disease, CKD)은 더 이상 특정 환자군에 국한된 질환이 아니다. 고혈압과 당뇨병 유병률이 함께 증가하는 구조 속에서 CKD는 고령 인구...",local,5,바이엘,,
2026-02-06,Client,2026-02-03 16:38:00,Naver News,http://www.hemophilia.co.kr/news/articleView.html?idxno=40809,시리아 혈우병 환자들의 삶을 바꾼 국제적 연대 - 헤모필리아라이프,오랜 내전과 의료 인프라 부족으로 시리아의 혈우병 환자들은 오랫동안 적절한 치료를 받기 어려운 상황에 놓여 있었다. 이런 가운데 세계혈우연맹(World Feder.,local,5,바이엘,,
2026-02-06,Client,2026-02-06 12:06:00,Naver News,https://www.kpanews.co.kr/news/articleView.html?idxno=529020,303조원 '면역질환' 성장 분기점…국내 바이오 재평가 시동 - 약사공론,글로벌 면역질환 치료제 시장이 성장 국면의 변곡점에 들어서며 국내 바이오 기업들에 대한 재평가 기대감이 커지고 있다.기존 블록버스터 의약품의 특허 만료와 바이오시.,local,5,애브비,,
2026-02-06,Client,2026-02-05 06:08:00,Naver News,https://www.yakup.com/news/index.html?mode=view&cat=16&nid=322845,[약업신문]마이클 잭슨 지병 백반증..애브비 ‘린버크’ 있으매,"백반증(白斑症)은 팝스타 마이클 잭슨이 생전에 앓았던 증상이어서 낯설지 않다.이와 관련, 애브비社가 류머티스 관절염 치료제 ‘린버크’(우파다시티닙 15mg)의 백반증 적응증 추가 신청서가 FDA와 유럽 의...",local,5,애브비,,
2026-02-06,Client,2026-02-05 14:38:00,Naver News,https://www.pointe.co.kr/news/articleView.html?idxno=70946,"[기고] 국민의 소중한 보험료, 건강보험 ‘사무장병원(약국) 특사경’이 지켜야 한다",㈔한국여성소비자연합 사하지부 회장 윤지영[포인트경제] 대한민국의 건강보험제도는 세계가 부러워하는 사회보장 체계의 근간이라고 할 수 있다. 그러나 최근 수년간 이 근간을 뒤흔드는 심각한 위협이 도사리고 있다. 바로 ‘사무장병원’과 ‘면허대여 약국’으로 대표되는 불법개설기관들이다.,local,5,BMS,,
2026-02-06,Client,2026-02-06 02:24:00,Naver News,https://www.medipana.com/news/articleView.html?idxno=406534,"'코셀루고', 신경섬유종증 1형 치료에 새 이정표 제시 - 메디파나뉴스",한국아스트라제네카(대표이사 엘다나 사우란)는 지난 4일 웨스틴 서울 파르나스에서 증상이 있고 수술이 불가능한 총상신경섬유종(Plexiform Neurofibrom.,local,5,아스트라제네카,,
2026-02-06,Client,2026-02-05 18:03:00,Naver News,https://www.mydaily.co.kr/page/view/2026020222551545971,"김정균 보령 대표의 우주 사업, 중장기 전략이 될 수 있을까","우주헬스케어-제약 본업 연계 아직 제한적 연매출 1조원 체급서 장기 자본 투입 부담 본업 실적 버팀목 삼아 실행단계 전환 모색 중견 제약사 보령이 우주헬스케어를 신사업으로 추진해 주목받고 있다. 5일 제약업계에 따르면 김정균 보령 대표는 우주산업을 장기 성장성이 높은 미래 분야로 판단하고 관련 투자를 확대하고 있다. 이 때문에 제약사가 보유한 기존 기술·조직 역량과 비교해 사업 난도가 높고, 막대한 자본이 장기간 투입돼야 한다는 점에서 재무적 부담을 우려하는 목소리도 적지 않다.",local,5,아스트라제네카,,
2026-02-06,Client,2026-02-05 12:28:00,Naver News,https://www.yakup.com/news/index.html?mode=view&cat=16&nid=322905,[약업신문]‘다트로웨이’ 삼중 음성 유방암 FDA ‘신속심사’,아스트라제네카社와 다이이찌 산쿄社는 항암제 ‘다트로웨이’(다토포타맙 데룩스테칸)의 적응증 추가 신청 건이 FDA에 의해 접수되어 ‘신속심사’ 대상으로 지정됐다고 3일 공표했다.추가신청이 이루어진 ‘다트로웨...,local,5,아스트라제네카,,
2026-02-06,Client,2026-02-05 09:36:00,Naver News,https://view.asiae.co.kr/article/2026020417023926774,빅파마도 못 피해간 ADC 검증 국면…K바이오엔 기회 될까 - 아시아경제,항암제 시장의 '게임 체인저'로 불리는 ADC(항체-약물접합체) 신약 개발에서 글로벌 빅파마들이 연이어 난항을 겪고 있다. 최근 1년여 사이 주요 후보물질의 개발...,local,5,아스트라제네카,,
2026-02-06,Client,2026-02-05 10:23:00,Naver News,https://biz.chosun.com/science-chosun/bio/2026/02/05/RZXDYJ5N65GIHJBTOKTE4Q7UHM/?utm_source=naver&utm_medium=original&utm_campaign=biz,[바이오 인사이드] ‘특허 철옹성’ 뚫었다… 빅파마와 맞짱 뜨는 K바이오,"바이오 인사이드 특허 철옹성 뚫었다 빅파마와 맞짱 뜨는 K바이오 삼성바이오에피스, 14조 시장 아일리아 소송서 리제네론과 극적 합의 SK바사, 화이자·모더나 상대로 연전연승 기술력 입증 소송 걸린다는 건 기술력 인정받았다는 뜻 달라진 K바이오 위상.",local,5,애브비,,
2026-02-06,Client,2026-02-06 09:18:00,Naver News,https://www.m-economynews.com/news/article.html?no=64435,[M이코노미뉴스] [이슈] ‘코스닥 3000 시대’ 열 국내 바이오벤처는 어디,지난 1월 26일 코스닥 지수가 장중 1000선을 돌파하며 천스닥 시대가 개막됐다. 이후 장 마감 기준 1000선을 유지하며 5일 현재 1120선에서 거래되고 있다. 이재명 대통령이 3000스닥 가능하다고 언급한 만큼 증권업계에서도 가능성을 높게 보는 분위기다. 역사상 코스닥 지수 종가 기준 최고치는 2000년 3월 10일 2834.4다.,local,5,사노피,,
2026-02-06,Client,2026-02-04 12:22:00,Naver News,https://www.kpanews.co.kr/news/articleView.html?idxno=528824,"면역질환 블록버스터 공백, 국내 기업 임상 '분수령' - 약사공론","한올바이오파마, 에이프릴바이오 등 면역질환 치료제를 개발중인 국내 제약사들의 올해 임상 데이터 발표를 주목할 필요가 있다는 분석이 제기됐다. 면역질환 치료제 글로.",local,5,리제네론,,
2026-02-06,Client,2026-02-05 03:20:00,Naver News,https://www.newspim.com/news/view/20260205000024,"[AI의 종목 이야기] 애브비, 면역치료제 수요에 2026년 순익 전망 '기대 이상'","이 기사는 인공지능(AI) 번역으로 생산된 콘텐츠로, 원문은 2월 4일자 로이터 기사(AbbVie forecasts 2026 profit above estimates on strong sales of newer immunology drugs)입니다.",local,5,애브비,,
2026-02-06,Client,2026-02-05 06:00:00,Naver News,http://www.hansbiz.co.kr/news/articleView.html?idxno=814556,'아일리아' 시밀러 특허 속속 합의…경쟁 심화,블록버스터 습성 황반변성 치료제 '아일리아(성분명 애플리버셉트)'의 특허 분쟁이 합의를 통해 정리되고 있다. 국내 기업 중에서는 삼성바이오에피스와 셀트리온이 바이오시밀러(바이오의약품 복제약) 연내 출시를 예고한 가운데 시장 점유율을 차지하기 위한 치킨게임을 피하기 어려울 전망이다.5일 제약바이오 업계에 따르면 최근 삼성바이오에피스는 아일리아 원개발사인 리제네론 및 바이엘과 저농도 제형(40㎎/㎖)에 대한 합의 및 라이선스 계약을 체결했다.이에 따라 삼성바이오에피스는 영국과 유럽 국가 등에서 아일리아 바이.,local,5,리제네론,,
2026-02-06,Client,2026-02-04 15:00:00,Naver News,http://www.enewstoday.co.kr/news/articleView.html?idxno=2390533,"특허 리스크 걷히자 R&D ‘풀가속’···삼성바이오에피스, 다음 스탭은 ‘신약’","삼성바이오에피스가 바이오시밀러 사업에서 확보한 현금을 신약 개발로 연결하는 ‘선순환 전략’에 속도를 내고 있다. 안과 치료제 아일리아 바이오시밀러(SB15)의 글로벌 출시 길이 열리고, 미국 식품의약국(FDA)의 개발 요건 완화까지 가시화되면서 바이오시밀러.",local,5,리제네론,,
2026-02-06,Client,2026-02-04 13:08:00,Naver News,http://www.hansbiz.co.kr/news/articleView.html?idxno=814616,[CEO 포커스]김승연 한화그룹 회장이 노벨 과학상 수상자 배출에 공을 들이는 이유는,| 한스경제=송진현| 미국에선 매년 전세계 중-고등학생들이 참여하는 과학경진대회가 열리고 있다.2018년까지 반도체 회사 인텔이 후원하면서 ‘인텔 국제과학경진대회’로 잘 알려져 있다. 2019년부터는 글로벌 바이오기업 리제네론(Rsgeneron)이 후원하면서 ‘Rsgeneron ISEF’라는 명칭으로 개최되고 있다.과학분야를 겨루는 이 대회를 통해 노벨상 수상자가 7명이나 배출되었다.한화그룹 김승연 회장이 이 대회를 벤치마킹했다. 2011년부터 국내 최대 규모의 고등학생 과학경진대회인 ‘한화 사이언스챌린지’를 개최해 오고 있는 것이.,local,5,리제네론,,
2026-02-06,BD,2026-02-05 09:44:00,Naver News,https://www.ebn.co.kr/news/articleView.html?idxno=1698450,"[K-신약 A to Z⑤] 기술은 성공, 시장은 외면…‘국산 1호 코로나 백신’의 기구한 운명 - 이비엔(EBN)뉴스센터",국내 제약·바이오 산업이 글로벌 시장에서 존재감을 빠르게 키우며 신약 개발 경쟁력도 한층 치솟고 있다. 우리 정부도 혁신 의약품 개발을 가속하기 위한 지원책을 연.,local,4,GSK,,
2026-02-06,BD,2026-02-06 14:31:00,Naver News,https://www.venturesquare.net/1037586/,"유바이오로직스, ‘한국 100일 미션’ 도상훈련 참여",유바이오로직스가 차기 팬데믹 발생 시 신속한 백신 개발과 공급을 위한 글로벌 협력 체계 점검을 목적으로 ‘한국 100일 미션’ 도상훈련에 참여했다. 회사는 민간 백신 개발·제조 기업으로서 팬데믹 상황에서의 생산·공급 역량과 국제 협력 내 역할을 점검했다.,local,4,백신,,
2026-02-06,BD,2026-02-04 13:40:00,Naver News,https://www.the-stock.kr/news/articleView.html?idxno=31959,"따로 또 같이, 동국생명과학과 다를까 - 더스탁(The Stock)",나노의약품 개발 기업 인벤테라가 기업공개(IPO) 도전에 나섰다. 미충족 수요가 큰 특화 조영제 사업을 영위하는 점을 강조하고 있다. 투자자들은 지난해 IPO에서.,local,4,바이엘,,
2026-02-06,BD,2026-02-05 10:44:00,Naver News,https://www.yakup.com/news/index.html?mode=view&cat=16&nid=322896,[약업신문]AZ ‘사프넬로’ 피하주사제 허가신청 FDA 반려,아스트라제네카社는 성인 전신성 홍반성 루푸스(SLE) 환자 치료제로 사용될 수 있도록 하고자 제출했던 ‘사프넬로’(Saphnelo: 아니프롤루맙) 피하주사제의 허가신청 건이 FDA에 의해 반려됐다고 3일 공표했다.FDA...,local,4,BMS,,
2026-02-06,BD,2026-02-06 05:24:00,Naver News,https://www.dailymedi.com/news/news_view.php?wr_id=933683,과기정통부 인정 성공 사례 '에임드바이오',최근에는 고형암 치료 후보물질 ‘ODS025’를 앞세워 글로벌 제약사 베링거인겔하임과 최대 약 1조4000억원 규모의 기술이전 계약을 체결하며 업계 주목을 받았다. 상장 성과도 두드러졌다. 정부는 에임드바이오 성장... ,local,4,베링거인겔하임,,
2026-02-06,BD,2026-02-06 06:04:00,Naver News,https://www.kpanews.co.kr/news/articleView.html?idxno=528968,삼성바이오·셀트리온 '빅2' 나란히 최대 실적…K-바이오 체력 입증 - 약사공론,국내 바이오 양대 산맥인 셀트리온과 삼성바이오로직스가 지난해 나란히 영업이익 1조원을 넘어서며 글로벌 바이오시장에서 한국 기업의 위상을 한층 높였다.,local,4,사노피,,
2026-02-06,BD,2026-01-30 10:22:00,Naver News,https://www.medipana.com/news/articleView.html?idxno=406129,"모더나, 伊 레코르다티와 희귀질환약 제휴 - 메디파나뉴스",미국 모더나는 희귀질환인 프로피온산 혈증(PA) 치료물질 'mRNA-3927'의 최종 임상개발과 글로벌 제품화와 관련해 이탈리아.,local,4,레코르다티,,
2026-02-06,BD,2026-01-30 11:54:00,Naver News,https://www.yakup.com/news/index.html?mode=view&cat=16&nid=322598,"[약업신문]모더나, 프로피온산혈증 신약 개발ㆍ발매 “투게더”",이탈리아의 글로벌 제약기업 레코르다티社(Recordati)가 미국 매사추세츠州 캠브리지에 소재한 차세대 mRNA 치료제‧백신 개발 전문 생명공학기업 모더나 테라퓨틱스社와 제휴 및 라이센스 합의를 도출했다고 29일...,local,4,레코르다티,,
2026-02-06,BD,2026-02-05 06:36:00,Naver News,https://www.newstopkorea.com/news/articleView.html?idxno=42885,[대기업 리스크 엑스레이] 신유열 경영승계 시험대 된 롯데바이오 - 뉴스톱,급변하는 글로벌 정세 속에서 국내 대기업들은 보호무역주의와 공급망 재편이라는 유례없는 생존 위기에 직면해 있다. 하지만 외부적 파고보다 더 위험한 건 기업 내부에.,local,4,BMS,,
2026-02-06,BD,2026-02-06 10:08:00,Naver News,https://www.fetv.co.kr/news/article.html?no=211921,"[FETV] SK바이오사이언스, '퀀텀 점프' 발판 마련…PCV 임상 3상 기대감",SK바이오사이언스의 중장기 목표에 맞춘 성장 전략이 순항하고 있는 것으로 분석된다. 우선적으로 2025년를 '미래 성장 기반 구축'의 시기로 설정했는데 이에 따른 단기 목표를 실현했다. 자회사 IDT Biologika가 실적 턴어라운드를 이뤄낸 가운데 폐렴구균 백신 PCV의 글로벌 임상 3상도 본격화됐다. SK바이오사이언스의 최근.,local,4,사노피,,
2026-02-06,BD,2026-02-05 06:01:00,Naver News,https://biz.chosun.com/science-chosun/bio/2026/02/05/NSHU4QLTVBECXIRJQRPNAAD344/?utm_source=naver&utm_medium=original&utm_campaign=biz,[바이오 e종목] ‘암세포 잡는 유도탄’ 개발하는 리가켐바이오…얀센 권리 행사 관건,"바이오 e종목 암세포 잡는 유도탄 개발하는 리가켐바이오얀센 권리 행사 관건 암세포만 정밀하게 타격하는 항체 약물 접합체 개발 기존 항암제보다 부작용 낮춰, 2028년 시장 규모 41兆 J&J 자회사 얀센 바이오텍과 기술 이전 계약 체결 얀센이 임상에서 단독 권리 행사하면 2억달러 수령.",local,4,얀센,,
2026-02-06,BD,2026-02-06 07:02:00,Naver News,https://www.thebell.co.kr/free/content/ArticleView.asp?key=202602040735324540105743,"[더벨]종근당, 수익성 부담 속 R&D 드라이브 '체질개선 속도'",바로 노바티스와의 CKD-510 기술이전이 있었던 해다. 당시 종근당은 기술이전을 통해 처음으로 2000억원대의 영업이익을 기록했다. 노바티스와의 기술이전 계약을 통해 종근당은 자체 개발 신약이 수익 구조를 어떻게... ,local,4,노바티스,,
2026-02-06,BD,2026-01-31 09:50:00,Naver News,https://www.medigatenews.com/news/2296099546,"MEDI:GATE NEWS 중국 바이오, 제네릭 주도에서 혁신 의약품으로…2025년 50건 이상, 117조원 규모 기술이전","2025년 중국 제약바이오 기업들이 50건이 넘는 기술이전 계약을 체결했다. 전반적인 글로벌 바이오 기술거래에서는 저분자 화합물이 차지하는 비중이 높았던 반면, 중국 기업들은 항체약물접합체(ADC)와 이중항체 분야에서 두각을 드러냈다. 30일 관련업계에 따르면 공개된 자료 기준 중국 기업들이 지난해 체결한 기술이전 계약 총 규모는 817억 달러(약 117조8000억 원)에 달하는 것으로 나타났다.",local,4,입센,,
2026-02-06,BD,2026-02-06 11:18:00,Naver News,https://www.medicopharma.co.kr/news/articleView.html?idxno=67028,"‘허·평·협 연계 1호’ 빌베이, 상급종합병원 안착…처방 물꼬 텄다","허가-평가-협상 연계 시범사업 1호 약제인 빌베이 캡슐(성분명 오데빅시바트, 이하 빌베이)이 최근 급여 등재에 이어 상급종합병원 처방권에 진입했다. 신속 허가와 조기 급여 진입을 위한 제도 적용 사례가 실제 처방 단계까지 이어졌다는 점에서 주목된다.6일.",local,4,입센,,
2026-02-06,BD,2026-02-05 09:46:00,Naver News,http://www.press9.kr/news/articleView.html?idxno=72005,"한미약품, 간암치료제 '소라닙정' 허가 6년여 만에 특허 등재","한미약품이 간암치료제 '소라납정(성분명 소라페닙)'의 특허를 등재했다. 지난 2020년 허가를 받은 지 6년여 만이 다.소라님정은 바이엘 넥사바'의 제네릭 품목으로 지난 2020년 10월 식품의약품안전처의 허가를 받았다. 한미약품은 허가 이후 6년여 만인 지난 3일 소라납정의 특허를 식약처 의약품특허목록에 등재한 것으로, 소라닙정의 특허는 오는 2039년 10월까지 유지된다.한미약품이 소라납정의 특허를 등재한 것은 판매 증가와 연결된 것으로 풀이된다.소라납정의 실적은 생산실적 기준 2020년 3억8200만 원, 202.",local,4,바이엘,,
2026-02-06,BD,2026-02-06 06:50:00,Naver News,https://www.medicopharma.co.kr/news/articleView.html?idxno=67019,"GSK, GLP-1 비만치료제 경쟁 선 긋기…“합병증 치료에 집중”","GSK가 GLP-1 계열 비만치료제 개발 경쟁에 참여하지 않겠다는 입장을 공식화했다. 체중 감량 기전 중심의 비만치료제 시장 대신, 비만으로 인한 간질환과 섬유화 등 합병증 치료 영역에 연구개발 역량을 집중하겠다는 전략이다.5일 바이오스페이스에 따르면,.",local,4,GSK,,
2026-02-06,BD,2026-02-06 06:02:00,Naver News,https://www.dailypharm.com/user/news/335505?REFERER=NP,[데일리팜]바이오의약품이 바꾼 K-제약 지형…삼바·셀트리온 독주,삼성바이오로직스와 셀트리온이 국내 제약바이오업계 실적 신기록 행진을 이어가며 국내 제약바이오업계 역대 실적 순위 선두권을 싹쓸이했다. 삼성바이오로직스는 바이오시밀러 자회사를 떼고도 영업이익 2조원과 매출 4조원을 넘어서며 역대 1위 기록을 갈아치웠다. 셀트리온은 바이오시밀러 사업 확장으로 고순도 실적 행보를 나타냈다. 전통제약사들은 대형 바이오기업들의 고성장에….,local,4,GSK,,
2026-02-06,BD,2026-02-04 18:16:00,Naver News,http://www.finomy.com/news/articleView.html?idxno=249116,"코로나19·진단·치료제·백신개발 관련주, '맑음' 케이바이오·코미팜·샤페론·바이오스마트... '흐림' 진원생명과학","현대경제신문 홍미경 기자 | 코로나19·진단·치료제·백신개발 관련주들이 전 거래일 대비 1.40% 상승으로 장을 마감했다.4일 한국거래소에 따르면 케이바이오, 코미팜, 샤페론, SV인베스트먼트, 셀리드, 바이오스마트, 에이비온은 상승했다. 케이바이오와 코미팜은 전 거래일 대비 각각 8.",local,4,얀센,,
2026-02-06,BD,2026-02-02 11:18:00,Naver News,https://biz.newdaily.co.kr/site/data/html/2026/02/02/2026020200140.html,"바이오시밀러 '겹호재' 삼성바이오에피스, 신약개발 속도 붙나",삼성바이오에피스가 바이오시밀러 시장에서 겹호재를 맞았다. 특허 분쟁으로 출시가 지연됐던 '아일리아'의 판매에 대해 합의했으며 미국 시장에서는 임상시험의 속도를 줄일 수 있는 요건 완화가 추진되고 있다.바이오시밀러 사업으로 확보한 자금을 앞서 발표한 신약개발에 투입할 예정인 만큼 이 같은 호재는 영업현금이 연구개발비로 이어지는 선순환 구조로 연결될 것으로 보인다.2일 삼성바이오에피스에 따르면 최근 안과 질환 치료제 'SB15(아일리아)' 바이오시...,local,4,리제네론,,
2026-02-06,BD,2026-02-06 13:50:00,Naver News,https://www.joongboo.com/news/articleView.html?idxno=363716578,"[금주의 시흥시] “설 연휴 문 여는 병원ㆍ약국 어디?” 시흥시, 연휴 기간 비상진료체계 가동 外 - 중부일보","“설 연휴 문 여는 병원ㆍ약국 어디?” 시흥시, 연휴 기간 비상진료체계 가동…의료 공백 최소화시흥시는 설 명절 연휴 기간인 2월 14일부터 18일까지 5일간, 의료기관과 약국 휴무로 인한 시민의 불편을 최소화하고자 설 명절 기간 문 여는 의료기관과 약국, 소아 취약.",local,4,백신,,
2026-02-06,BD,2026-02-05 14:29:00,Naver News,https://www.newsis.com/view/NISX20260205_0003504075,"""글로벌 진출엔 이만한 게 없죠""…제약업계, '뉴코' 바람",화이자는 최근 월 1회 투여하는 GLP-1(글루카곤 유사 펩타이드-1) 수용체 작용제를 중심으로 한 비만 치료제 파이프라인을 공개했다. 화이자는 멧세라 인수 등을 통해 비만 치료 포트폴리오를 다각화했다. 공개된 파이프라인에는 국내 기업 디앤디파마텍의 플랫폼 기술이 적용된 경구용 후보물질도 포함되면서 '뉴코'(New Co) 전략..,local,4,화이자,,
2026-02-06,BD,2026-02-05 06:00:00,Naver News,https://www.dailian.co.kr/news/view/1606564/?sc=Naver,"100만번 시행착오를 100번으로…파로스아이바이오, AI 플랫폼으로 신약 '데스밸리' 돌파[신약 from AI]","사람의 직관으로 설계하고, 경험으로 완성하던 제약·바이오 산업의 오랜 문법이 무너지고 있다. 그 중심에는AI가 있다. 올해 초 국내 주요 제약·바이오 기업 수장들은 신년사를 통해AI를 ‘생존 키워드’로 선언했다. 글로벌 자본이 모이는 ‘JP모건 헬스케어 컨퍼런스’에서도 주인공은 단연AI였다. 이제AI는 실험실 속 후보물질 발굴을 넘어 마케팅 현장까지 재편하.",local,4,CSO,,
2026-02-06,BD,2026-02-06 15:05:00,Naver News,http://www.joseilbo.com/news/news_read.php?uid=562456&class=17&grp=,"SK바이오팜, 작년영업익 2배 '껑충'…세노바메이트 앞세워 최대실적 - 조세일보",SK바이오팜이 뇌전증 치료제 세노바메이트의 미국 매출 성장에 힘있어 지난해 연간 실적 최대치를 달성했다. 6일 공시에 따르면 SK바이오팜은 지난해 연결기준 매출을 706.,local,4,인수,,
2026-02-06,BD,2026-02-06 14:38:00,Naver News,https://www.kukinews.com/article/view/kuk202602060151,안전한 환자 이송 위한 구급차 제도 개선…2인 의무 탑승,구급차가 환자를 이송하거나 이송을 위해 출동할 때는 응급구조사 1명을 포함해 2명이 항상 탑승해야 한다. 구급차 운행 기록은 관련 시스템을 통해 실.,local,4,인수,,
2026-02-06,BD,2026-02-06 15:35:00,Naver News,https://www.sedaily.com/article/20005983?ref=naver,당뇨병 환자 사망률 40% 훅 뛴다…체감온도 ‘영하 15도’ 찬바람 맞았다가는,겨울철 매서운 한파가 지속될 때 당뇨병 환자의 사망 위험이 평소보다 최대 40%까지 증가할 수 있다는 연구 결과가 나왔다. 추위가 혈당 조절과 대사 기능에 영향을 줘 당뇨병 환자에게 치명적일 수 있다는 것이다. 6일 의료계에 따르면 울산의대 서울아산병원 예방의학교실 오.,local,4,합병,,
2026-02-06,BD,2026-02-06 15:34:00,Naver News,https://www.insight.co.kr/news/541990,부모님께 생겨난 증상에 따라 챙겨드리기 좋은 의약품 4가지,"온 가족이 모이는 명절은 부모님의 건강 상태를 점검하고 관리할 수 있는 기회이기도 한데요. 만약, 부모님이 전에 없던 신체 변화로 불편함을 느끼신다면 이는 단순한 노화 현상으로 넘어갈 것이 아니라 효과가 검증된 의약품을 통해 체계적인 관리가 필요한 순간입니다. 부모님께 생겨난 증상에 따라 선물해 드리기 좋은 맞춤형 제품들을 추천해 드리겠습니다. 소개되는 제품들은 일반의약품 분야에서 소비자 인지도가 높은 브랜드를 다수 보유한 제약사 동국제약의 생활밀착형 제품들로, 약국에서 쉽게 구매할 수 있습니다.",local,4,합병,,
2026-02-06,BD,2026-02-06 15:12:00,Naver News,http://www.ccnnews.co.kr/news/articleView.html?idxno=400720,"건협, 대상포진... 60대 이상 10년 새 46.4% 급증","초고령사회 진입과 맞물려 60대 이상 대상포진 환자가 10년 사이 46% 이상 급증하며 고령층의 건강 수명을 심각하게 저해하고 있어 주의가 필요하다.건강보험심사평가원 자료를 분석한 결과, 2024년 기준 60대 이상 대상포진 환자 수는 총 34만 2,359명으로, 10년 전인 2015년(23만 3,920명) 대비 46.4% 급증했다. 이는 같은 기간 전체 연령대 평균 증가율(14.5%)을 3배 이상 크게 웃도는 수치다.연령별로는 60대가 52.9%, 70대가 24.8% 증가했으며, 특히 80대 이상 환자는.",local,4,합병,,
2026-02-06,BD,2026-02-06 14:40:00,Naver News,https://www.monews.co.kr/news/articleView.html?idxno=409546,"[행사] 순천향대 서울병원, 지역심뇌혈관센터 심포지엄 개최 - 메디칼업저버",순천향대학교 서울병원은 오는 26일 청원홀에서 지역 심뇌혈관센터 개소 1주년 기념 심포지엄을 개최한다.지역 맞춤형 심뇌혈관질환 관리체.,local,4,합병,,
2026-02-06,BD,2026-02-06 15:22:00,Naver News,http://www.ccnnews.co.kr/news/articleView.html?idxno=400727,을지대 의대-교육협력병원 업무협약 및 현판 수여식,"을지대학교 의과대학이 지역 내 교육협력병원과 지역 협력을 기반으로 한 의과대학 교육혁신과 우수 의료인재 양성을 위해 협력에 나섰다고 6일 밝혔다.이번 협약은 스마트내과의원, 밝은누리안과병원, 유웰비뇨의학과, 이양덕내과의원, 에스앤케이병원, 하나의원 등 지역 의료기관과의 협력을 통해, 의과대학 학생을 대상으로 한 현장 중심의 멘토링 교육 프로그램을 체계적으로 운영하기 위해 마련됐다.을지대와 지역 의료기관들은 이번 협약을 통해 ▲의과대학 학생 대상 지역 기반 멘토–멘티 프로그램 운영 ▲임상역량 강화 및 진로 탐.",local,4,파트너십,,
2026-02-06,BD,2026-02-06 15:32:00,Naver News,https://www.yakup.com/news/index.html?mode=view&cat=17&nid=322990,"[약업신문]대한약사회, 2025 결산감사 수감…기형적 약국 대책 마련 주문","©대한약사회대한약사회(회장 권영희)는 지난 2월 4일과 5일 이틀간 2025년도 결산감사를 수감했다고 밝혔다.이번 결산감사는 대한약사회 감사단(최두주·문경희·박근희·이진희)이 참여해, 2025년도 대한약사회 회...",local,4,계약,,
2026-02-06,BD,2026-02-06 12:14:00,Naver News,https://www.dailypharm.com/user/news/335424?REFERER=NP,[데일리팜]아토피 생물의약품 '4파전'…혁신신약 연구는 계속,아토피피부염 생물의약품 시장이 새로운 전환점을 맞고 있다. '듀피젠트'를 중심으로 인터루킨(IL)-13 억제제가 경쟁하던 구조에 신기전 치료제가 합류하면서 면역 경로가 서로 다른 약제 간 다층 경쟁이 본격화되는 양상이다. 4일 관련 업계에 따르면 갈더마코리아는 최근 생물학적제제 '넴루비오(네몰리주맙)'의 국내 허가를 획득했다. 적응증은 중등도에서 중증 아토피 피부염과 결절….,local,4,생물학적제제,,
2026-02-06,BD,2026-02-06 09:10:00,Naver News,https://medicalworldnews.co.kr/news/view.php?idx=1510972888,"사노피 ‘듀피젠트’, 중증 천식 건보 급여 확대…OCS 의존 환자도 혜택","이어 “듀피젠트는 경구 코르티코스테로이드 의존 중증 천식 환자군에서 스테로이드 감량 효과를 보인 최초의 생물학적제제로서, 불필요한 스테로이드 사용을 줄이고 장기적으로 지속 가능한 치료 전략을 세울 수... ",local,4,생물학적제제,,
2026-02-06,BD,2026-02-05 21:52:00,Naver News,http://www.newsmp.com/news/articleView.html?idxno=251502,"메드트로닉, 휴고 로봇 전용 ‘리가슈어 RAS’ 국내 출시 外","◇메드트로닉, 휴고 로봇 전용 ‘리가슈어 RAS’ 국내 출시메드트로닉은 자사의 로봇 수술 시스템 ‘휴고(Hugo robotic-assisted surgery system)’에 장착해 사용할 수 있는 수술용 에너지 기구 ‘리가슈어 RAS(LigaSure robotic-assisted surgery system)’를 국내에 출시한다고 밝혔다.임상 현장에서 광범위하게 사용되어온 수술용 에너지 기구와 메드트로닉 최신 로봇 시스템의 결합이라는 측면에서 의미가 크다는 평가다.사측에 따르면, 리가슈어는 전기 에너지 기반 혈관 결찰 기구로, 단일.",local,4,생물학적제제,,
2026-02-06,BD,2026-02-05 00:56:00,Naver News,https://www.koreahealthlog.com/news/articleView.html?idxno=55748,"엡글리스, 듀피젠트 실패 환자서도 효과 입증...아토피 치료 새 지평","한국릴리의 중등도-중증 아토피피부염 치료제 ‘엡글리스(레브리키주맙)’가 듀피젠트(두필루맙)에 충분한 반응을 보이지 않거나 부작용으로 치료를 중단한 환자들에서 개선된 효과를 보인 것으로 나타났다. 이에 환자들이 최적의 약제로 치료받을 수 있도록 생물학적제제간에도 교차투여를 허용해야 한다는 데 힘이 실릴 것으로 보인다.한국릴리는 4일 듀피젠트 치료를 중단한 환자를 대상으로 진행한 엡글리스의 3b상 임상 연구인 ‘ADapt’ 연구에서 교체 투여 후의 임상적 효과 및 안전성 프로파일을 확인했다고 밝혔다. 이번 연구는 효과 부족, 부작용,.",local,4,생물학적제제,,
2026-02-06,BD,2026-02-04 15:46:00,Naver News,http://www.medical-tribune.co.kr/news/articleView.html?idxno=212801,"두필루맙 중단 환자, 레브리키주맙 교체 시 아토피 증상 대폭 개선",생물학적제제 두필루맙 치료에 실패한 중등등~중증 아토피피부염에는 레브리키주맙이 효과적인 대안이 될 수 있다는 임상결과가 나왔다.한국릴리에 따르면 4일 미국 마이애미대학 연구팀이 두필루맙 치료 중단한 환자를 대상으로 엡글리스의 효과와 안전성을 평가한 ADapt 3b상 임상시험 결과가 피.,local,4,생물학적제제,,
2026-02-06,BD,2026-02-04 15:58:00,Naver News,https://www.pinpointnews.co.kr/news/articleView.html?idxno=425698,아이텍 9600원 안착… 의약품 콜드체인 전문성 부각에 투심 ‘폭발’,"바이오 의약품 시장의 팽창과 신선식품 퀵커머스(즉시 배송)의 대중화가 2026년 물류 시장의 판도를 바꾸고 있다. 적정 온도를 유지하며 제품을 운송하는 ‘콜드체인(저온 유통)’ 테마가 미래 성장 동력으로 다시금 주목받으며 시장의 활기를 불어넣었다.4일 한국거래소에 따르면, 이날 시스템 반도체 테스트 전문기업에서 의약품 콜드체인으로 사업 영역을 확장한 아이텍은 13.74% 급등하며 9600원에 장을 마감했다.이날 콜드체인 업종의 강세는 글로벌 시장의 구조적 성장 덕분이었다. 2026년 글로벌 콜드체인 장비 시장 규모가 460억 달러를.",local,4,콜드체인,,
2026-02-06,BD,2026-02-04 10:44:00,Naver News,https://www.businesskorea.co.kr/news/articleView.html?idxno=262420,"피앤에스네트웍스, IATA CEIV Pharma 인증 취득","㈜피앤에스네트웍스는 2025년 12월 23일부로 국제항공운송협회(IATA)로부터 의약품 항공운송 품질인증인 CEIV Pharma를 취득하고, 본격적인 의약품 및 바이오 물류 시장 진출에 나선다고 밝혔다.CEIV Pharma는 국제항공운송협회가 운영하는 의약품 항공운송 분야의 국제 표준.",local,4,콜드체인,,
2026-02-06,BD,2026-02-03 18:32:00,Naver News,http://www.doctorstimes.com/news/articleView.html?idxno=236653,[의료기기업계 소식] 2월 3일,"뉴로핏, ‘뉴로핏 아쿠아 AD 플러스’ FDA 510(k) 획득뇌 질환 진단·치료 인공지능(AI) 전문기업 뉴로핏(공동대표 빈준길·김동현)은 알츠하이머병 치료제 처방 관련 뇌 영상 종합 분석 솔루션 ‘뉴로핏 아쿠아 AD 플러스(Neurophet AQUA AD Plus)’가 미국 식품의약국(이하 FDA)으로부터 510(k) Clearance(시판 전 신고)를 받았다고 3일 밝혔다.이번 인허가는 뇌신경 퇴화 영상 분석 소프트웨어 ‘뉴로핏 아쿠아(Neurophet AQUA)’와 PET 영상 정량 분석 소프트웨어 ‘뉴로핏 스케일 펫(N.",local,4,콜드체인,,
2026-02-06,BD,2026-02-05 16:44:00,Naver News,https://www.insight.co.kr/news/541804,"‘위고비 개발사’ 노보 노디스크, 충격 전망 나왔다",덴마크 제약사 노보 노디스크가 올해 매출 최대 13% 감소 전망을 발표하면서 주식시장에 큰 파장이 일었습니다.,local,4,화이자,,
2026-02-06,BD,2026-02-05 16:08:00,Naver News,https://www.bizhankook.com/bk/article/31399,"[단독] '대규모 해외 투자' 차바이오텍, 차병원 재단에 잇따라 부동산 매각",강남차여성병원 부지 성광의료재단에 432억 원 매각…1년 6개월 동안 매각 부동산 1124억 원 달해.,local,4,CSO,,
2026-02-06,BD,2026-02-05 06:12:00,Naver News,https://www.hitnews.co.kr/news/articleView.html?idxno=73528,"'약가개편의 방주'가 된 개량신약... ""유나이티드제약은 이제 신약이다""","가 강덕영 한국유나이티드제약 대표를 인터뷰하는 것은 벌써 네 번째다. 세 해 전 강 대표는 '제네릭은 저무는 시대'라며 개량신약 비중 60%를 선언했다. 누군가는 '그저 높은 약가를 위한 임시방편'에 지나지 않느냐 했지만 결과는 약업계를 뒤흔드는 약가개편의 '방주'가 됐다. 그 사이 회사는 라베미니, 피타릭 등 개량신약 비율 60%를 넘어 70%를 향해 달리고 있지만 결국 그가 지난해보다 더 강조한 것은 신약의 힘이다.지난해 원외처방액을 함께 짚으며 2026년을 헤쳐나갈 한국유나이티드제약 전략, 한국제약산업 환경의 변화를.",local,4,CSO,,
2026-02-06,BD,2026-02-06 15:11:00,Naver News,https://www.topdaily.kr/articles/108581,"에스디바이오센서, PBR 0.34배…‘밸류업’ 기조 엇박자",공모가(5만2000원) 대비 83%↓…밸류업 확산에도 저평가 지속 대규모 유증·자회사 지원에 주주가치 훼손 지적도.,local,4,인수,,
2026-02-06,BD,2026-02-06 15:25:00,Naver News,https://www.mk.co.kr/article/11955843,"파라택시스 코리아, 약세에도 비트코인 50개 추가 매입 - 매일경제",비트코인 비축 및 채굴 플랫폼 기업인 파라택시스 코리아는 비트코인 비축 전략의 일환으로 약 50 BTC를 추가 매입했다고 6일 밝혔다. 이번 매입으로 파라택시스 코리아의 총 BTC 보유량은 200개를 넘어섰다. 파라택시스코리아는 코스닥 상장 비트코인 매입 기업으로 바이오 기업인 브릿지바이오테라퓨틱스가 지난해 6월 미국 헤지펀드 파라택시스홀딩스에 인수된 뒤.,local,4,인수,,
2026-02-06,BD,2026-02-06 15:29:00,Naver News,https://www.hankyung.com/article/202602069364i,구급차 이용료 오른다…휴일에 부르면 20% '할증',"구급차 이용료 오른다…휴일에 부르면 20% '할증', 응급의료법 시행규칙 개정안 등 입법예고 비응급 환자 이송도 구급차 2명 이상 타야.",local,4,인수,,
2026-02-06,BD,2026-02-06 08:36:00,Naver News,http://www.press9.kr/news/articleView.html?idxno=72049,"HK이노엔, 데노수맙 바이오시밀러 2개 품목 식약처 허가","HK이노엔이 데노수맙 성분 바이오시밀러 2개 품목에 대해 식품의약품안전처 허가를 획득했다. 식약처는 최근 HK이노엔의 데노수맙 성분 제제 '이잠비아프리필드시린지'와 '덴브레이스주’를 허가했다.두 제품은 골다공증과 골격계 합병증 예방·치료에 쓰이는 데노수맙 계열 바이오시밀러로, 오리지널 의약품과 동일한 효능·효과를 입증해 허가를 받았다. HK이노엔은 스페인 맵사이언스(Mabxience)와의 국내 독점 라이센스 계약을 통해 해당 제품의 국내 판권을 확보한 뒤 허가를 신청했다.",local,4,판권,,
2026-02-06,BD,2026-02-06 15:22:00,Naver News,https://www.asiatime.co.kr/article/20260206500301,"한미약품, 지난해 4분기 호실적…""올해 실적·비전 모두 양호""",지난해 4분기 매출 4330억·영업익 833억…컨센 상회 에피노페그듀타이드·롤베돈으로 별도 수익성 급등 '연간 1건 이상의 기술이전' 파격적 가이던스 제시 [아시아타임즈=정상명 기자] 한미약품이 지난해 4분기 역대 최대 실적을 달성한 가운데 올해 신약 출시와 기술이전에.,local,4,코프로모션,,
2026-02-06,BD,2026-02-06 12:10:00,Naver News,https://www.hitnews.co.kr/news/articleView.html?idxno=73652,"'이래서 자체 신약, 자체 품목하는 구나'... 자큐보는 제일약품 신성장 엔진","2025년 제일약품은 토종 에이스 '자큐보'를 앞세워 새 도전에 나섰다. 캐시카우로 시즌을 책임지던 30 품목 중 22개 품목의 실적이 하락한 것은 헤쳐 나가야할 과제지만 동시에 희망도 분명히 보았다. 국내 모든 제약회사 우려하고 있는 약가 개편의 시대를 맞아 포트폴리오를 리빌딩해야 하는 숙제도 빠르게 해치워야 하는 게 그 가능성도 본 것이다.가 의약품 시장조사기관 유비스트의 2024~2025년 제일약품 원외처방 데이터를 분석한 결과 2025년 전체 원외처방액은 3976억원으로 전년 4570억원 대비 595억원, 13%.",local,4,코프로모션,,
2026-02-06,BD,2026-02-06 11:02:00,Naver News,http://www.press9.kr/news/articleView.html?idxno=72074,"""한미약품, 본업 성장에 신약 동력까지...목표주가 상향""-iM증권","한미약품의 본업과 자회사 실적이 지속 개선되는 한편 올해 하반기 국내 최초 비만치료제 출시가 추가 성장 동력이 될 것으로 예상됐다.iM증권은 6일 보고서를 통해 한미약품 투자의견 매수를 유지하고 목표주가를 기존 52만원에서 63만원으로 상향했다.한미약품의 2025년 4분기 연결 매출액은 4330억원, 영업이익은 833억원으로 집계됐다. 전년 동기 대비 각각 23%, 173% 증가한 것이다. 자회사 북경한미의 중국 내 독감 유행으로 주요 품목 매출이 상승했다.",local,4,코프로모션,,
2026-02-06,BD,2026-02-06 08:00:00,Naver News,https://www.banronbodo.com/news/articleView.html?idxno=31718,[제약·바이오 심층진단 下] 체질 개선 나선 제약사들.... 차별화된 제품으로 성장  동력 모색 - 반론보도닷컴,지난해 국내 제약·바이오 기업들의 기술 수출 규모가 20조원에 달했다(제약바이오협회 추산). 2026년 제약과 바이오 업종은 AI기술을 기반으로 더 큰 도약을 할.,local,4,코프로모션,,
2026-02-06,BD,2026-02-06 07:49:00,Naver News,https://www.mk.co.kr/article/11955316,"“한미약품, 올해 몸값 올릴 호재 한가득”…목표가↑ - 매일경제","하나증권은 6일 한미약품에 대해 올해 실적과 주가 상승을 견인할 사업 성과가 기대된다며 목표주가를 기존 54만원에서 64만원으로 상향 조정했다. 한미약품의 지난 4분기 연결기준 영업이익은 전년 동기 대비 173.4% 증가한 833억원으로, 컨센서스를 18% 상회했다. 이익의 급격한 상승에는 에피노페그듀타이드 임상 시료 공급 확대, 길리어드 계약금 유입, 롤.",local,4,코프로모션,,
2026-02-06,BD,2026-02-06 10:54:00,Naver News,https://www.rapportian.com/news/articleView.html?idxno=232300,"스카이랩스, 오츠카제약과 ‘카트 비피 프로’ 유통계약 체결",스카이랩스(대표 이병환)는 일본 오츠카제약과 반지형 혈압계 ‘카트 비피 프로’(CART BP pro)의 일본 내 독점 유통계약을 체결했다고 6일 밝혔다.이번 계약은.,local,4,유통계약,,
2026-02-06,BD,2026-02-06 10:49:00,Naver News,http://news.bizwatch.co.kr/article/healthcare/2026/02/06/0004,"킵스파마, 의료기기 시장 진출…일루코와 국내 판권 계약",킵스바이오파마(킵스파마)가 광학 의료기기 전문기업 '일루코'와 손잡고 의료기기 사업에 본격 진출한다. 기존 의약품 중심의 사업 포트폴리오를 의료기기 영역으로 확장해 외형 성장을 꾀한다는 전략이다....,local,4,판권,,
2026-02-06,BD,2026-02-06 09:15:00,Naver News,https://view.asiae.co.kr/article/2026020517200299561,제일약품은 왜 '돈 안 되는' 항생제 신약을 도입했나 - 아시아경제,"제일약품이 일본 시오노기제약으로부터 도입한 항생제 신약 페트로자(성분명 세피데로콜)가 국내 출시된 지난 2일, 시장의 반응은 차분했다. 같은 날 제일약품 주...",local,4,판권,,
2026-02-06,BD,2026-02-06 07:02:00,Naver News,https://dealsite.co.kr/articles/156358,"네오이뮨텍, 엔다리 판권 확보 '일석이조' - 딜사이트",네오이뮨텍이 미국 식품의약국(FDA) 승인 신약 '엔다리'의 판권을 확보하며 안정적인 수익 기반을 마련했다. 회사는 엔다리 매출을 기반으로 상장 유지 조건을 충족해 관리종목 리스크를 해소할 계획이다. 특히 주요 파이프라인 상업화를 추진하고 있는 가운데 미국 의약품시장 운영 경험을 쌓을 수 있다는 점에서 두 마리 토끼를 잡을 수 있는 전략이라는 평가가 나온다. 5일 업계에 따르면 네오이뮨텍은 지난해 12월 미국 엠마우스라이프사이언스(엠마우스)로부터 엔다리의 북미 판권을 인수했다.,local,4,판권,,
2026-02-06,BD,2026-02-06 10:46:00,Naver News,https://dealsite.co.kr/articles/156521,"[제약+] GC녹십자, '헌터라제 ICV' 페루 품목허가 신청 外 - 딜사이트",GC녹십자가 페루 의약품관리국(DIGEMID)에 뇌실투여형 헌터증후군 치료제 '헌터라제 ICV'에 대한 품목허가 신청서를 제출했다고 6일 밝혔다. 헌터라제 ICV는 환자 머리에 디바이스를 삽입한 후 약물을 뇌실에 주기적으로 투여하는 방식의 치료제다. 전신 투여로는 제한이 있었던 중추신경계 증상 개선을 목적으로 개발됐다. 헌터증후군 환자의 약 70%는 중추신.,local,4,M&A,,
2026-02-06,BD,2026-02-06 15:08:00,Naver News,https://www.kpanews.co.kr/news/articleView.html?idxno=529051,"엔지켐생명과학, 방사선증후군 치료제 개발 공동연구 성공 - 약사공론","엔지켐생명과학(대표 손기영)은 방사선의학 분야의 국제적 연구기관인 한국원자력의학원(KIRAMS) 방사선의학연구소와 함께 위장관계 급성방사선증후군(GI-ARS, G.",local,4,라이선스,,
2026-02-06,BD,2026-02-06 15:02:00,Naver News,https://www.yakup.com/news/index.html?mode=view&cat=12&nid=322987,"[약업신문]엔지켐생명,EC-18 방사선 손상  보호·완화 치료제 가능성 확인","엔지켐생명과학(대표 손기영)은 방사선의학 분야 국제적 연구기관인 한국원자력의학원(KIRAMS) 방사선의학연구소와 위장관계 급성방사선증후군(GI-ARS, Gastrointestinal Acute Radiation Syndrome) 치료제 개발...",local,4,라이선스,,
2026-02-06,BD,2026-02-06 14:47:00,Naver News,https://biz.chosun.com/science-chosun/bio/2026/02/06/VZOYMIXZS5FWTBIFTUDM2Y5JXU/?utm_source=naver&utm_medium=original&utm_campaign=biz,"상장 원년 ‘흑자 전환’ 에임드바이오, 작년 매출 473억·영업이익 206억원","상장 원년 흑자 전환 에임드바이오, 작년 매출 473억·영업이익 206억원 암세포 잡는 유도 미사일 ADC 기술 이전 계약 성과.",local,4,라이선스,,
2026-02-06,BD,2026-02-06 13:06:00,Naver News,https://www.digitaltoday.co.kr/news/articleView.html?idxno=627918,"에임드바이오, 지난해 영업이익 흑자전환…매출 472억7835만3425원","에임드바이오(0009K0)가 2025년 연결 기준 영업이익이 흑자전환했다고 6일 공시했다.에임드바이오는 2025년 1월 1일부터 2025년 12월 31일까지 연결 기준 매출액 472억7835만3425원, 영업이익 205억9685만8558원을 기록했다. 직전사업연도(2024년 1월 1일부터 2024년 12월 31일까지) 매출액은 117억6018만1999원이었고, 영업손실은 4억775만3481원이었다.당기순이익은 42억4072만3845원으로 직전사업연도 당기순손실 33억1317만6866원에서 흑자전환했다.",local,4,라이선스,,
2026-02-06,BD,2026-02-06 15:29:00,Naver News,http://www.edaily.co.kr/news/newspath.asp?newsid=04637926645347896,"자산이 부채 웃도는 동성제약…""고금리 자금 조달 부적절""",회생절차를 진행 중인 동성제약(002210)이 인가 전 인수합병(M&A)과 대규모 자금 조달을 통한 경영 정상화를 추진하고 있다. 다만 자산이 부채를 초과하는 재무 구조를 두고 고금리 자금 조달의 적절성을 둘러싼 논의도 이어지고 있다. 6일 금융투자업계에 따르면 서...,local,4,M&A,,
2026-02-06,BD,2026-02-06 13:38:00,Naver News,https://kr.aving.net/news/articleView.html?idxno=1808611,"홈즈에이아이, 美 뉴욕 사무소 개설… ‘CLholmes(CL홈즈)’ 앞세워 글로벌 시장 공략","디지털헬스 인공지능(AI) 기업 홈즈에이아이(HolmesAI) 가 미국 뉴욕에 해외 사무소를 개설하고 북미를 중심으로 한 글로벌 시장 공략을 본격화한다고 밝혔다.홈즈에이아이는 지난 1월 2일, 뉴욕 4 월드 트레이드 센터(4 World Trade Center)에 현지 사무소를 마련했다. 이번 뉴욕 사무소는 해외 사업을 총괄하는 이광현 CSO(최고전략책임자)가 비정기적으로 상주하며 글로벌 사업 전반을 진두지휘할 예정이다.뉴욕 사무소는 향후 △미국 식품의약국(FDA) 인허가 및 규제 대응 △글로벌 의료기관과의 공동 연구 △현지 파트너십.",local,4,M&A,,
2026-02-06,BD,2026-02-06 13:22:00,Naver News,https://www.newsfreezone.co.kr/news/articleView.html?idxno=673827,"SK바이오팜, 年영업익 2039억 111%↑···성장 검증대 오른 최윤정","SK바이오팜이 지난해 연 매출 7000억원을 넘기며 사상 최대 실적을 기록한 가운데, 회사 안팎에서는 최윤정 전략본부장의 역할에 관심이 모아지고 있다.이번 호실적의 직접적인 동력은 엑스코프리(세노바메이트의 미국 제품명)의 미국 매출 확대다. 하지만 핵심 파이프라인에 집중하는 사업 전략.",local,4,M&A,,
2026-02-06,BD,2026-02-06 11:40:00,Naver News,https://biz.heraldcorp.com/article/10671257?ref=naver,‘건기식 원료 기업’ 성균바이오텍 매물로,건강기능식품 원료 전문 기업 성균바이오텍이 인수·합병(M&A) 시장에 매물로 나왔다. 6일 투자은행(IB)업계에 따르면 성균바이오텍은 최근 재무구조 개선과 사업 효율화.,local,4,M&A,,
2026-02-06,BD,2026-02-05 06:00:00,Naver News,https://www.medipana.com/news/articleView.html?idxno=406439,"강덕영 대표 ""정면 돌파로 위기 극복…신약 자체개발 이룰 것"" - 메디파나뉴스",한국유나이티드제약이 개량신약과 신약 R&D로 산업 위기에 대한 정면 돌파와 함께 성장세 지속을 꾀하고 있다. 특히 신약후보물질에.,local,4,CSO,,
2026-02-06,BD,2026-02-06 12:14:00,Naver News,https://www.dailypharm.com/user/news/335497?REFERER=NP,"[데일리팜]종근당, 일부 품목 CSO 전환 검토…4월 도입설","보령, JW중외제약에 이어 종근당도 일부 품목의 CSO(의약품 영업판촉대행) 전환을 검토하는 것으로 전해졌다. 상반기 도입 가능성이 거론되면서 제약 영업 외주화 흐름이 대형사로 확산되는 분위기다. 파트너 비딩 진행…4월 일부 품목 개시 관측 제약업계 관계자에 따르면 종근당은 지난 1월 CSO 파트너 선정을 위한 비딩(입찰, Bidding)을 진행한 것으로 알려졌다.",local,4,CSO,,
2026-02-06,BD,2026-02-06 14:12:00,Naver News,https://www.hankookilbo.com/news/article/A2026020610090005646?did=NA,트럼프 표 '의약품 판매' 사이트 개장… 의료비 절감 효과는 '글쎄'-국제ㅣ한국일보,"도널드 트럼프 정부가 의약품 거래 사이트 트럼프Rx를 개장해 의약품 가격 인하를 추진했으나, 실제 효과와 보험사 협상력 약화, 고가 항암제 미포함 등 한계가 지적된다.",local,4,제네릭,,
2026-02-06,BD,2026-02-06 15:42:00,Naver News,https://www.yakup.com/news/index.html?mode=view&cat=12&nid=322992,"[약업신문]셀리드, 코로나19 백신 후보물질 임상 2상 IND 신청","셀리드는 코로나19 예방 백신 후보물질 AdCLD-CoV19-1 LP.8.1에 대해 제2상 임상시험 계획 승인(IND)을 신청했다고 6일 공시했다.이번 임상은 만 19세 이상 성인 자원자를 대상으로, 코로나19 예방백신의 마지막 ...",local,4,백신,,
2026-02-06,BD,2026-02-06 11:16:00,Naver News,http://www.medical-tribune.co.kr/news/articleView.html?idxno=212838,성인 21가 폐렴백신 캡박시브 고면역원성 재확인,성인 21가 폐렴구균백신 캡박시브의 높은 면역원성이 재확인됐다.한국MSD는 지난 4일 ﻿국내 의료진을 대상으로 ﻿캡박시브의 임상적 가치와 미충족 수요를 논의하는 ﻿캡틴(CAPTAIN) 심포지엄(﻿웨스틴 서울 파르나스 호텔)을 개최했다.심포지엄명인 캡박시브가 국내 성인 침습성 폐렴구균.,local,4,MSD,,
2026-02-06,BD,2026-02-06 13:15:00,Naver News,https://news.tf.co.kr/read/economy/2290363.htm,'신약 개발' 힘주는 제약바이오…전문경영인 시대로 바뀐다 - 경제 | 기사 - 더팩트,신약 경쟁 격화에 R&D·글로벌 경험 갖춘 CEO 전면 배치명인·알테오젠·HLB 잇단 체제 전환…투자자 신뢰·지배구조 개선 포석국내 제약바이오 기업들이 전문경영인 체제로 전환하..,local,4,제네릭,,
2026-02-06,BD,2026-02-06 07:12:00,Naver News,https://www.newsway.co.kr/news/view?ud=2026020514021690723,빅파마 한마디에 '롤러코스터'···K-바이오 파이프라인의 명암 - 뉴스웨이,"국내 제약·바이오 기업들의 파이프라인이 글로벌 파트너사의 발표에 따라 투자자와 시장의 주목도에서 차이를 보이고 있다. 에이프릴바이오와 한미약품은 파트너사의 핵심 자산으로 강하게 언급되며 신뢰를 얻은 반면, 디앤디파마텍은 상대적으로 존재감이 약화됐다. 기술이전 파이프라인의 가치는 파트너사의 메시지 강도에 크게 좌우됨을 시사한다.",local,4,화이자,,
2026-02-06,BD,2026-02-06 14:31:00,Naver News,https://view.asiae.co.kr/article/2026020609413027781,"SK바이오사이언스, 송도서 '글로벌 바이오 플랫폼' 도약 - 아시아경제",글로벌 백신 산업에서 경쟁의 기준이 명확해지고 있다. 단일 기술이나 생산 능력보다 연구개발(R&D) 단계에서부터 공정과 공급까지를 함께 설계할 수 있는 실...,local,4,백신,,
2026-02-06,BD,2026-02-06 15:14:00,Naver News,https://www.pinpointnews.co.kr/news/articleView.html?idxno=426571,"오너 3세 승부수…유유제약, '펫 헬스케어' 전면 배치","유유제약이 동물 헬스케어를 차세대 성장축으로 낙점하고 관련 투자를 잇달아 확대하고 있다. 신약 개발 전략에서 한발 물러나 개발 기간이 짧고 상용화 속도가 빠른 동물의약품·반려동물 웰니스 분야로 무게중심을 옮기는 모습이다.5일 업계에 따르면 유유제약은 최근 영국 프리미엄 동결건조 펫푸드 기업 제임스앤엘라(James & Ella)에 전략적 투자를 단행했다. 제임스앤엘라는 세인즈버리, 웨이트로즈, 오카도, 아마존 등 영국 주요 유통 채널을 확보하고 있으며, D2C(소비자 직접판매) 구독 모델도 병행하는 동결건조 펫푸드 전문 기업이다.이번.",local,4,백신,,
2026-02-06,BD,2026-02-06 15:24:00,Naver News,https://www.pinpointnews.co.kr/news/articleView.html?idxno=426588,유틸렉스 주가 거침없은 질주...무슨 이슈 있나?,"K-바이오의 부활을 예고하며 가파르게 상승하던 생물공학 업종이 하루 만에 5% 넘게 주저앉으며 차가운 시장의 분위기를 반영하고 있다.6일 생물공학 테마는 미국 연준의 금리 인하 시점이 예상보다 늦춰질 수 있다는 우려와 함께, 주요 기업들의 글로벌 임상 결과 발표가 지연되면서 투자자들의 기대감이 실망 매물로 변하며 장 초반 5.09%대 급락세를 보이고 있다.특히 고밸류에이션 논란이 있었던 대장주들을 중심으로 차익 실현 욕구가 분출되며 업종 전체의 하방 압력을 키우는 모습이다.한국거래소에 따르면 이날 오후 1시 18분 현재 항암 면역치.",local,4,백신,,
2026-02-06,BD,2026-02-06 15:26:00,Naver News,http://www.veritas-a.com/news/articleView.html?idxno=597394,국립경국대-동물세포실증지원센터  학교 밖 협동수업으로 '현장 즉시 투입형'  백신 인재 양성,"국립경국대(총장 정태주) 글로컬대학추진단은 동물세포실증지원센터와 협력해 백신 및 바이오의약품 산업 현장 중심의 학교 밖 협동수업 프로그램을 운영하며 미래 감염병 대응을 선도할 실무형 전문 인재양성에 박차를 가하고 있다.특히 지난해 12월, 국립경국대 글로컬.",local,4,백신,,
2026-02-06,BD,2026-02-06 07:54:00,Naver News,https://www.cstimes.com/news/articleView.html?idxno=692183,'백신 자급자족' 시대 성큼… K-백신 주권 확보 가시화,컨슈머타임스=김예령 기자 | 코로나19 팬데믹을 계기로 백신 수급의 취약성이 드러나자 백신을 자체적으로 개발·생산할 수 있는 역량이 국가 경쟁력의 핵심 요소로 떠오르고 있다. 정부가 백신 국산화와 차세대 플랫폼 육성을 국정 과제로 제시한 가운데 국내 제약·바이오 기업들도 기술 플랫폼 구축과 글로벌 협력을 통해 백신 주권 강화에 나서고 있다.과거 코로나19 당시 각국이 백신 확보에 어려움을 겪으면서 특정 국가에 의존하는 글로벌 공급 구조의 한계가 드러난 바 있다. 이 같은 경험을 바탕으로 백신은 단순 감염병 대응 수단이 아닌 국가 보.,local,4,화이자,,
2026-02-06,BD,2026-02-04 12:22:00,Naver News,https://www.kpanews.co.kr/news/articleView.html?idxno=528817,"노보 주가 14% 급락, 핵심 임원도 연쇄 이탈 - 약사공론",마지아르 마이크 두스트다르(Maziar Mike Doustdar) 체제 출범 6개월 동안 ‘위고비(Wegovy) 경구제’ 출시와 주가 랠리를 누렸던 노보 노디스크.,local,4,특허만료,,
2026-02-06,BD,2026-02-05 08:44:00,Naver News,https://www.sisajournal-e.com/news/articleView.html?idxno=419014,"젠틀맨’ 박재현 한미약품 대표, 공장 회의서 이례적 강경 발언···무슨 일? - 시사저널e",평소 온화한 성품으로 제약업계에서 ‘젠틀맨’으로 불려온 박재현 한미약품 대표가 최근 제조 현장 회의에서 이례적으로 강한 어조의.,local,4,특허만료,,
2026-02-06,BD,2026-02-06 06:02:00,Naver News,https://www.dailypharm.com/user/news/335506?REFERER=NP,[데일리팜]젤잔즈 제네릭 고용량 잇단 등재...오리지널 반값 저가공세,"화이자의 JAK 억제제 젤잔즈(토파시티닙시트르산염)의 제네릭사들이 10mg 고용량까지 잇달아 급여 진입하며 경쟁에 나서고 있다. 저용량 5mg와 달리 궤양성대장염에만 적응증을 가지고 있지만, 오리지널이 갖고 있는 모든 용량을 갖춘다는 의미에서 제네릭사들의 공세는 더욱 거세질 전망이다. 특히 일부 제약사는 오리지널 약가의 절반 이하로 급여 등재하면서 저가공세에 나섰다.",local,4,특허만료,,
2026-02-06,BD,2026-02-06 09:50:00,Naver News,https://www.bloter.net/news/articleView.html?idxno=653749,"[바이오사 리포트] 셀트리온, 실적 고점 경신…올해 관건 제품믹스·신약","셀트리온이 2025년 역대급 실적을 경신하며 외형과 수익성을 동시에 잡았다. 합병 이후 훼손됐던 원가구조가 정상화되며 이익지표가 빠르게 개선됐고, 고수익 신규 바이오시밀러가 실적을 견인했다. 다만 차입 확대와 유동부채 증가가 동반된 가운데 2026년 이후 실적의 지속가능성은 제품믹스와.",local,4,특허만료,,
2026-02-06,BD,2026-02-06 12:14:00,Naver News,https://www.dailypharm.com/user/news/335526?REFERER=NP,"[데일리팜]복지부 ""영향 적다"" vs 제약 ""3조 손실""…누구말이 맞나","보건복지부가 자체 시행한 제네릭 약가인하 충격파 분석 결과를 토대로 민관 협의에 착수하자는 주장이 나오고 있다. 현재 복지부는 약가인하 시행 때 발생하는 제약사별 영향을 정량적으로 자체 분석한 자료를 토대로 제약업계가 추산한 손실액 최대 3조원이 사실과 다르다는 결과를 도출한 것으로 알려졌는데, 시뮬레이션 결과를 대외 공개하지 않고 있어 제약업계의 비판이 이어지고….",local,4,제네릭,,
2026-02-06,BD,2026-02-06 12:52:00,Naver News,https://www.dailyvet.co.kr/news/dv-opinion/272692,"[사설] 상담료 110배 차이? 소비자 현혹하는 소비자연맹, 소비자단체 맞나","한국소비자연맹이 2월 4일 동물병원 관련 소비자피해 접수 사례를 분석 결과를 발표했다. 이에 따르면, 최근 3년간(2023~2025년) 1372소비자상담센터에 접수된 동물병원 관련 피해상담 건수는 576건이었으며, 이중 의료행위 관련이 310건, 진료비 관련이 192건, 부당행위 관련이 74건이었다. 소비자연맹은 특히 “진료비 게시 제도 시행 이후에도 의료행위 관련 피해가 전체의 53.8%, 진료비 관련 피해가 33.3%를 차지하는 등 분쟁이 구조적으로 반복되고 있는 것으로….",local,4,제네릭,,
2026-02-06,BD,2026-02-06 12:35:00,Naver News,https://www.sedaily.com/article/20005872?ref=naver,위고비 198만원→29만원…‘트럼프 직구’ 통할까,"5일(현지시간) 공개된 미 정부 제약 구매 지원 공식 사이트 ‘트럼프RX’. 공개된 사이트에 접속해보니 “처방약을 세계 최저가로 찾아보세요”라는 큰 글씨가 먼저 눈에 띄었다. 검색란에 위고비를 입력하자 펜 타입은 199달러(약 29만 원), 알약 타입은 149달러(약.",local,4,제네릭,,
2026-02-06,BD,2026-02-04 12:44:00,Naver News,https://www.dailymedi.com/news/news_view.php?wr_id=933611,제약단체 비대委에 '한국노총·화학노련' 합류,﻿﻿﻿﻿산업 발전을 위한 약가제도 개편 비상대책위원회와 햑남제약단지 노동자들이 호소문을 발표하고 있다.ⓒ 최진호 기자﻿제약바이오 업계가 추진 중인 약가제도 개편 대응전선에 노동계도 공식적으로 합류하면서 기업에 대한 피해 우려가 고용 사안으로 확장되는 양상이다.4일 한국제약바이오협회(회장 노연홍)는 한국바이오의약품협회·한국의약품수출입협회·한국신약개발연구조합·한국제약협동조합 등 단체가 참여하는 '산업 발전을 위한 약가제도 개편 비상대책위원회(비대위)'에 한국노동조합총연맹과 전국화학노동조합연맹이 참여한다고 밝혔다.앞서 제약바이오업계는 약….,local,4,특허만료,,
2026-02-06,Therapeutic Areas,2026-02-06 13:02:00,Naver News,https://www.naeil.com/news/read/577299?ref=naver,"국립중앙의료원 신축, 1조8천억원 확정",국립중앙의료원 신축 이전사업이 1조8000억원으로 확정됐다. 내년 상반기 공사가 진행된다. 신축 장소인 미공병단 부지는 보건복지부로 이관됐다. 6일 복지부에 따르면 국립중앙의료원 신축이전과 중앙감염병병원 건립 사업이 기획예산처와 총사업비 조정 협의를 끝내고 설계의 마지막 단계인 실시설계에 본격 착수했다. 이번 총사업비 조정은 협의 결과 당초 사업비 1조4800억원에서 3545억원이 증액된 1조8345억원으로 최종 확정됐다.,local,3,난임,,
2026-02-06,Reimbursement,2026-02-06 15:12:00,Naver News,http://www.bosa.co.kr/news/articleView.html?idxno=2269552,"광주약사회-의료급여관리사, ‘다제약물관리 서비스’ 협력 강화","광주광역시약사회는 지난 3일 시청 회의실에서 지역 의료급여관리사들과 간담회를 열고, ‘2026년 광주다움 통합돌봄 다제약물관리 서비스’의 성공적인 운영을 위해 긴밀한 협력 체계를 구축하기로 했다.간담회에서는 만성질환으로 여러 약물을 복용하는 의료급여 수급자를 효과적으로 발굴하는 데 양측이 힘을 모으기로 했다. 의료급여관리사가 과다 의료 이용자 등을 발굴·의뢰하면 지자체 재정 절감에도 기여할 것으로 기대된다.또 신규 의료급여 수급자를 대상으로 약사가 약물 오남용 방지 교육을 실시하고, 이는 약사의 가.",local,3,급여,,
2026-02-06,Reimbursement,2026-02-06 14:24:00,Naver News,https://www.dailymedi.com/news/news_view.php?wr_id=933685,"[이 시각, 이 병원] 순천향대서울병원, 환자 중심 의료 실현",﻿﻿﻿﻿입춘이 지난 2월 5일 오후 3시. 순천향대서울병원 앞은 내원객들 발걸음으로 활기를 띠고 있었다. 주차장에 진입하려는 차량들이 길게 줄을 서 있었고 도로변에서는 안내 직원들이 분주하게 움직이며 교통을 정리하는 모습이 눈에 띄었다.병원 주변에는.,local,3,급여,,
2026-02-06,Reimbursement,2026-02-06 15:09:00,Naver News,https://www.greened.kr/news/articleView.html?idxno=336693,"코오롱티슈진, 사법 리스크 털고 '9.9조' 몸값 증명 나선다","골관절염 유전자 치료제 'TG-C(구 인보사)' 성분 논란에 따른 소송으로 '사법 리스크'를 짊어졌던 코오롱생명과학·코오롱티슈진이 소송의 핵심 쟁점이었던 이웅열 코오롱 명예회장의 2심 무죄 판결로 불확실성을 상당 부분 해소하는 모양새다. 시장 관심은 올해 중 임상시험을 종료하고 내년 초 미국 식품의약국(FDA)에 품목허가(BLA)를 신청하는 등 TG-C의 미국 시장 상업화 가능성으로 옮겨가고 있다.서울고등법원 형사13부는 5일 약사법 위반 등의 혐의로 기소된 이 명예회장, 이우석 코오롱생명과학 대표에.",local,3,약가,,
2026-02-06,Reimbursement,2026-02-06 14:32:00,Naver News,https://www.theguru.co.kr/news/article.html?no=97814,[더구루] 美 메디케어 15개 의약품 발표…보톡스·트루리시티·졸레어 등 '정조준',"미국 정부가 고령자 의료보험 '메디케어(Medicare)'의 재정 부담을 줄이기 위해 시행하는 '제3차 약가 협상' 대상 15개 품목을 발표했다. 앨러간 '보톡스', 일라이릴리 '트루리시티' 등 글로벌 블록버스터 의약품이 대거 포함됐다. 특히 사상 처음으로 병원 투여용 주사제(파트 B)가 협상 테이블에 올라 글로벌 제약업계에 비상이.",local,3,약가,,
2026-02-06,Therapeutic Areas,2026-02-06 13:44:00,Naver News,https://www.ccdailynews.com/news/articleView.html?idxno=2396384,"예산군보건소, 2026년 보건사업 홍보영상 제작·홍보",충남 예산군보건소는 2026년 새해를 맞아 군민에게 필요한 보건사업 정보를 알기 쉽게 전달하기 위해 보건사업 홍보영상을 제작했다고 밝혔다.이번 홍보영상에는 군민 건강 증진을 위해 보건소에서 추진하는 다양한 사업 내용이 담겼다.주요 내용은 △50세 이상 무료 대상포진 예방접종 △65세 이상 무료 폐렴구균 예방접종 △의료취약지 원격협진 사업 △정신건강 심리상담 바우처 사업 △치매환자 실종예방 지원사업 △난임 시술비 지원 △취약계층 건강관리 및 환자 병원 이송 사업 등이다.특히 2026년 신규사업으로 △산후조리원 비용 지원사업 △임산부.,local,3,난임,,
2026-02-06,Therapeutic Areas,2026-02-06 15:06:00,Naver News,https://www.kihoilbo.co.kr/news/articleView.html?idxno=3012763,"이순규 가톨릭 인천성모병원 교수, 대한간암학회 학술대회 우수구연상 수상 - 기호일보",이순규 가톨릭대학교 인천성모병원 소화기내과 교수 연구팀이 최근 그랜드 인터컨티넨탈 서울 파르나스 호텔에서 열린 ‘대한간암학회 제20차 정기학술대회’에서 ‘우수구연.,local,3,항암제,,
2026-02-06,Therapeutic Areas,2026-02-06 11:00:00,Naver News,https://www.khan.co.kr/article/202602061100011,“땀흘려서 죄송해요” 여성 환자들의 ‘부당한 사과’…의학이 주입한 ‘여성의 몸’에 대한 편견[플랫],"“선생님께 땀을 흘려서 죄송해요.” 미국에서 유방암 치료를 전문으로 하는 종양내과 전문의인 저자가 여성 환자들에게 자주 듣는 말은 다름아닌 사과다. 그는 “부당한 사과”를 수도 없이 들었다고 했다. 아파서, 검진 약속을 놓쳐서, 내 증상을 알아차리지 못해서, 상처가 보기 흉할까 봐…. 미안함의 이유는 갖가지다. 아픈 자신의 모습에서 부끄러움과 수치심을...",local,3,불임,,
2026-02-06,Therapeutic Areas,2026-02-06 09:06:00,Naver News,http://www.hemophilia.co.kr/news/articleView.html?idxno=40854,"한국페링제약, 대한보조생식학회서 레코벨 최신 리얼월드 연구결과 공유 - 헤모필리아라이프",한국페링제약(대표이사 김민정)은 지난 2월 1일 차바이오컴플렉스 국제회의실에서 열린 ‘2026년 대한보조생식학회 제46차 학술대회’에서 국내 난임 전문의를 대상으.,local,3,불임,,
2026-02-06,Therapeutic Areas,2026-02-06 13:04:00,Naver News,http://www.bosa.co.kr/news/articleView.html?idxno=2269396,올 제약업계 AI 도입 등 ‘최대 이슈’,"올해 제약 업계에서 가장 큰 영향력이 기대되는 이슈로 가치사슬에 AI 도입과 매출발생 지연이 전문가 가운데 각각 17%와 14%의 지지율로 지목됐다고 글로벌데이터가 조사 결과를 발표했다. 이에 대해 글로벌데이터는 AI 도입이 신약 발굴에 변혁, 임상시험 능률화, 제조 최적화를 이루며 더욱 큰 효율을 일으킬 가능성으로 인해 주목받고 있다고 설명했다. 이어 제품 매출발생은 더욱 복잡해진 보험 급여 및 가격책정 과정 때문에 심각해졌으며 특히 R&D 투자가 상당한 업계에 재무적·전략적 압박으로 작용하고 있.",local,3,항암제,,
2026-02-06,Therapeutic Areas,2026-02-06 12:42:00,Naver News,https://www.dailymedi.com/news/news_view.php?wr_id=933676,"한국유나이티드제약 베트남, 동남아 핵심 구축","﻿﻿﻿﻿﻿﻿한국유나이티드제약이 지난 2023년 호치민지사 설립을 필두로 베트남 투자를 진행해 공장법인을 설립, 운영한지 20주년을 맞이해 법인 및 지사 직원, 직원 가족 등 130여명이 기념행사 및 전진대회를 1박 2일 동안 진행했다.﻿한국유나이티드제약이 베트남 현지 파트너사 ‘바이오남(BIONAM)’과 손잡고 항암제·일반의약품(OTC) ‘투트랙’ 확장 전략을 구체화했다. 단순 제품 수출을 넘어 현지 유통·학술 마케팅·생산 거점까지 연결한 사업 구조를 재정비하며 베트남을 동남아 핵심 성장 축으로 키우겠다는 포석으로 해석된다.한국유나….",local,3,항암제,,
2026-02-06,Supply Issues,2026-02-06 12:14:00,Naver News,https://www.dailypharm.com/user/news/335531?REFERER=NP,[데일리팜]독감·장염환자 늘었는데 매출 바닥…약국 체감경기 '꽁꽁',"독감과 장염이 기승을 부리고 있지만 약국 매출은 신통치 않다는 반응이 나오고 있다. 수치상 환자는 늘었지만 약국 현장에서는 이를 체감하지 못한다는 반응이다. 더욱이 설 연휴까지 끼어 있어 최악의 보릿고개를 우려하는 목소리도 나오고 있다. 특히 독감이나 장염 등과 관련없는 정형외과, 안과 인근 약국이나 일반약을 중심으로 하는 약국들에서는 고민이 커질 수밖에 없다.",local,3,품절,,
2026-02-06,Supply Issues,2026-02-06 14:52:00,Naver News,http://www.edaily.co.kr/news/newspath.asp?newsid=04513286645347896,캐스퍼 출고? 2년만 기다리세요…경차 침체 '품귀의 역설',"국내 자동차 시장에서 경차 인기가 떨어지는 가운데 현대자동차 ‘캐스퍼’는 출고 대기 기간이 2년을 넘기는 이례적인 현상을 보이고 있다.경차 라인업 축소, 생산 제약, 수출 물량 확대 등 요인이 겹치며 품귀 현상이 심화하고 있다는 분석이 나온다.현대차 캐스퍼 (사진=현...",local,3,품귀,,
2026-02-06,Product Approval,2026-02-06 14:04:00,Naver News,https://www.onews.tv/news/articleView.html?idxno=273247,"한국순환자원유통지원센터, 인천 부평구와 폐비닐 분리배출 활성화 위한 업무 협약 체결","한국순환자원유통지원센터(이하 KORA)가 인천 부평구와 폐비닐 회수 및 재활용 활성화를 위한 업무협약을 체결하고, 상가 밀집지역을 중심으로 시범사업을 추진한다고 4일 밝혔다. 이번 협약에 따라 양 기관은 오는 3월부터 부평역과 굴포천역 로데오거리 등 유동인구가 많은 상가 밀집지역을 중심으로 폐비닐 배출 전용봉투를 배부하고 수거하는 시범사업을 시작한다.KORA와 부평구는 2026년 수도권 생활폐기물 직매립 금지 등 자원순환 정책 변화에 선제적으로 대응한다는 전략이다. 상가지역에서 일반 종량제봉투에.",local,3,용량,,
2026-02-06,Supply Issues,2026-02-05 17:15:00,Naver News,https://www.donga.com/news/Culture/article/all/20260205/133305918/2,‘두쫀쿠’ 이제 재고-할인까지…“카다이프 대신 소면이” 민원도,"줄 서서 사던 두바이 쫀득쿠키 인기가 한풀 꺾였다. SNS에는 재고·할인 판매 사례가 확산되고, 품질 논란과 식약처 신고도 잇따르고 있다. 변형 디저트 등장도 이어지고 있다.",local,3,품귀,,
2026-02-06,Reimbursement,2026-02-06 15:24:00,Naver News,https://www.yakup.com/news/index.html?mode=view&cat=11&nid=322988,"[약업신문]심사평가원, 성과 중심 적정성 평가로 전환…36항목 운영","건강보험심사평가원이 질환별 지표 중심이던 요양급여 적정성 평가를 치료 성과와 보상 연계를 강화한 평가 체계로 전환한다. 2026년 적정성 평가는 총 36개 항목을 유지하되, 평가 방식과 활용 구조를 손질해 의...",local,3,급여,,
2026-02-06,Product Approval,2026-02-06 14:00:00,Naver News,http://www.metroseoul.co.kr/article/20260206500155,"SK바이오팜, 2025년 실적 '사상 최대'...""영업이익 112% 수직상승""","SK바이오팜이 2025년 연간 실적으로 매출 7067억원, 영업이익 2039억원을 달성했다고 6일 밝혔다. 연간 영업이익은 약 112% 성장하며 전년 대비 2배 이상으로 수직 상승하고 당기순이익은 연간 2533억원을 기록하였다. 주력 제품인 국산 신약 세노바메이트(미국.",local,3,적응증,,
2026-02-06,Product Approval,2026-02-06 14:36:00,Naver News,https://www.akomnews.com/bbs/board.php?bo_table=news&wr_id=66193,"""노인·피부질환에 대한 통찰과 경험을 나누다 "" - 한의신문",대한동의방약학회 정기학술대회에 다녀와서… “언젠가 많은 사람을 도울 수 있는 한의사 될 것” 다짐 이수민 학생.,local,3,용량,,
2026-02-06,Product Approval,2026-02-06 15:30:00,Naver News,http://www.veritas-a.com/news/articleView.html?idxno=597396,"''바이오헬스케어 산업, 한국의 도전과제' 발제 및 전문가 토론 진행","인천대(총장 이인재)는 5일 인천연구원, 인하대, 한국은행 인천본부와 공동으로 '바이오헬스케어산업, 한국의 도전 과제'를 주제로 제14차 인천경제연구회 정례 토론회를 개최했다. 인천대 지역동행플랫폼(단장 홍진배)이 주관한 이번 행사에는 전문가 20여 명이.",local,3,신약,,
2026-02-06,Product Approval,2026-02-06 15:30:00,Naver News,https://dealsite.co.kr/articles/156534,"SK바이오팜 ""R&D 선순환 구조…빅 바이오텍 도약"" - 딜사이트","회사는 이러한 한계를 극복하기 위해 파킨슨 병의 근원적 병인을 타깃해 질병의 진행을 지연 및 억제할 수 있는 'SKL32276'을 개발 중이다. 현재 SKL32276에 대한 전임상을 진행 중이며 향후 계열 내 최고(Best-in-Class) 치료제로 개발한다는 방침이다. 황선관 신약연구부문 부사장(CTO)는 ""알츠하이머나 파킨슨 병은 치료제 개발에 시간과 비용이 많이 든다""며 ""SKL32276은 유전적 기여도가 명확하고 바이오마커 활용이 가능해 임상 성공 가능성을 높일 수 있는 컨셉으로 개발 중""이라고 말했다.",local,3,허가,,
2026-02-06,Product Approval,2026-02-06 15:06:00,Naver News,https://www.enetnews.co.kr/news/articleView.html?idxno=46787,"바이오 헬스케어 브랜드 칼티젠, 근골격계 통합 솔루션 MSM 조인트가드 출시",바이오 헬스케어 전문 브랜드 칼티젠이 기존 관절 영양제의 패러다임을 바꿀 근골격계 통합 관리 솔루션 칼티젠 MSM 조인트가드를 공식 출시했다. 이번 신제품은 관절 건강의 범위를 단순한 연골 관리에서 전신 움직임의 최적화로 확장한 차세대 모델이다.칼티젠은 대다수 관절의 불편함이 연골뿐만.,local,3,신제품,,
2026-02-06,Product Approval,2026-02-06 15:42:00,Naver News,https://news.mtn.co.kr/news-detail/2026020615351757039,조이시티 '바이오하자드 서버이벌 유닛' 글로벌 다운로드 500만건 돌파,"조이시티가 애니플렉스와 공동 개발한 모바일 전략 게임 ‘바이오하자드 서바이벌 유닛(BIOHAZARD Survival Unit)’이 글로벌 누적 다운로드 500만 건을 돌파했다. ‘바이오하자드 서바이벌 유닛’은 캡콤의 대표 IP ‘바이오하자드(Resident Evil)’ 세계관을 기반으로 한 전략 게임이다. 지난 11월 글로벌 151개국에 정식 출시됐다. 출시 직후 미국 구글플레이, 일본 앱스토어 인기 순위 1위를 달성하고 200만 다운로드를 기록하는 등 가파른 상승세를 보였다.이번 500만 다운로드 돌파는 북미와 유럽, 일본.",local,3,출시,,
2026-02-06,Product Approval,2026-02-06 15:40:00,Naver News,https://www.bloter.net/news/articleView.html?idxno=653779,"[콘퍼런스콜 리뷰] SK바팜, 연간 2개 IND로 R&D 강화","""조만간 연간 2건 이상의 임상시험계획(IND)을 상시로 창출하는 고효율 파이프라인 엔진을 가동하게 될 것으로 예상하고 있다."" 6일 황선관 SK바이오팜 신약연구부문 부사장 겸 최고기술책임자(CTO)는 SK바이오팜 콘퍼런스콜에서 이같이 말하며 회사의 파이프라인 다각화 의지를 내비쳤다. 해당 콘퍼런스콜은 2025년 실적 발표에 따라 열린 R&D 세션이다. SK바이오팜은 2025년 연결기준 잠정실적으로 매출 7138억원, 영업이익 2039억원을 당기순이익 2533억원을 기록했다.",local,3,출시,,
2026-02-06,Product Approval,2026-02-06 15:40:00,Naver News,http://www.hansbiz.co.kr/news/articleView.html?idxno=815340,"유한양행 ""로수바미브, 원외처방액 연간 1000억 돌파""",유한양행(대표이사 조욱제)은 이상지질혈증 치료제 ‘로수바미브’의 2025년 원외처방액이 1000억 원을 돌파했다고 6일 밝혔다.의약품 조사기관 유비스트(UBIST)에 따르면 기준 원외처방 매출 데이터에 따르면 로수바미브는 지나해 총 1022억 원의 처방 실적을 기록했다. 2016년 출시 이후 10년차에 접어든로수바미브는 2021년부터 2025년까지 최근 5년간 약 13% 성장률을 보였다.로수바미브는 에제티미브와 로수바스타틴 성분으로 구성된 이상지질혈증 치료 복합제다. ▲10/2.5㎎ ▲10/5㎎ ▲10/.,local,3,출시,,
2026-02-06,Product Approval,2026-02-06 15:36:00,Naver News,https://www.tfmedia.co.kr/news/article.html?no=201233,"[조세금융신문] 동아제약, 3중 복합 성분 ‘노드라나액’ 출시.. 피부 건조증에 효과적","동아제약(대표이사 사장 백상환)은 피부 건조증치료제 노드라나액을 출시했다고 6일 밝혔다. 수분과 보습은 건강한 피부를 유지하는 필수 요소다. 피부에 수분이 부족해 건조해질 경우 피부 장벽 기능이 약해져 수분 손실이 가속화되고, 트러블과 각종 피부 문제가 발생할 수 있다. 건조해진 피부는 보습력이 있는 일반의약품을 통해 근본적인.",local,3,출시,,
2026-02-06,Product Approval,2026-02-06 15:22:00,Naver News,http://www.bizwnews.com/news/articleView.html?idxno=124518,"셀트리온 ‘스토보클로’, 美 3대 PBM인 CVS 케어마크 처방집 등재 완료",셀트리온은 골질환 치료제 ‘스토보클로’(성분명 데노수맙)가 미국 3대 처방약급여관리업체(이하 PBM) 중 하나인 ‘CVS 케어마크’(CVS Caremark) 처방집에 선호의약품으로 등재되며 처방 가속화를 위한 기반 확보에 성공했다고 6일 밝혔다.이로써 셀트리온은 오리지널 의약품인 ‘프롤리아(Prolia)-엑스지바(XGEVA)’의 바이오시밀러로 출시한 두개 제품 모두 CVS 케어마크 선호의약품 등재를 마치게 됐다.셀트리온에 따르면 우선 스토보클로는 해당 PBM의 선호의약품 등재를 통해 오는 4월 1일(현지 시간)부터 환자.,local,3,출시,,
2026-02-06,Product Approval,2026-02-06 15:30:00,Naver News,http://www.shinailbo.co.kr/news/articleView.html?idxno=2188850,"[바이오 브리핑] SK바이오팜, HK이노엔, 파마리서치","신아일보 생활유통부 기자들이 제약바이오업계의 다양한 소식들 중 엄선해 간추린 뉴스 세 꼭지를 ‘바이오 브리핑’을 통해 독자에게 전한다. ◇SK바이오팜, 중장기 R&D 계획 공개SK바이오팜은 6일 ‘2025년 연간 실적 발표’와 함께 진행된 R&D(연구개발) 세션을 통해 중추신경계(CNS) 분야 및 방사성의약품 치료제(RPT)를 중심으로 한 파이프라인과 플랫폼 기술 중심의 중장기 R&D 계획을 공개했다.SK바이오팜은 파킨슨병의 병인과 연관된 핵심 기전과 바이오마커 기반 정밀의학.",local,3,신약,,
2026-02-06,Product Approval,2026-02-06 14:36:00,Naver News,http://www.press9.kr/news/articleView.html?idxno=72101,"[Pipeline Review][SK바이오팜]어려운 ROR1 타깃, RPT로 공략 '승부수'",SK바이오팜이 방사성의약품(RPT) 파이프라인에 ROR1(Receptor Tyrosine Kinase-Like Orphan Receptor 1) 타깃 물질을 추가했다. 2027년 임상 준비 목적의 연구(IND-enabling study) 진입이 목표다. ROR1은 유망 항암 타깃으로 꼽히지만 아직 고형암 분야에서는 개발이 더디다. SK바이오팜은 이를 RPT 모달리티로 돌파한다는 전략을 세웠다.SK바이오팜은 6일 실적발표를 통해 동위원소 악티늄-225(225Ac) 기반 ROR1 프로젝트를 신규 RPT 파이프라인으로 소개.,local,3,용량,,
2026-02-06,Product Approval,2026-02-06 15:20:00,Naver News,https://biz.newdaily.co.kr/site/data/html/2026/02/06/2026020600283.html,"이엔셀, 줄기세포 치료제 'EN001' 듀센병 美 FDA 희귀의약품 추가 지정","이엔셀은 동종 탯줄유래 중간엽줄기세포 치료 후보물질 'EN001'이 듀센 근이영양증(Duchenne muscular dystrophy, DMD)을 적응증으로 미국 식품의약국(FDA)으로부터 희귀의약품 지정(Orphan Drug Designation, ODD)을 추가 획득했다고 6일 밝혔다.이번 성과는 앞서 '샤르코-마리-투스 병(CMT)'으로 ODD를 획득한 데 이은 두 번째 쾌거다. 이로써 EN001은 말초신경 질환(CMT)과 근육 퇴행성 질...",local,3,신약,,
2026-02-06,Product Approval,2026-02-06 15:11:00,Naver News,http://www.fnnews.com/news/202602061505204625,"SK바이오팜 ""'포스트 세노바메이트'는 CNS와 RPT""","SK바이오팜 ""'포스트 세노바메이트'는 CNS와 RPT"" SK바이오팜은 6일 지난해 4·4분기 및 연간 실적 발표와 함께 중추신경계와 방사성의약품 치료제를 축으로 한 중장기 연구개발 전략을 공개하며 '빅 바이오텍' 도약 의지를 분명히 했다. 이날 SK바이오팜은 지난해 4·4분기 및 연간 실적 발표 이후 진행한 연구개발 세션을 통해 주력 제품 세노바메이트 외 차세대 파이프라인과 플랫폼 기술 개발 계획을 시장에 설명했다. 세노바메이트를 통해 확보한 이익 증가와 안정적인 현금흐름을 기반으로, 연구개발 중심의 글로벌 바이오텍으로 성장하겠다는 전략이다.",local,3,신약,,
2026-02-06,Product Approval,2026-02-06 14:44:00,Naver News,http://www.newsprime.co.kr/news/article.html?no=723457,"세노바메이트 앞세운 SK바이오팜, 수익성·R&D 동시 전략 구축","회사 관계자는 ""그동안 세노바메이트의 적응증 확대에 전략적 우선순위를 두어 왔다""며 ""확장 임상이 마무리 단계에 접어든 지난해부터는 새로운 파이프라인 개발에 본격적으로 착수했다""고 말했다. 이어... ",local,3,적응증,,
2026-02-06,Product Approval,2026-02-06 13:56:00,Naver News,https://www.g-enews.com/view.php?ud=202602061248406217b065b72042_1,"셀트리온 ‘옴리클로’, 스페인 오말리주맙 시장 장악 - 글로벌이코노믹",셀트리온이 유럽에서 최초 출시한 만성 특발성 두드러기 및 알레르기성 천식 치료제인 ‘옴리클로’가 주요 5개국 중 하나인 스페인 공공 입찰에 성공하며 시장 확대에 속도를 내고 있다.6일 셀트리온에 따르면 셀트리온 스페인 법인은 지난해 말 현지 주요 권역인 카탈루냐 지역 공공입찰에서 1순위.,local,3,적응증,,
2026-02-06,Product Approval,2026-02-06 15:24:00,Naver News,https://www.cstimes.com/news/articleView.html?idxno=692406,"제테마, 파리 IMCAS서 美 임상 성과·상업화 로드맵 공개",컨슈머타임스=김예령 기자 | 제테마는 지난 1월 프랑스 파리에서 개최된 세계 최대 규모의 미용성형학회 'IMCAS World Congress 2026'에서 글로벌 시장을 향한 구체적인 상업화 로드맵과 차세대 연구개발(R&D) 비전을 공유했다.제테마는 지난해에 이어 2년 연속 학회의 핵심 프로그램이자 글로벌 미용 의료 기업 최고경영자(CEO)와 경제 분석가들이 모여 업계 동향을 논의하는 'La Tribune' 세션에 초청받았다. 올해는 김병수 글로벌사업본부 본부장이 발표자로 나서 제테마의 고도화된 기술력과 급변하는 시장에 대응하는 전.,local,3,제형,,
2026-02-06,Product Approval,2026-02-06 15:18:00,Naver News,https://biz.newdaily.co.kr/site/data/html/2026/02/06/2026020600277.html,"파마리서치, 나노 항암제 'PRD-101' 美 FDA 임상 1상 승인",파마리서치는 차세대 나노 항암제 'PRD-101'에 대해 미국 식품의약국(FDA)으로부터 임상 1상 임상시험계획(IND) 및 개시 승인을 받았다고 6일 밝혔다. PRD-101은 파마리서치만의 독자적인 특허 기술 DOT(DNA Optimizing Technology)로 제조된 뉴클레오티드(Nucleotide)를 항암 제형에 최초로 적용한 나노 항암제다.PRD-101에는 DOT 기술을 고도화한 Advanced DOT 플랫폼이 적용됐...,local,3,제형,,
2026-02-06,Product Approval,2026-02-06 14:36:00,Naver News,http://www.financialreview.co.kr/news/articleView.html?idxno=40247,[오늘의 제약리뷰] 유한양행·동국제약·동아제약·현대약품,"6일, 제약·바이오 업계의 새로운 소식을 살펴본다. 유한양행의 이상지질혈증 치료제 '로수바미브'는 지난해 원외처방액 1000억 원을 돌파했다. 동국제약은 설 명절을 앞두고 부모님을 위한 증상별 맞춤 제품을 소개했다. 동아제약은 건조해진 피부를 집중적으로 치료할 수 있는 '노드라나액'을 출시했다. 현대약품의 식이섬유 음료 브랜드 '미에로화이바'는 1989년 출시 이후 누적 판매량 23억 병을 초과 달성했다.",local,3,제형,,
2026-02-06,Reimbursement,2026-02-06 14:22:00,Naver News,https://www.bizhankook.com/bk/article/31412,"트럼프RX 출범, K-바이오에 '독'일까 '약'일까",의약품 할인 정보 제공하고 구매처로 연결 방식…미국 내 바이오시밀러 생산 기업 '수혜' 전망.,local,3,약가,,
