date,category,published_date,site_name,url,title,summary,region,score_ag,keywords,reward_x,rl_score,lgbm_score,reward_y,score_ag_norm,lgbm_score_norm,final_score,is_top20
2026-02-12,Zuellig,2026-02-11 10:28:00,Naver News,http://www.medisobizanews.com/news/articleView.html?idxno=134547,"지피테라퓨틱스, ‘닥터레디스’와 '니코틴엘' 국내시장 공략","쥴릭파마(Zuellig Pharma)의 커머셜 사업부 지피테라퓨틱스코리아(ZP Therapeutics Korea, 대표: 김정헌)가 글로벌 제약사 닥터레디스(Dr. Reddy’s Laboratories)와의 파트너십을 통해 금연보조제 ‘니코틴엘(Nicotinell)’의 국내 유통 및 판매를 본격화한다고 11일 밝혔다.이번 계약은 단일 제품 도입을 넘어, 지피테라퓨틱스가 컨슈머헬스케어(Consumer Healthcare, CHC) 영역에서 브랜드 상업화 및 시장 확장을 안정적으로 수행할 수 있는 파트너임을 보여주는 사례다.",local,10,쥴릭,,,0.19316349065381122,,1.0,0.19316349065381122,1.0,True
2026-02-12,Client,2026-02-12 16:30:00,Naver News,https://www.medicopharma.co.kr/news/articleView.html?idxno=67104,"아스트라제네카, 경구 GLP-1 비만약 2상서 유의한 결과 확인",아스트라제네카의 경구용 GLP-1 계열 비만 치료제 후보물질 '엘레코글리프론'이 비만 및 당뇨병 대상 2상 임상에서 주요 평가변수를 충족하며 3상 개발 단계에 진입한다.12일 업계에 따르면 아스트라제네카는 최근 연간 실적 발표를 통해 엘레코글리프론을 평가.,local,10,아스트라제네카,,,0.3205238609470773,,1.0,0.3205238609470773,0.7961571582841231,True
2026-02-12,Client,2026-02-12 07:03:00,Naver News,https://www.sedaily.com/article/20008166?ref=naver,"렉라자 마일스톤에…유한양행, 2년 연속 매출 2조 돌파",유한양행(000100)이 국산 신약 렉라자의 글로벌 상업화 성과에 힘입어 사상 최대 실적을 기록했다. 특히 2년 연속 매출 2조 원대를 달성하며 외형 성장을 이룬 데다 영업이익도 전년 대비 두 배 가까이 늘어나며 내실까지 챙겼다는 평가를 받았다. 특히 올해는 유럽 시장.,local,10,얀센,,,0.31110713962839237,,1.0,0.31110713962839237,0.7933321418885176,True
2026-02-12,Client,2026-02-12 13:20:00,Naver News,https://www.hitnews.co.kr/news/articleView.html?idxno=73859,"아스텔라스, 인도 루핀·자이더스와 '미르베트릭' 특허 분쟁 합의","아스텔라스제약이 과민성 방광 치료제 '미르베트릭'(성분명 미라베그론)을 둘러싼 미국 특허 침해 소송에서 인도 제약사 루핀 및 자이더스와 최대 2억1000만달러 규모의 합의금을 받는 것으로 마무리했다. 미르베트릭은 한국에서 '베타미가'라는 이름으로 팔리고 있다.아스텔라스는 12일 루핀 리미티드 및 루핀 파마슈티컬스, 자이더스 라이프사이언스 및 자이더스 파마슈티컬스(USA)와 각각 합의 계약을 체결했다고 밝혔다. 합의에 따라 미르베트릭 관련 양사와의 모든 특허 침해 소송은 종료된다.회사는 이번 소송 합의금으로 두 회사에게 총 6000만.",local,10,아스텔라스,,,0.3046393427426158,,1.0,0.3046393427426158,0.7913918028227847,True
2026-02-12,Client,2026-02-12 11:56:00,Naver News,https://www.medicaltimes.com/Main/News/NewsView.html?ID=1167302&ref=naverpc,[메디칼타임즈] 오젬픽 급여로 당뇨병 맞춤형 치료 시대…기준 개선 필요,"국내 허가된 지 약 4년 만에 급여 등재 된 당뇨병 치료제 오젬픽.과도한 급여기준 설정이라는 논란 속에서 등재됐지만, 임상현장에서는 맞춤형 치료가 가능해졌다는 긍정적인 평가를 내렸다.박철영 강북삼성병원 교수(내분비내과)는  '국내 2형 당뇨병 치료 전략의 변화'를 설명하며 오젬픽이 가진 임상적 가치를 평가했다.박철영 강북삼성병원 교수(내분비내과)는 12일 노보노디스크제약(이하 노보)이 개최한 행사에 참석해 '국내 2형 당뇨병 치료 전략의 변화'를 설명하며 오젬픽(세마글루타이드)이 가진 임상적 가치를 평가했다.앞서 보건복지부는 이달부터 오젬픽의 급여를 적용한 바 있다. 복지부 고시 '요양급여의 적용 기준 및 방법에 관한 세부사항(약제)'에 따르면, '메트포르민(Metformin)+설폰요소제(Sulfonylurea)+오젬픽' 3제 병용요법과 '기저 인슐린+오젬픽' 2제 병용요법에 대해 급여 적용이 가능하다. 이는 기존 당뇨병 치료제 일반 원칙에 따른 트루리시티(둘라글루타이드, 일라이 릴리)의 급여 기준과 동일하다.다만, 기존 당뇨병 치료제 일반 원칙과 달리 오젬픽의 경우, 기존 약제를 2~4개월 이상 병용 투여했음에도 당화혈색소(HbA1c) 수치가 7% 이상인 환자로 급여 대상을 제한하고 있다는 점이다.여기에 ▲최초 투여 시 약제 투여 과거력 및 검사(HbA1c, BMI 등) 결과 제출 의무 ▲이후 3개월마다 HbA1c 및 BMI 검사 결과 제출 의무 ▲투여 초기 3개월간 최대 4주 단위 처방기간 제한 등의 추가 기준도 포함됐다.또한 트루리시티의 경우 허가사항 범위 내에서 급여 기준에 해당하지 않더라도 약값 전액을 환자가 부담하는 조건으로 사용이 가능하다고 명시돼 있다.",local,10,릴리,,,0.3046393427426158,,1.0,0.3046393427426158,0.7913918028227847,True
2026-02-12,Client,2026-02-11 16:13:00,Naver News,https://kormedi.com/?p=2789114,"“용 꼬리보단 뱀 머리”… 유유제약, 고양이 의약품 승부수 - 코메디닷컴","유원상 유유제약 대표가 11일 간담회가 끝난 뒤 사옥 7층에 위치한 회의실에서 고양이 '아리'를 소개하고 있다. 사진= 박병탁 기자 “유유제약이 살아나려면 남들이 안 하는 것을 해야 합니다. 고양이 의약품 시장은 흔히 말하는 1조원 시장은 아니지만, 저는 1000억원 시장도.",local,10,베링거인겔하임,,,0.2785970216675014,,1.0,0.2785970216675014,0.7835791065002504,True
2026-02-12,Distribution,2026-02-06 06:04:00,Naver News,https://www.kpanews.co.kr/news/articleView.html?idxno=528958,"제약사 자사몰 확산에 유통업계 ""못 살겠네"" 대응 예고 - 약사공론",제약사 자사 온라인몰 확산을 둘러싼 의약품 유통업계의 문제 제기가 본격화되고 있다. 한국의약품유통협회는 제약사 기반 온라인몰이 빠르게 늘어나면서 약사법상 허용 범.,local,10,바로팜,,,0.27215650884987097,,1.0,0.27215650884987097,0.7816469526549612,True
2026-02-12,Client,2026-02-12 13:56:00,Naver News,https://www.100ssd.co.kr/news/articleView.html?idxno=206065,"분당서울대병원, ‘차세대 비만약’ 개발 방향 제시 - 백세시대","위고비, 마운자로 등으로 대표되는 GLP-1 기반 비만 치료제가 식욕 및 에너지 소비와 연관된 장·췌장 호르몬 신호를 복합적으로 조절.",local,10,마운자로,,,0.2663097378838735,,1.0,0.2663097378838735,0.779892921365162,True
2026-02-12,Client,2026-02-11 17:02:00,Naver News,http://www.lkp.news/news/articleView.html?idxno=76306,"실적 안정 흐름 이어가는 일동제약, 신약 파이프라인에 쏠린 시선","일동제약이 비용 구조 개선과 R&D 전략 재편을 통해 실적 안정 흐름을 이어가고 있다. 운영 효율화 성과가 실적으로 확인되는 가운데 핵심 신약 파이프라인을 중심으로 중장기 성장 기반을 다지고 있다.◆운영 효율 개선 효과, 실적에 반영일동제약은 수년간 신.",local,10,화이자,,,0.2652998438682778,,1.0,0.2652998438682778,0.7795899531604833,True
2026-02-12,Client,2026-02-06 12:16:00,Naver News,https://www.medicaltimes.com/Main/News/NewsView.html?ID=1167208&ref=naverpc,[메디칼타임즈] 늘어난 항암제 병용요법 제약사 셈법도 복잡해진다,"항암제 병용요법들의 급여 도전이 늘어나면서 이를 둘러싼 제약사들의 셈법도 복잡해지는 모양새다.병용요법에 활용되는 치료제를 보유한 기업이 상이하면서 나타나는 현상으로 풀이된다.왼쪽부터 한국MSD 항PD-1 면역항암제 키트루다, 아스텔라스 항체-약물 접합체 파드셉 제품사진.6일 제약업계에 따르면, 최근 다국적 제약사들이 항암제 병용요법 식약처 허가를 발판 삼아 건강보험심사평가원에 급여를 신청하는 사례가 늘어나고 있다.현재 급여가 논의 중인 대표적인 항암제 병용요법을 꼽는다면, 요로상피암 1차 치료에서 표준요법으로 부상 중인 파드셉(엔포투맙베도틴), 키트루다(펨브롤리주맙, MSD) 병용요법이다.파드셉의 경우 이전 치료에 실패한 전이성 요로상피암 환자 대상으로 도입된 ADC 항암제로 국내에 출시돼 처방되고 있다. 여기에 2024년 7월 키트루다와의 병용요법으로 1차 치료까지 적응증을 확대, 전이성 요로상피암 1~3차 모두에서 허가된 ADC 항암제가 됐다.다만, 급여 논의 과정은 순탄치 않았다.급여 첫 관문으로 여겨지는 건강보험심사평가원 암질환심의위원회에 도전했지만 번번이 실패를 맛봤기 때문이다. 몇 번에 도전 끝에 지난해 10월에서야 암질심을 통과한 바 있다.이에 따라 급여를 신청한 한국아스텔라스는 약제급여평가위원회 상정 전 경제성 평가 과정을 거치고 있다.",local,10,아스텔라스,,,0.2652998438682778,,1.0,0.2652998438682778,0.7795899531604833,False
2026-02-12,Client,2026-02-12 16:17:00,Naver News,https://news.tf.co.kr/read/economy/2292843.htm,"삼성바이오에피스, 아일리아 분쟁 종결…글로벌 특허 합의 완료 - 경제 | 기사 - 더팩트",유럽 이어 미국 시장 합의미국서 2027년 1월 오퓨비즈 출시 가능삼성바이오에피스가 안과질환 치료제 아일리아의 바이오시밀러 오퓨비즈(성분명 애플리버셉터)를 오는 2027년..,local,10,리제네론,,,0.2652998438682778,,1.0,0.2652998438682778,0.7795899531604833,False
2026-02-12,Client,2026-02-12 21:01:00,Naver News,https://biz.heraldcorp.com/article/10675104?ref=naver,"“먹는 위고비는 100% 사기”…현직 의사의 ‘경고’, 왜?",142만 유튜브채널 ‘닥터프랜즈’를 운영하는 내분비내과 전문의 우창윤이 현재 국내에서 유통중인 ‘먹는 위고비’는 100% 사기라면서 주의를.,local,10,위고비,,,0.26412348105905575,,1.0,0.26412348105905575,0.7792370443177167,False
2026-02-12,Distribution,2026-02-10 17:16:00,Naver News,https://mdtoday.co.kr/news/view/1065594502714957,"블루엠텍, 김현수→김준석 대표이사 변경","김현수 전 대표 사내이사직 유지 블루엠텍 CI 의약품 유통 플랫폼 기업 블루엠텍은 9일 이사회를 통해 김준석 사내이사를 신임 대표이사로 선임했다고 공시했다. 기존 김현수 대표이사는 사임했으며, 사내이사직은 유지한다. 김준석 대표는 1977년생으로, 2017년부터 2022년까지 사노피-아벤티스코리아에서 상무로 재직했으며, 2022년 5월부터 블루엠텍 사내이사로 활동해왔다.",local,10,블루엠텍,,,0.26310525919506605,,1.0,0.26310525919506605,0.7789315777585197,True
2026-02-12,Client,2026-02-12 07:14:00,Naver News,https://www.sedaily.com/article/20008000?ref=naver,"9.3조 시장 공략 잰걸음…셀트리온, 건선치료 복제약 임상 3상 간소화 유럽서 승인",셀트리온은 건선 치료제인 CT-P55의 글로벌 임상 3상과 관련해 유럽의약품청(EMA)으로부터 등재 환자수를 축소하는 임상시험계획(IND) 변경 승인을 받았다고 11일 밝혔다. CT-P55는 스위스 노바티스가 개발한 코센틱스의 바이오시밀러다. 셀트리온은 판상형 건선 환.,local,10,노바티스,,,0.25845672132266584,,1.0,0.25845672132266584,0.7775370163967997,False
2026-02-12,Distribution,2026-02-10 15:44:00,Naver News,https://www.pinpointnews.co.kr/news/articleView.html?idxno=428084,"한미약품, '로수젯·아모잘탄'으로 쓴 신약 신화","비만치료제 테마는 10일 장을 마치며 상승세로 거래를 끝냈다.테마 지수는 1%대 상승률을 기록하며 제약·바이오 업종 내에서 상대적 강세를 보였다. 글로벌 비만치료제 시장이 장기 성장 산업으로 부각되면서 관련 파이프라인을 보유한 국내 기업들에 매수세가 유입된 영향으로 풀이된다.장 초반부터 상승을 주도한 것은 중소형 바이오 종목들이었다.10일 한국거래소에 따르면, 이날 DXVX는 비만치료제 후보물질에 대한 기대가 부각되며 15% 이상 올라 4600원대에서 거래를 마쳤다. 신약 초기 단계 기업임에도 불구하고 기술 잠재력에 베팅하는 자금이.",local,10,블루엠텍,,,0.2572768108957869,,1.0,0.2572768108957869,0.777183043268736,False
2026-02-12,Client,2026-02-11 12:30:00,Naver News,https://www.womaneconomy.co.kr/news/articleView.html?idxno=249751,사망자 최다 희귀질환인데···10년째 '그림의 떡' 폐섬유증 치료제,국내 희귀질환 가운데 사망자 수가 가장 많은 특발성 폐섬유증 치료제가 허가 후 10년 가까이 건강보험 급여 문턱을 넘지 못하고 있다. 치료제가 있음에도 비급여 장벽에 가로막혀 환자 생존권이 위협받는 상황이다.11일 한국희귀·난치성질환연합회(연합회)에 따르면 지난 6일 국회의원회관에서 안상훈 국민의힘 의원과 공동 주최로 '특발성 폐섬유증 환자 생존권 보장을 위한 정책토론회'가 열렸다. 치료 접근성 개선을 논의하기 위한 자리였지만 2016년 10월 허가 이후 급여권에 진입하지 못한 구조적 문제는 여전히 해소되지 않은 상태다.약값 감당.,local,10,베링거인겔하임,,,0.25151953030178525,,1.0,0.25151953030178525,0.7754558590905355,False
2026-02-12,Distribution,2026-02-06 09:04:00,Naver News,http://www.bosa.co.kr/news/articleView.html?idxno=2269483,지오영 조선혜 회장이 저격한 의약품 온라인몰 영업 형태는?,"한국의약품유통협회 정기총회 석상에서 대한민국 약업대상 유통 부분을 수상한 지오영 조선혜 회장이 저격한 의약품 온라인몰들은 어떤 영업 형태를 전개하고 있을까?한국의약품유통협회가 주목한 주요 온라인몰은 HMP몰, 더샵, 유팜몰, 바로팜, 약올려 등이다. 이중 3곳은 제약사의 자사 온라인몰로, 1곳은 도매허가를 받아 전국 약국에 약품을 공급하고 있다.매출액도 HMP몰은 1조 1000억원, 더샵은 651억원, 바로팜은 455억원, 약올려는 400억원이며 유팜몰은 수수료만 매출액으로 산정해 17억 8000만원.",local,10,바로팜,,,0.2511086576392626,,1.0,0.2511086576392626,0.7753325972917787,False
2026-02-12,Client,2026-02-12 07:38:00,Naver News,http://www.docdocdoc.co.kr/news/articleView.html?idxno=3036423,'고양이 바이오 신약'으로 글로벌 영토 확장나선 유유제약,1941년 설립돼 올해로 85주년을 맞이한 유유제약이 강력한 체질 개선과 미래 먹거리 발굴에 속도를 내고 있다. 유유제약은 지난 11일 기자 간담회를 열고 박노용 대표의 경영 효율화 성과와 유원상 대표가 이끄는 반려동물 바이오 의약품 사업의 청사진을 공개했다. 이날 첫 번째 발표자로 나선 박노용 대표는 지난 수년간의 적자 고리를 끊어내고 회사를 흑자 구조로 돌려세운 경영 성과를 집중적으로 설명했다.,local,10,화이자,,,0.2511086576392626,,1.0,0.2511086576392626,0.7753325972917787,False
2026-02-12,Client,2026-02-11 13:38:00,Naver News,https://www.yakup.com/news/index.html?mode=view&cat=12&nid=323207,"[약업신문]유유제약, 고양이 바이오 신약으로 승부수 띄웠다",올해로 창립 85주년을 맞은 장수 제약사 유유제약이 '펫 헬스케어(Pet Healthcare)'를 미래 핵심 성장 동력으로 낙점하고 대대적인 체질 개선에 나섰다.4년 연속 적자의 늪을 지나 지난해부터 재무 건전성을 회복...,local,10,화이자,,,0.24182048059314393,,1.0,0.24182048059314393,0.7725461441779431,False
2026-02-12,Client,2026-02-12 16:22:00,Naver News,http://www.medisobizanews.com/news/articleView.html?idxno=134655,"다이어트 주사 ‘마운자로·위고비’, '이것' 모르면 효과 없다","최근 비만치료제의 개발과 상용화가 본격화되면서 국내 다이어트 시장의 흐름이 빠르게 변화하고 있다. 과거에는 운동과 식이요법 중심의 체중 감량이 일반적이었다면, 현재는 다이어트 주사인 마운자로·위고비와 같은 비만치료제가 새로운 대안으로 자리잡으며 다이어트 판도를 뒤흔들고 있다는 평가가 나온다.특히 새해를 맞아 체중 감량을 목표로 세우는 이들이 늘어나면서 다이어트 주사를 찾는 수요도 급증했다. 새해 들어 비만치료제 마운자로의 수요가 크게 늘며 전국적으로 품귀 현상까지 나타나고 있다.",local,10,마운자로,,,0.24160252747513666,,1.0,0.24160252747513666,0.7724807582425409,False
2026-02-12,Client,2026-02-12 17:01:00,Naver News,https://www.hankookilbo.com/news/article/A2026021212120004805?did=NA,"""마운자로 뒤이을 차세대 비만약, 몸무게 20% 이상 줄일 수 있다""-라이프ㅣ한국일보","비만 치료제 시장에 위고비, 마운자로 이어 차세대 비만 치료제가 등장할 전망이다. 다양한 호르몬 경로를 동시에 공략해 20% 이상의 체중 감량 효과와 경구 약물 혁신, 근감소증 위험 개선까지 기대된다.",local,10,마운자로,,,0.24160252747513666,,1.0,0.24160252747513666,0.7724807582425409,False
2026-02-12,Client,2026-02-12 06:02:00,Naver News,https://www.yakup.com/news/index.html?mode=view&cat=12&nid=323228,[약업신문]AI·메타버스 앞세운 제약 스마트공장…관건은 데이터와 시스템 연동,"AI와 메타버스 기술이 제약 제조 현장으로 빠르게 확산되는 가운데, 스마트공장의 경쟁력은 화려한 기술 도입이 아니라 ‘데이터 통합과 활용 역량’에 달려 있다는 현장 메시지가 나왔다.한국혁신의약품컨소시엄은...",local,10,BMS,,,0.24160252747513666,,1.0,0.24160252747513666,0.7724807582425409,False
2026-02-12,Client,2026-02-12 20:19:00,Naver News,https://www.mk.co.kr/article/11961625,“체중 20% 감량 효과?”…위고비 뛰어넘는 ‘차세대 약’ 나올까 - 매일경제,"공동연구진, 국제학술지 발표 주사에서 먹는 약으로 변화 비만 치료제 ‘위고비’와 ‘마운자로’를 활용한 체중 감량에 관심이 커지는 가운데, 다양한 호르몬 경로를 공략해 20% 이상의 체중 감량 효과를 기대할 수 있는 차세대 약이 출시될 수 있다는 전망이 나왔다. 분당서울대병원과 부천성모병원·독일 보훔대가 참여한 공동 연구진은 국제학술지 ‘내분비 리뷰(Endocrine Reviews)’에 발표한 비만 치료제 리뷰 논문에서 이 같은 가능성을 제시했다고 12일 밝혔다. 연구진은 ‘복합 조절’ 변화에 주목했다.",local,10,위고비,,,0.24160252747513666,,1.0,0.24160252747513666,0.7724807582425409,False
2026-02-12,Client,2026-02-11 09:54:00,Naver News,https://www.pharmnews.com/news/articleView.html?idxno=301450,"FDA, ‘키트루다’ 백금 저항성 난소암 승인… 사망 위험 24%↓ - 팜뉴스",미국 식품의약국,local,10,머크,,,0.23294020163838464,,1.0,0.23294020163838464,0.7698820604915153,False
2026-02-12,Distribution,2026-02-12 16:55:00,Naver News,https://www.munhwa.com/article/11568216?ref=naver,한파에 지오영 감기약 차량 광고 효과 활황,추운 날씨가 이어지면서 의약품 유통기업 지오영의 차량광고 효과가 활성화되고 있는 것으로 나타났다. 지오영은 자사의 의약품 배송차량에 부착된 감기약 광고 효과가 겨울에 더욱 뜨거워지고 있다고 12일 밝혔다. 겨울철은 폭설과 한파 등의 기상여건 악화로 야외 활동이 줄어들어.,local,10,지오영,,,0.22837603880381396,,1.0,0.22837603880381396,0.7685128116411442,False
2026-02-12,Client,2026-02-12 06:00:00,Naver News,https://www.pharmnews.com/news/articleView.html?idxno=301466,"12조 반려동물 시장 도전장...""유유제약, 퍼스트무버로 뛸 것"" - 팜뉴스","유유제약이 반려동물 바이오의약품 시장을 신성장 동력으로 설정하고, 글로벌 시장 5위의 동물의약품 개발사가 되겠다는 미래 비전을 밝혔다.",local,10,베링거인겔하임,,,0.2283257886354391,,1.0,0.2283257886354391,0.7684977365906317,False
2026-02-12,Distribution,2026-02-10 15:26:00,Naver News,http://www.mkhealth.co.kr/news/articleView.html?idxno=77580,"[제약소식] 제약바이오協, 국산 전문의약품 약가 인하 반발해 결의문 채택 등","한국제약바이오협회는 10일 제1차 이사회를 열고 정부가 추진 중인 국산 전문의약품(제네릭) 중심의 대규모 약가 인하 정책에 강한 우려를 표명하며, 건강보험정책심의위원회 의결과 시행 유예를 촉구하는 결의문을 만장일치로 채택했다.협회는 결의문에서 국내 제약산업을 국민 건강과 생명을 지키는 보건안보의 핵심이자 국가 경쟁력을 뒷받침하는 전략 산업으로 규정했다. 코로나19 팬데믹 등 국가적 보건 위기 상황에서도 국내 제조·공급 인프라를 기반으로 안정적인 의약품 공급을 책임져 왔다는 점을 강조했다.협회는 그러나 정부가 국산 전문의약품을 건강보.",local,10,블루엠텍,,,0.22472812070551593,,1.0,0.22472812070551593,0.7674184362116547,False
2026-02-12,Client,2026-02-12 14:06:00,Naver News,https://biz.heraldcorp.com/article/10675605?ref=naver,"‘아델’의 강력한 후원자 故 김정근 고문, 그가 남긴 ‘포스트 렉라자’의 꿈","대한민국 바이오 벤처의 기틀을 닦은 선구자, 김정근 오스코텍 고문(창업자)이 향년 65세로 별세했다. 평소 지병 없이 건강했던 고인은 미국 출.",local,10,사노피,,,0.2233275175840221,,1.0,0.2233275175840221,0.7669982552752066,False
2026-02-12,Client,2026-02-12 14:06:00,Naver News,http://www.press9.kr/news/articleView.html?idxno=72349,"경구용 GLP-1 '빅파마 전쟁'...MSD, 한소제약 도입 물질 임상 진입",GLP-1 기반 경구용 비만 치료제 시장이 본격적인 빅파마 각축전 국면에 접어들었다. 노보노디스크와 일라이릴리 등 선두주자가 제품 출시에 들어선 가운데 미국 MSD도 후보물질 임상을 추진하며 시장 공략을 본격화하고 있다.임상정보 등록 사이트 클리니컬트라이얼스에 따르면 MSD는 중국 한소제약(Hansoh Pharma)으로부터 도입한 경구용 GLP-1 수용체 작용제 MK-4082의 1상 임상시험 계획을 최근 업데이트했다. 임상은 체질량지수(BMI) 25~40 kg/m² 구간의 과체중·비만 성인 120명을 대상으로 MK-4.,local,10,MSD,,,0.2233275175840221,,1.0,0.2233275175840221,0.7669982552752066,False
2026-02-12,Client,2026-02-10 06:02:00,Naver News,https://www.dailypharm.com/user/news/335594?REFERER=NP,[데일리팜]처방액 100억 이상 33개...돈 되는 스타틴·에제 복합제,국내 제약업계에서 스타틴과 에제티미브를 결합한 복합제가 우량 캐시카우로 자리매김했다. 지난해 총 33개 제품이 처방액 100억원을 넘으면서 제약사들의 실적 버팀목 역할을 톡톡히 했다. 연간 처방액 1000억원 이상 제품도 4개에 달했다. 로수바스타틴‧에제티미브 복합제는 20개 제품이 처방액 100억원을 넘어섰다. 로수젯을 앞세운 한미약품이 스타틴‧에제티미브 시장에서 2000억원….,local,10,애보트,,,0.22243120461272783,,1.0,0.22243120461272783,0.7667293613838183,False
2026-02-12,Client,2026-02-12 11:36:00,Naver News,https://www.yakup.com/news/index.html?mode=view&cat=11&nid=323286,"[약업신문]복지부-보산진, 글로벌 빅파마 6곳과 손잡고 ‘K-바이오’ 키운다",©약업신문=김홍식 기자정부가 글로벌 제약사(빅파마)들과 손잡고 국내 제약바이오 기업의 글로벌 시장 진출을 위한 대규모 지원 사격에 나선다.보건복지부(장관 정은경)와 한국보건산업진흥원(원장 차순도)은 글...,local,10,MSD,,,0.22243120461272783,,1.0,0.22243120461272783,0.7667293613838183,False
2026-02-12,Client,2026-02-12 10:06:00,Naver News,https://www.apsk.co.kr/news/articleView.html?idxno=538636,"삼성에피스·셀트리온, 아일리아 특허 합의 완료…내년 美 시장서 격돌 - 메디팜스투데이",삼성바이오에피스와 셀트리온이 아일리아(성분명 애플리버셉트) 특허 합의를 완료하면서 내년 미국 시장에서 본격적으로 맞붙게 됐다.삼성바이오에피스는 안과질환 치료제 '.,local,10,암젠,,,0.22243120461272783,,1.0,0.22243120461272783,0.7667293613838183,False
2026-02-12,Client,2026-02-12 07:02:00,Naver News,https://www.thebell.co.kr/free/content/ArticleView.asp?key=202602091514494880106649,"[더벨]대웅제약, 매출 이상의 수익성 확대 '톡신·필러' 번들링 효과","스카이랩스의 반지형 혈압 측정기 '카트비피', 애보트의 연속혈당측정기 '프리스타일 리브레' 등을 도입해 판매하며 사업부 규모를 키우고 있다. 특히 최근 시총 2조원을 돌파하며 시장의 주목을 받고 있는... ",local,10,애보트,,,0.22243120461272783,,1.0,0.22243120461272783,0.7667293613838183,False
2026-02-12,Client,2026-02-10 19:24:00,Naver News,http://www.medical-tribune.co.kr/news/articleView.html?idxno=212877,신장병치료제 '케렌디아' 조기폐경환자 난자 · 배아 확보 성공,"신장·심부전 치료용 경구약물이 난포 성장에 도움이 된다는 연구결과가 나왔다.일본준텐도대학 연구팀이 홍콩대학 연구팀과 함께 미식품의약국(FDA) 승인 약물 리스트를 검사한 결과, 피네레논(상품명 케렌디아, 바이엘)이 조기난소부전(Premature Ovarian Insufficiency,.",local,10,불임,,,0.22243120461272783,,1.0,0.22243120461272783,0.7667293613838183,False
2026-02-12,Client,2026-02-12 11:04:00,Naver News,https://www.newsis.com/view/NISX20260212_0003512811,"중국, 아스트라제네카 전 중국대표 공식 기소","중국 당국이 영국에 본사를 둔 글로벌 제약업체 아스트라제네카의 전 중국 대표를 공식 기소한 것으로 알려졌다. 11일(현지 시간) 파이낸셜타임스(FT) 보도 등에 따르면 아스트라제네카는 중국 지역 대표였던 레온 왕(중국명 왕레이)의 기소 사실을 확인했다.이들은 개인정보 불법 수집, 불법 거래, 의료보험 사기 등의 혐의로 기소된..",local,10,아스트라제네카,,,0.22243120461272783,,1.0,0.22243120461272783,0.7667293613838183,False
2026-02-12,Client,2026-02-12 06:04:00,Naver News,http://www.newsmp.com/news/articleView.html?idxno=251612,"저성장세 이어진 빅파마, 릴리 홀로 독주","지난해 글로벌 빅파마들이 대부분 한 자릿수의 성장세에 머문 가운데 릴리가 50%에 가까운 성장률을 기록, 선두그룹으로 올라섰다.의약뉴스가 10일까지 2025년 4분기 보고서를 발표한 주요 글로벌 빅파마들의 연간 매출액을 집계한 결과, 대부분 한 자릿수의 성장률에 머문 것으로 집계됐다.특히 비만치료제 위고비 등 세마글루티드 제제를 통해 가파르게 성장하던 노보노디스크는 4분기에 들어서 역성장세로 전환, 연간 매출액 성장폭이 한 자릿수로 축소됐다.반면, 릴리는 젭바운드와 마운자로를 앞세워 50%에 가까운 성장률을 기록했다.각.",local,10,노보노디스크,,,0.22243120461272783,,1.0,0.22243120461272783,0.7667293613838183,False
2026-02-12,Client,2026-02-12 12:08:00,Naver News,https://www.dailypharm.com/user/news/335705?REFERER=NP,"[데일리팜]팜비오, 췌장 외분비 기능장애 '노자임' 브랜드 정제 허가","한국팜비오가 췌장 외분비 기능장애 치료제 '노자임' 브랜드에 정제 제형을 도입한다. 노자임은 이 치료제 시장에서 가장 많은 매출을 올리고 있는 품목이다. 그동안 노자임과 같은 판크레아틴 단일제에서는 캡슐 제형만 있었으나, 지난달 테라젠이텍스가 정제 제형을 최초로 허가받아 새로운 경쟁을 예고했다. 식품의약품안전처는 11일 한국팜비오의 '노자임미세정40000(판크레아틴 장용….",local,10,애보트,,,0.2151511274006138,,1.0,0.2151511274006138,0.7645453382201841,False
2026-02-12,Client,2026-02-12 08:22:00,Naver News,http://www.edaily.co.kr/news/newspath.asp?newsid=02735526645349864,디앤디파마텍·퍼스트바이오 공동 개발 뇌질환 신약 기술이전 가능성 '부각',디앤디파마텍(347850)과 비상장 신약개발사 퍼스트바이오테라퓨틱스가· 공동연구를 진행하는 퇴행성 뇌질환 치료제 후보물질 'NLY02'(1ST-103)의 기술 이전 가능성이 부각되고 있다. 투자업계는 이르면 올해 1분기 내 기술 이전 성사 여부가 결정될 것으로 예상한...,local,10,한독,,,0.21357715840000494,,1.0,0.21357715840000494,0.7640731475200014,False
2026-02-12,Client,2026-02-12 10:35:00,Naver News,http://www.edaily.co.kr/news/newspath.asp?newsid=03693286645349864,"스위스, ‘인구 1000만명 상한’ 6월 국민투표 실시","스위스가 앞으로 인구를 1000만명으로 제한할 것인지를 놓고 국민투표를 실시한다. 이 제안은 유럽연합(EU)과의 핵심 협정을 위협하고, 기업들이 외국인 숙련 인력을 확보하는 데 제약을 줄 수 있다는 우려를 낳고 있다. (사진=AFP)국민서명 10만명 넘겨…6월 중...",local,10,로슈,,,0.21247149311611793,,1.0,0.21247149311611793,0.7637414479348353,False
2026-02-12,Client,2026-02-12 11:34:00,Naver News,http://www.yonhapnewstv.co.kr/AKR20260212113316HnW,"노보, 위고비 '주사병 형태' 美 출시 계획",노보 노디스크의 위고비[연합뉴스 자료사진 제공][연합뉴스 자료사진 제공]덴마크 제약사 노보 노디스크가 비만 치료제 위고비를 바이알(주사병) 형태로 미국에서 판매할 계획이라고 밝혔습.,local,10,릴리,,,0.20856875406298905,,1.0,0.20856875406298905,0.7625706262188967,False
2026-02-12,Client,2026-02-12 10:40:00,Naver News,https://www.medipana.com/news/articleView.html?idxno=406875,'키트루다' 특정 난소암 FDA 확대 승인 - 메디파나뉴스,"MSD[메디파나 뉴스 = 이정희 기자] MSD의 '키트루다'(Keytruda, pembrolizumab)가 특정 난소암 치료제로 FDA로부터 적응증 확대승인을 취.",local,10,MSD,,,0.20790376918326492,,1.0,0.20790376918326492,0.7623711307549794,False
2026-02-12,Client,2026-02-12 10:54:00,Naver News,https://www.apsk.co.kr/news/articleView.html?idxno=538640,"위고비 동일성분 '오젬픽', 급여기준 논란 딛고 2형 당뇨치료 안착할까 - 메디팜스투데이",위고비와 동일 성분(세마글루타이드)인 GLP-1 수용체 작용제(GLP-1RA) '오젬픽'이 건강보험 제도권에 진입했지만 정작 2형 당뇨환자에게 제한된 급여 기준이.,local,10,노보노디스크,,,0.19784026012845396,,1.0,0.19784026012845396,0.7593520780385361,False
2026-02-12,Client,2026-02-12 06:01:00,Naver News,https://biz.chosun.com/science-chosun/bio/2026/02/12/CSURR5S7UZDXBHWQVIHNKLXTFM/?utm_source=naver&utm_medium=original&utm_campaign=biz,5대 제약사 총매출 9조 눈앞...이익 가른 글로벌 수익 구조,5대 제약사 총매출 9조 눈앞...이익 가른 글로벌 수익 구조 2025년 유한·GC·한미·종근당·대웅 매출 증가 삼성바이오·셀트리온 연매출 4조원 돌파 이익 희비 가른 글로벌 수익 구조 R&D 결실이 성장 견인 제네릭·내수 의존도 낮춰야.,local,10,머크,,,0.19716151641205334,,1.0,0.19716151641205334,0.7591484549236159,False
2026-02-12,Distribution,2026-02-10 07:35:00,Naver News,https://www.sedaily.com/article/20007035?ref=naver,‘사상 최대 실적’ 동아쏘시오…일반약·물류·바이오 모두 성장,"동아쏘시오그룹이 주력 자회사들의 고른 성장과 사업 포트폴리오 다변화에 힘입어 사상 최대 실적을 달성했다. 전통의 효자 품목인 ‘박카스’를 넘어 일반의약품(OTC)의 가파른 성장과 바이오 의약품 위탁생산(CMO), 물류 등 전 비즈니스 영역에서 고른 성과를 내며 탄탄한.",local,10,용마,,,0.19716151641205334,,1.0,0.19716151641205334,0.7591484549236159,False
2026-02-12,Distribution,2026-02-12 06:36:00,Naver News,https://www.kpanews.co.kr/news/articleView.html?idxno=529351,"약사전용 온라인몰, 창고형 약국 저가 공급 '의혹' 사실일까? - 약사공론",약사 전용 온라인몰 바로팜 자회사가 유통업체로 창고형 약국에 낮은 가격으로 의약품이 공급되고 있다는 의혹이 제기됐다. 최근 일부 약사들 사이에서 'BRP랩스’ 명.,local,10,바로팜,,,0.19716151619332867,,1.0,0.19716151619332867,0.7591484548579985,False
2026-02-12,Client,2026-02-11 23:10:00,Naver News,https://www.sedaily.com/article/20008211?ref=naver,"“위고비 알약이 20만원”…짝퉁 아닌 美 정부의 ‘트럼프RX’, 파격 할인 이유는?",미국 정부가 운영하는 의약품 판매용 사이트 ‘트럼프RX(TrumpRx)’가 문을 열자마자 비만약과 난임 치료제 가격이 단숨에 ‘체감 가능한 수준’으로 내려왔다. 보험이 없는 미국인이나 약값을 전액 자비로 부담해온 환자들에게는 그동안 체감하기 어려웠던 약값 인하가 처음으.,local,10,화이자,,,0.19569541898297843,,1.0,0.19569541898297843,0.7587086256948935,False
2026-02-12,Client,2026-02-12 09:46:00,Naver News,http://www.iminju.net/news/articleView.html?idxno=157625,"삼성바이오에피스, '제형 차별화'로 바이오시밀러 판도 바꿀까?","민주신문=조환흠 기자｜삼성바이오에피스가 '에피즈텍'의 국내 최초 펜 제형(프리필드 펜) 허가로 투여 편의성을 개선한 데 이어, 해외 시장의 구체적인 성과를 바탕으로 바이오시밀러 시장의 주도권을 공고히 하고 있다.이번 행보는 가격 경쟁력뿐 아니라 환자 중심의 제형 차별화를 통해 치료 접.",local,10,얀센,,,0.19569541898297843,,1.0,0.19569541898297843,0.7587086256948935,False
2026-02-12,Client,2026-02-12 06:36:00,Naver News,http://www.medisobizanews.com/news/articleView.html?idxno=134591,"만성 이식편대숙주질환 약물 자카비-레주록, 환상의 ‘깐부 치료’","만성 이식편대숙주질환(cGVHD) 치료 패러다임이 ‘단일 약물간 경쟁’에서 ‘순차적 치료의 완성’으로 전환되고 있다. 기존 치료제가 염증 완화에 집중됐다면, 최근에는 장기 생존을 담보하고 비가역적 조직 손상 회복까지 겨냥하는 단계별 정밀 치료 전략이 가능해졌다는 게 의료계의 평가다.의료 현장에서는 2차 치료제인 노바티스의 ‘자카비(룩소리티닙)’와 3차 치료제로 진입한 사노피의 ‘레주록(벨루모수딜)’이 만들어낼 시너지에 주목하고 있다. 두 약물은 작용기전이 명확히 구분돼 서로의 치료 공백을 보완하는 상호 보완적 구조를 형성한다는 점에.",local,10,사노피,,,0.19569541894479453,,1.0,0.19569541894479453,0.7587086256834383,False
2026-02-12,Client,2026-02-11 11:54:00,Naver News,https://www.yakup.com/news/index.html?mode=view&cat=16&nid=323204,"[약업신문]AZ 계열사ㆍBMS, 인공지능 적용 임상개발 최적화",스위스 에비노바社(Evinova)는 자사가 보유한 인공지능-네이티브(AI-native) 임상개발 플랫폼을 이용해 임상시험을 최적화하기 위한 합의를 브리스톨 마이어스 스퀴브社(BMS)와 함께 도출했다고 9일 공표했다.이 ...,local,10,BMS,,,0.19316349061600271,,1.0,0.19316349061600271,0.7579490471848007,False
2026-02-12,Client,2026-02-12 12:08:00,Naver News,https://new.dailypharm.com/user/news/335706?REFERER=NP,[데일리팜]GLP-1 기반 치료 확대…'오젬픽' 급여 적용 의미는,"노보노디스크의 GLP-1 수용체 작용제 '오젬픽'이 국내 급여권에 진입했다. 혈당 강하 효과는 물론 심혈관계·신장 질환 위험 감소 근거까지 확보한 약제가 보험 적용을 받게 됐다는 점에서 의미가 크다는 게 전문가들의 의견이다. 다만 급여 기준이 설포닐우레아(SU) 등 기존 치료제 실패를 전제로 설계되면서 실제 진료 환경과의 괴리, 환자 접근성 제한에 대한 논의도 이어지고 있다.",local,10,노보노디스크,,,0.19126179768414653,,1.0,0.19126179768414653,0.7573785393052439,False
2026-02-12,Client,2026-02-12 07:54:00,Naver News,https://www.koreahealthlog.com/news/articleView.html?idxno=55858,"암젠코리아, ‘프롤리아’ 국내 출시 10주년 기념 사내 행사 성료","암젠코리아(대표 신수희)는 골다공증 치료제 ‘프롤리아(데노수맙)’의 국내 출시 10주년을 기념하는 사내 행사를 성황리에 마쳤다.이번 행사는 지난 10년간 국내 골다공증 치료 패러다임의 변화를 이끌어온 프롤리아의 성과를 돌아보고, 오리지널 데노수맙 제제로서 향후에도 국내 의료진과 환자들에게 임상적 가치를 지속적으로 제공하겠다는 의지를 다지기 위해 마련됐다.2016년 국내 출시된 프롤리아는 6개월 1회 투여라는 혁신적인 편의성과 강력한 골밀도 개선 효과를 바탕으로 국내 골다공증 치료 시장의 성장을 주도해왔다.특히 프롤리아의 임상적 유효.",local,10,암젠,,,0.19124379843278605,,1.0,0.19124379843278605,0.7573731395298358,False
2026-02-12,Distribution,2026-02-10 19:52:00,Naver News,https://www.newspim.com/news/view/20260210001449,"블루엠텍, 지난해 매출 1857억원...전년 대비 39% 증가","블루엠텍은 10일 지난해 매출로 전년 대비 39% 증가한 1857억원을 기록했다고 밝혔다. 다만, 영업이익은 19억8000만원 손실을 기록해 흑자 전환에 실패했다. 블루엠텍 측은 ""위고비, 마운자로 등 비만치료제 시장.",local,10,블루엠텍,,,0.1906606854657765,,1.0,0.1906606854657765,0.757198205639733,False
2026-02-12,Client,2026-02-12 13:14:00,Naver News,https://www.monews.co.kr/news/articleView.html?idxno=409628,"항소심 패소, '파슬로덱스' 한국 잔류 여부 다시 시험대로  - 메디칼업저버",국내 철수 가능성으로 논란이 이어졌던 한국아스트라제네카의 유방암 치료제 파슬로덱스주(성분명 풀베스트란트)가 항소심 법원의 약가 인하.,local,10,아스트라제네카,,,0.1906606854657765,,1.0,0.1906606854657765,0.757198205639733,False
2026-02-12,Client,2026-02-11 12:00:00,Naver News,http://www.bosa.co.kr/news/articleView.html?idxno=2269658,파킨슨병·알츠하이머 유망 신약후보 주목,올해 파킨슨병 및 알츠하이머에 여러 유망 신약후보가 주목된다고 바이오스페이스가 전했다.이에 따르면 최근 AC 이뮨이 개발한 면역치료제가 2상 임상시험 결과 처음으로 파킨슨병 진행을 지연시키는 것으로 나타나는 등 치료 지형을 근본적으로 변화시킬 가능성이 있다.AC 이뮨의 면역치료제 ACI-7104.056는 a-syn(alpha-synuclein) 뇌 단백질을 타깃 삼고 있다.파킨슨병 단백질병증의 특징인 a-syn은 잘못 접혀 서로 엉겨 붙으며 독성 응괴를 형성하는데 ACI-7104.056는 면역계를.,local,10,BMS,,,0.19046261924228428,,1.0,0.19046261924228428,0.7571387857726852,False
2026-02-12,Client,2026-02-12 14:14:00,Naver News,https://www.newsway.co.kr/news/view?ud=2026021214022284808,'렉라자 신화' 쓴 연구자···김정근 오스코텍 창업주 별세 - 뉴스웨이,"국산 항암제 렉라자가 최초로 미국 FDA 승인을 받는 쾌거를 이룬 가운데, 오스코텍 창업자 김정근 고문이 별세했다. 김정근은 IMF 시기 벤처 창업에 도전해 오스코텍을 성장시켰으며, 신약 개발과 글로벌 기술수출로 국내 바이오 산업에 중요한 이정표를 남겼다.",local,10,사노피,,,0.18988748732413133,,1.0,0.18988748732413133,0.7569662461972394,False
2026-02-12,Client,2026-02-11 13:54:00,Naver News,https://www.hankyung.com/article/2026021191436,"엘리시젠, 바이오젠·UCLA 거친 신약개발 전략가 최진국 전무 영입",한국경제신문 대표번호: 02-3604-114 사업자등록번호: 110-81-07390 통신판매업신고번호: 중구 02559 콘텐츠구입 개인정보처리방침 청소년보호정책 서울시 중구 청파로 한국경제신문사 대표번호: 02-3277-9900 사업자등록번호: 104-81-47984 통신판매업신고번호: 중구 00606 인터넷신문등록번호: 서울 아 01035 등록(발행)일자: 2009.11.23 발행·편집인: 정종태 Copyright 1999-2026. All rights reserved.,local,10,바이오젠,,,0.18986342907932705,,1.0,0.18986342907932705,0.756959028723798,False
2026-02-12,Client,2026-02-11 13:40:00,Naver News,https://www.medicaltimes.com/Main/News/NewsView.html?ID=1167288&ref=naverpc,[메디칼타임즈] 뇌졸중 재발 26% 감소...3세대 항응고제 아순덱시안 주목,"차세대 항응고제 개발 경쟁에서 바이엘이 앞서나가기 시작했다. 개발 중인 아순덱시안(Asundexian)이 한때 '효과 부족'이라는 부침을 겪기도 했으나, 최근 뇌졸중 2차 예방 분야에서 강력한 데이터를 확보하며 시장의 '게임 체인저'로 급부상하고 있다.바이엘은 최근 미국 뉴올리언스에서 열린 국제뇌졸중학회(International Stroke Conference 2026)에서 경구용 FXIa 억제제 후보물질인 '아순덱시안'의 글로벌 임상 3상(OCEANIC-STROKE) 결과를 발표했다.11일 제약업계에 따르면, 바이엘은 최근 미국 뉴올리언스에서 열린 국제뇌졸중학회(International Stroke Conference 2026)에서 경구용 FXIa 억제제 후보물질인 '아순덱시안'의 글로벌 임상 3상(OCEANIC-STROKE) 결과를 발표했다.아순덱시안은 자렐토(리바록사반), 엘리퀴스(아픽사반) 등 직접작용 경구용 항응고제(DOAC)의 뒤를 잇는 차세대 약물로 주목받는 후보물질이다. 혈액 응고 과정의 상위 단계에 관여하는 'Factor XIa(FXIa)'를 선택적으로 억제해, 기존 항응고제 대비 출혈 위험은 획기적으로 낮추면서 혈전 생성을 효과적으로 억제하는 기전을 가졌다.이번에 발표된 OCEANIC-STROKE 연구 결과에 따르면, 기존 항혈소판 요법에 아순덱시안(50mg, 1일 1회)을 추가했을 때 위약 대비 허혈성 뇌졸중 재발 위험을 26% 감소시켰다(csHR 0.74; 95% CI 0.65–0.84; p<.0001).",local,10,BMS,,,0.18986342907932705,,1.0,0.18986342907932705,0.756959028723798,False
2026-02-12,Client,2026-02-10 18:18:00,Naver News,https://www.newspim.com/news/view/20260210001386,"[AI의 종목 이야기] 印 2위 제약사 루핀, 日 아스텔라스에 1300억원  지급키로",인도 2위 제약사 루핀이 과민성 방광 치료제인 '미라베그론'의 특허권을 둘러싼 일본 제약사 아스텔라스 파마와의 분쟁을 해결.,local,10,아스텔라스,,,0.18986342907932705,,1.0,0.18986342907932705,0.756959028723798,False
2026-02-12,Client,2026-02-12 08:12:00,Naver News,http://www.edaily.co.kr/news/newspath.asp?newsid=02637126645349864,아프리카돼지열병 유행에 코미팜↑…'로슈 파트너' 바이오다인도 주목[바이오맥짚기],4일 국내 제약·바이오·헬스케어 섹터에서 눈에 띄는 상승폭을 보인 상장사는 △코미팜(041960) △바이오다인(314930) △HLB이노베이션(024850)이었다. 올해 들어 국내 돼지농장에서 발생한 여섯 번째 아프리카돼지열병(ASF) 소식에 ASF 백신을 개발 중인...,local,10,로슈,,,0.1895746163722361,,1.0,0.1895746163722361,0.7568723849116707,False
2026-02-12,Client,2026-02-12 06:02:00,Naver News,https://www.dailypharm.com/user/news/335682?REFERER=NP,[데일리팜]ADC 이어 면역항암제도 허가…난소암 신약 다층화 예고,"백금저항성 난소암(PROC) 치료 전선이 빠르게 확대되고 있다. 항체약물접합체(ADC) '엘라히어(미르베툭시맙 소라브탄신)'에 이어 면역항암제 '키트루다(펨브롤리주맙)'가 미국에서 신규 적응증을 획득하며 난소암 영역에 본격적으로 진입한 것이다. 일라이릴리도 새로운 이 질환을 타깃하는 새로운 ADC 개발에 집중하고 있다. 키트루다+파클리탁셀, 아바스틴 유무 관계없이 효과 12일 관….",local,10,애브비,,,0.18909270871011866,,1.0,0.18909270871011866,0.7567278126130356,False
2026-02-12,Client,2026-02-12 09:50:00,Naver News,https://www.yna.co.kr/view/AKR20260212048700017?input=1195m,"[바이오스냅] 대원제약, 감기약 '대원콜 연질캡슐' 3종 출시 | 연합뉴스",대원제약[003220]은 증상에 따라 차별화된 처방을 적용한 감기약 브랜드 '대원콜 연질캡슐' 시리즈를 새롭게 출시했다고 12일 밝혔다.,local,10,한독,,,0.18909270871011866,,1.0,0.18909270871011866,0.7567278126130356,False
2026-02-12,Client,2026-02-12 11:50:00,Naver News,https://www.medipana.com/news/articleView.html?idxno=406848,"아스트라제네카, 587억달러 매출로 8%↑…항암제 중심 고른 실적 - 메디파나뉴스","아스트라제네카(AstraZeneca)가 주요 치료제들의 고른 성장에 힘입어 지난해 총 매출액이 8% 성장한 가운데, 올해에도 지속.",local,10,아스트라제네카,,,0.18378916808718918,,1.0,0.18378916808718918,0.7551367504261567,False
2026-02-12,Client,2026-02-10 06:02:00,Naver News,https://www.yakup.com/news/index.html?mode=view&cat=12&nid=323084,[약업신문][뷰티누리×민텔] 유럽에선 단순화한 K-스킨케어로 승부,유럽 스킨케어 시장이 경제불황 여파로 제품 수를 줄이고 루틴을 최소화하려는 움직임을 보이고 있다. 소비자들은 화려한 마케팅보다 제품 패키지에 명시된 임상 시험 결과나 전문가의 권고를 제품 선택의 핵심 ...,local,10,로레알,,,0.18378916808718918,,1.0,0.18378916808718918,0.7551367504261567,False
2026-02-12,Client,2026-02-12 11:58:00,Naver News,https://www.pharmnews.com/news/articleView.html?idxno=301482,"GSK-테바, ‘코레그’ 특허 전쟁 10년 만에 종지부… 전격 합의 - 팜뉴스","글락소스미스클라인(GSK)과 테바(Teva)가 심장질환 치료제 ‘코레그(Coreg, 성분명 카르베딜롤 Carvedilol)’을 둘러싸고 이.",local,10,GSK,,,0.18378916808718918,,1.0,0.18378916808718918,0.7551367504261567,False
2026-02-12,Client,2026-02-11 19:04:00,Naver News,http://www.newsmp.com/news/articleView.html?idxno=251603,"광동제약 침향환, 누적매출 1600억 돌파 外","◇광동제약 침향환, 누적매출 1600억 돌파광동제약(대표이사 최성원ㆍ박상영)은 ‘광동 침향환’이 2019년 출시 이후 2025년까지 누적매출 1600억원을 돌파했다고 11일 밝혔다.광동 침향환은 침향과 녹용을 주원료로 한 환 형태 프리미엄 제품이다. 2019년 첫 선을 보인 이후 꾸준한 품질 관리와 소비자 신뢰를 기반으로 관련 시장에서 확고한 입지를 구축해왔다.사측에 따르면 광동 침향환의 누적판매량은 약 2700만환(1박스당 30환 기준)에 달하며, 재재구매율은 99.8%를 기록해 높은 충성도를 보이고 있다.이 같은 성장 배경으로.",local,10,바이오젠,,,0.18378916808718918,,1.0,0.18378916808718918,0.7551367504261567,False
2026-02-12,Client,2026-02-12 20:45:00,Naver News,https://www.mt.co.kr/society/2026/02/12/2026021220344018653,"두쫀쿠·술도 먹는데…홍현희, 위고비 없이 '60→49㎏' 된 비결은 [셀럽웰빙] - 머니투데이","홍현희가 과식 후 16시간 공복 유지, 채소 주스와 식초 섭취, 오트밀 식사, 걷기 운동을 통한 식습관 개선으로 위고비·마운자로 등 비만치료제 도움 없이 60에서 49까지 약 10kg 감량했다고 밝혔다.",local,10,위고비,,,0.18378916808718918,,1.0,0.18378916808718918,0.7551367504261567,False
2026-02-12,Client,2026-02-12 17:13:00,Naver News,https://www.sedaily.com/article/20008625?ref=naver,1위 PBM 선호의약품 됐다…美서 날개 단 삼성에피스,미국 1위 처방약급여관리업체(PBM) 익스프레스스크립츠(ESI)가 처방집에서 오리지널 의약품은 물론 후속 신약까지 제외하고 삼성에피스홀딩스(0126Z0)의 자회사 삼성바이오에피스 바이오시밀러를 선호의약품으로 채택했다. ESI가 미국 PBM 시장의 약 30%를 점유하고.,local,10,암젠,,,0.18378916785015778,,1.0,0.18378916785015778,0.7551367503550472,False
2026-02-12,Client,2026-02-12 17:57:00,Naver News,https://www.wowtv.co.kr/NewsCenter/News/Read?articleId=A202602120404&t=NNv,"[단독] 마운자로 보험청구 최대 700% 폭증...""보험사기 신고 연장""",대표적인 비만 치료 주사제 마운자로는 당뇨나 기타 질환에 대한 처방으로 보험금을 청구하면 절반이 넘는 금액을 보장받을 수 있습니다. 마운자로 실비 청구 건수가 4개월 만에 평균 570% 급증하면서 이 같...,local,10,위고비,,,0.18336285670325145,,1.0,0.18336285670325145,0.7550088570109754,False
2026-02-12,Client,2026-02-12 11:00:00,Naver News,http://www.bosa.co.kr/news/articleView.html?idxno=2269946,2형 당뇨 환자에게 오젬픽 급여 의미는?,"2형 당뇨 치료를 위한 다양한 의약품이 존재하지만 목표 혈당 조절 달성이 어려운 가운데 특히 비만을 동반한 당뇨 환자들에게 노보노디스크제약 오젬픽이 혈당 조절의 해결점이 될 수 있을지 주목된다.국내 당뇨 환자의 당화혈색소 기준 혈당 조절 목표인 6.5% 미만에 도달한 비율은 3명 중 1명이었으며 당화혈색소 8% 이상으로 적극적인 혈당 조절 치료가 필요한 경우도 16%였다.특히 2형 당뇨 환자는 고혈압, 고콜레스테롤 및 비만 등 동반 질환 유병률이 높아 동반 질환에 따른 합병증 위험 감소를 포함한 통합.",local,10,노보노디스크,,,0.18331085830991478,,1.0,0.18331085830991478,0.7549932574929744,False
2026-02-12,Client,2026-02-12 11:08:00,Naver News,http://www.mkhealth.co.kr/news/articleView.html?idxno=77612,[제약소식] JW중외제약 '세계 빈혈 인식의 날' 맞아 사내 캠페인 전개 등,JW중외제약은 '세계 빈혈 인식의 날'을 맞아 빈혈 조기 진단과 치료 필요성을 알리기 위한 임직원 대상 캠페인을 실시했다고 12일 밝혔다.매년 2월 13일은 환자혈액관리학회(SABM)와 휴먼터치미디어재단이 2022년 공동 제정한 세계 빈혈 인식의 날이다. JW중외제약은 이를 소개하는 이미지와 함께 빈혈의 조기 진단 및 치료 중요성을 담은 콘텐츠를 제작해 내부 커뮤니케이션 채널에 공유했다. 임직원을 대상으로 빈혈 관련 퀴즈 이벤트도 진행하고 추첨을 통해 기념품을 제공했다.빈혈은 혈액이 조직에 충분한 산소를 공급하지 못해 저산소증을 유.,local,10,한독,,,0.18331085826228438,,1.0,0.18331085826228438,0.7549932574786853,False
2026-02-12,Client,2026-02-12 11:02:00,Naver News,https://www.medicopharma.co.kr/news/articleView.html?idxno=67096,"휴온스, 톡신 中판매 준비단계 진입…품질기준 절차 착수","휴온스바이오파마가 중국 보툴리눔톡신 시장 공략에 속도를 내고 있다. 지난 1월 품목허가를 획득한 데 이어, 실제 판매를 위한 품질 기준 절차에 착수하면서 상업화가 본궤도에 올랐다는 평가다.12일 중국 국가약품감독관리국(NMPA) 산하 약품심사평가센터(CD.",local,10,애브비,,,0.18301414780652359,,1.0,0.18301414780652359,0.754904244341957,False
2026-02-12,Distribution,2026-02-11 11:22:00,Naver News,http://www.newswatch.kr/news/articleView.html?idxno=77642,"비알피랩스, '방광건강 안심요 1000' 출시",비알피랩스가 중장년층의 배뇨 건강 관리를 위한 약국 전용 건강기능식품 '방광건강 안심요 1000'을 출시했다고 11일 밝혔다.이번 신제품은 노화와 스트레스로 방광 기능 저하를 겪기 쉬운 중장년층을 대상으로 기획됐다. 잦은 화장실 이용이나 야간뇨 등으로 일상생활에 불편을 느끼는 소비자를 주요 타깃으로 한다. 제품명에 포함된 '1000'은 핵심 기능성 원료를 고함량으로 설계했다는 의미다.방광건강 안심요 1000에는 식품의약품안전처로부터 배뇨 기능 개선 기능성을 인정받은 개별인정형 원료인 호박씨등복합추출물이.,local,10,바로팜,,,0.18301414780652359,,1.0,0.18301414780652359,0.754904244341957,False
2026-02-12,Client,2026-02-11 15:24:00,Naver News,https://www.thepublic.kr/news/articleView.html?idxno=294127,CAR-T 패러다임 전환…체내 생산 ‘인비보 카티’ 차세대 치료제로 부상,"암세포만 선택적으로 공격해 정상 세포 손상을 최소화하는 카티(CAR-T) 세포치료제를 ‘주사 한 방’으로 대체하려는 움직임이 일면서 글로벌 제약사들의 관심이 집중되고 있다. 환자의 세포를 체외에서 배양하던 기존 방식과 달리, 체내에서 직접 치료 세포를 만들어내.",local,10,노바티스,,,0.18301414780652359,,1.0,0.18301414780652359,0.754904244341957,False
2026-02-12,Client,2026-02-12 16:12:00,Naver News,http://www.smedaily.co.kr/news/articleView.html?idxno=351473,삼성바이오에피스 '아일리아' 특허 합의…오퓨비즈 2027년 1월 미국 출시 예상,"삼성바이오에피스가 '아일리아(Eylea, 성분명 애플리버셉트)' 제작사 리제네론·바이엘과의 특허 소송에 합의함으로써 바이오시밀러 '오퓨비즈(Opuviz)' 2mg 제형을 미국에 진출시킬 수 있게 됐다.12일 삼성바이오에피스에 따르면 이번 합의로 2027년 1월 중 미국에 오퓨비즈를 출시할 수 있게 됐다. 삼성바이오에피스는 지난 1월 유럽에 대한 글로벌 특허 합의도 완료했다.삼성바이오에피스 관계자는 ""이번 합의로 당사의 전 세계 아일리아 바이오시밀러 2mg 제형 특허 분쟁이 모두 해소돼 제품 출시 기반이 마련됐다""며 ""앞으로도 안과질.",local,10,바이엘,,,0.18301414780652359,,1.0,0.18301414780652359,0.754904244341957,False
2026-02-12,Client,2026-02-12 06:12:00,Naver News,https://www.hitnews.co.kr/news/articleView.html?idxno=73837,"""제2의 신약 후보 벨바라페닙 키운다""… 규제 장벽 허물고 '속도전'","식품의약품안전처는 길잡이 프로그램과 GIFT 운영 성과를 바탕으로 올해 제도를 개선하고 업계와의 소통을 강화할 계획이다. 운영 과정에서 드러난 보완점을 반영해 사전상담 이력 카드 발급, 글로벌 혁신제품 신속심사(GIFT) 지정 기준 명확화 등을 개선할 방침이다.김희성 식약처 식품의약품안전평가원 사전상담과 과장은 11일 한국프레스센터에서 '2026년 신기술·신개념 글로벌 의약품 개발·제품화 지원 간담회'에서 이같은 계획을 밝혔다.'길잡이(GIL-Jabi) 제품화 집중지원 프로그램'은 식의약규제과학혁신법에 따라 기술적 우수성이 높은 혁.",local,10,노바티스,,,0.18301414780652359,,1.0,0.18301414780652359,0.754904244341957,False
2026-02-12,Client,2026-02-11 12:14:00,Naver News,https://new.dailypharm.com/user/news/335643?REFERER=NP,[데일리팜]'반플리타' 국내 진입…급성골수성백혈병 표적치료 전선 확대,"새로운 급성골수성백혈병(AML) 표적치료제 '반플리타'가 국내 1차 치료 옵션으로 합류하며 경쟁 구도가 치열해졌다. 그동안 반플리타는 안전성 우려로 글로벌 규제기관의 허가를 얻지 못하며 상용화까지 좌절을 겪었던 약물이다. 다만 생존기간 이득을 근거로 재평가되면서 기존 '라이답', '조스파타' 중심이던 FLT3 표적치료제 시장에도 변화 가능성이 제기되고 있다. 예후가 불량한 FLT….",local,10,아스텔라스,,,0.18301414737205,,1.0,0.18301414737205,0.754904244211615,False
2026-02-12,Client,2026-02-11 16:23:00,Naver News,http://www.wowtv.co.kr/NewsCenter/News/Read?articleId=A202602110553&t=NN,"엘리시젠, 신약개발 전문가 최진국 박사 영입...'전략실' 신설","미국 UCLA 데이비드 게펜 의과대학과 글로벌 제약사 바이오젠(Biogen)에서 유전자치료 및 중추신경계(CNS) 질환 연구를 중심으로 15년 이상 연구개발 및 조직 리더십 경험을 쌓아왔다. 특히, 바이오젠 재직 시절... ",local,10,바이오젠,,,0.1827334036903366,,1.0,0.1827334036903366,0.7548200211071009,False
2026-02-12,Client,2026-02-12 09:46:00,Naver News,https://www.widedaily.com/news/articleView.html?idxno=288737,"""약효 오래 지속""…'원샷' 유전자 치료제 베팅 제약사들",환자 몸속에 투여된 정상 유전자가 단백질 생산공장 역할을 하는 '유전자 치료제' 개발에 국내외 기업들이 뛰어들고 있다. 한 번 투여로 장기간 효과를 내는 '원샷 치료제' 개발을 목표로 하는 곳도 많다.12일 제약바이오업계에 따르면 비만치료제로 유명한 미국.,local,10,애브비,,,0.18272246774871898,,1.0,0.18272246774871898,0.7548167403246157,False
2026-02-12,Client,2026-02-09 06:00:00,Naver News,http://www.bosa.co.kr/news/articleView.html?idxno=2269060,[다국적제약 우리 부서가 뛴다]한국오가논 마이 프로페시아 팀,"남성형 탈모 치료는 약을 복용하는 것만으로 끝나지 않는다. 모발의 성장 주기는 수개월 단위로 이어지기 때문에 환자들은 치료 초기에 효과를 체감하기까지 불안과 의문을 느끼는 경우가 많다. 장기 복용이 필요한 치료 특성상, 치료를 꾸준히 이어갈 수 있도록 돕는 보조적 관리 수단의 필요성도 꾸준히 제기돼 왔다.이러한 문제의식에서 출발한 한국오가논 ‘마이 프로페시아’ 팀은 2023년 10월, 남성형 탈모 환자의 치료 관리를 지원하는 애플리케이션 ‘마이 프로페시아(My Propecia)’를 전 세계 최초로 국.",local,10,오가논,,,0.18272246774871898,,1.0,0.18272246774871898,0.7548167403246157,False
2026-02-12,Client,2026-02-12 07:56:00,Naver News,http://www.bosa.co.kr/news/articleView.html?idxno=2269804,"제형·포장·패키지 변경 잇따른 제약사 ""왜?'","최근 제약사들이 제형과 포장, 패키지 변경을 잇따라 단행하면서 의료현장과 유통업계가 주목하고 있다. 단순한 외형 수정이 아니라 생산 공정 개선과 품질 강화, 공급 안정성 확보라는 전략적 의미가 담겨 있어 현장 혼선 최소화에 기여할 것으로 기대된다.11일 관련업계에 따르면 대웅·대한뉴팜·명문·삼일·한독 등이 거래 의약품유통업체, 의료기관에 자사 일부 제품에 대한 제형, 포장, 패키지 변경 공문을 발송했다.이들 제약사들의 이번 조치들은 단순한 외형 수정이 아니라 생산 공정 개선, 품질 강화, 현장 혼선.",local,10,머크,,,0.18267061073433952,,1.0,0.18267061073433952,0.7548011832203018,False
2026-02-12,Client,2026-02-12 10:48:00,Naver News,https://www.lcnews.co.kr/news/articleView.html?idxno=123802,[라이센스 제약·헬스 PICK] 정관장·한독제석재단·시지바이오,"라이센스뉴스 = 최은경 기자 | 12일 정관장은 설 명절을 맞아 홀로 계신 어르신들의 건강한 새해를 응원하는 ‘건강이 복이다’ 효(孝)배달 캠페인을 진행하며, 한독제석재단이 11일 서울 마곡에 위치한 한독퓨처콤플렉스 이노베이션홀에서 '제19회 한독제석재단 장학금 및 연구지원금 수여식'을 열고 의대, 약대생과 남북보건의료교육재단 장학생 총 13명, 의약학 교수 총 2명에게 총 1억 5천만원의 장학금과 연구지원금을 전달했다. 시지바이오는 프랑스 파리에서 열린 세계 최대 규모의 미용성형학회 ‘임카스 월드 콩그레스 2026(IMCAS Wo.",local,10,한독,,,0.18262826244324393,,1.0,0.18262826244324393,0.7547884787329732,False
2026-02-12,BD,2026-02-12 19:24:00,Naver News,http://www.kjdaily.com/article.php?aid=1770891401673355032,류기준 동행재활요양병원 대표원장 “2027년 의료중심요양병원으로 도약한다”,“요양병원의 역할은 더 이상 ‘머무는 공간’에 머물러선 안 됩니다. 올해는 변화와 혁신을 통해 의료중심병원으로 도약하기 위한 준비를 본격화해야 할 중요한 시점입니다.”류기준 동행재활요양병원 대표원장은 2027년부터 본격 시행이 예고된 ‘의료중심 요양병원’ 제도와….,local,8,합병,,,0.3046393427426158,,0.8,0.3046393427426158,0.6513918028227846,True
2026-02-12,BD,2026-02-08 17:44:00,Naver News,https://www.dt.co.kr/article/12045503?ref=naver,제약사 대세 투자처는 어디?…반려동물·디지털헬스케어에 시선,"최근 국내 전통제약사들이 반려동물, 디지털헬스케어 사업 분야에 투자를 확대하며 신규 ‘캐시카우’ 만들기에 집중하고 있다. 반려동물 사업은 직접투자 형식이, 디지털헬스케어 분야는 기술력 있는 기업에 투자해 협업구조를 구축하는 방식이 대세다. 8일 제약업계에 따르면 유유.",local,8,애보트,,,0.2837887712021538,,0.8,0.2837887712021538,0.645136631360646,True
2026-02-12,BD,2026-02-11 11:42:00,Naver News,http://www.newsmp.com/news/articleView.html?idxno=251590,"GSK 싱그릭스, 자가면역질환 환자에서 안전성 확인","GSK의 재조합 대상포진 백신 싱그릭스가 자가면역질환 환자에게도 안전하다는 연구 결과가 보고됐다.자가면역질환자 중 비접종자와 비교해 악화 위험에 차이가 없었으며, 자가면역질환이 없는 사람과의 비교에서는 이상반응에 차이가 없었다는 것.최근 The Lancet Rheumatology에는 브라질의 2차 의료기관에서 싱그릭스가 류마티스성 자가면역질환 환자에 미치는 영향을 평가한 임상 4상 결과가 게재됐다.연구는 2023년 5월부터 2024년 11월까지 류마티스성 자가면역질환이 있는 환자 1192명을 대상으로 싱그릭스군과 위약군.",local,8,GSK,,,0.2737525259987436,,0.8,0.2737525259987436,0.642125757799623,False
2026-02-12,BD,2026-02-12 20:25:00,Naver News,https://www.seoul.co.kr/news/society/health-medical/2026/02/12/20260212500191?wlog_tag3=naver,“‘이곳’ 방문했다면 꼭 신고해야”…치명률 75% 바이러스 공포,"질병청, 인도·방글라 중점검역지역 지정, 인도에서 니파바이러스 감염증 확진 사례가 보고된 데 이어 인접국 방글라데시에서도 감염으로 인한 사망자가 발생하자, 질병관리청은 12일 이들 두 국가를 중점검역관리지역으로 지정했다. 질병청은 이날 백신과 치료제가 없는 점 등을 고려해 두 국가를 중...",local,8,백신,,,0.2662365216767179,,0.8,0.2662365216767179,0.6398709565030153,False
2026-02-12,BD,2026-02-12 21:38:00,Naver News,http://www.lawissue.co.kr/view.php?ud=202602122135556123204ead0791_12,"굿닥, 설 연휴 비대면진료 및 병의원 정보 제공","병원 진료 접수·예약 및 비대면 진료 플랫폼 굿닥이 설 연휴 기간 비대면진료 서비스를 운영하고, 연휴 중 진료 가능한 전국 병의원 정보를 제공한다고 12일 밝혔다.굿닥은 초진과 재진 구분 없이 누구나 비대면진료 서비스를 이용할 수 있도록 지원한다. 이용자는 앱에서 증상과 의료진을 선택한.",local,8,제휴,,,0.2652998438682778,,0.8,0.2652998438682778,0.6395899531604833,False
2026-02-12,BD,2026-02-12 06:02:00,Naver News,https://www.yakup.com/news/index.html?mode=view&cat=16&nid=323236,[약업신문]모더나 인플루엔자 백신 허가신청 FDA 반려..왜?,미국 매사추세츠州 캠브리지에 소재한 차세대 전령 RNA(mRNA) 기반 치료제‧백신 개발 전문 생명공학기업 모더나 테라퓨틱스社는 자사의 계절성 인플루엔자 백신 후보물질 ‘mRNA-1010’의 허가신청 건과 관련...,local,8,생물학적제제,,,0.26401653684154464,,0.8,0.26401653684154464,0.6392049610524633,False
2026-02-12,BD,2026-02-12 09:12:00,Naver News,https://www.koreahealthlog.com/news/articleView.html?idxno=55853,아이 얼굴에 나타난 '나비 모양 발진'…전신홍반루푸스 신호탄,"아이 얼굴에 갑자기 나비 모양의 발진이 생기고, 이 발진이 햇볕을 볼 때 더 심해지는 양상을 보일 때 의심해봐야 하는 질환이 있다. 우리 몸의 면역시스템이 자기 자신을 공격하는 자가면역질환 '전신홍반루푸스'가 그것이다. 서울대병원 소아청소년과 김성헌 교수는 '서울대병원tv'에서 ""전신홍반루푸스는 피부, 관절, 신장, 심장, 뇌 등 온몸 곳곳에 염증이 생길 수 있다""며 ""전신홍반루푸스의 가장 대표적인 증상이 얼굴에 나타나는 나비 모양의 발진""이라고 말했다.",local,8,생물학적제제,,,0.26324662525804865,,0.8,0.26324662525804865,0.6389739875774145,False
2026-02-12,BD,2026-02-12 18:38:00,Naver News,https://www.mediawatch.kr/news/article.html?no=258713,"[인싸잇] [데스크 칼럼] 일본의 약가율, 한국 제네릭 약가 인하의 명분이 될 수 있나","인싸잇=한민철 편집국장 ｜ “정부가 제약사 상황을 몰라도 너무 모르는 것 같습니다. 저희 같은 중소형 제약사는 제네릭 제품이 매출을 책임지고 있습니다. 제네릭을 다들 복사약이라고 쉽게 말하지만, 제품을 개발하고 출시하기까지 수천억에 많게는 조 단위의 투자 비용이 듭니다. 제네릭 출시에 성공하면 그나마 회사가 이익을 내고 재투자할 여력이 생깁니다.",local,8,제네릭,,,0.26324662525804865,,0.8,0.26324662525804865,0.6389739875774145,False
2026-02-12,BD,2026-02-12 12:10:00,Naver News,https://www.hitnews.co.kr/news/articleView.html?idxno=73833,"'대체 불가' 표시 유도할까, 약국과 친해질까? CSO, 영업전략 고민 중","약국의 의약품 대체조제 사후통보 간소화가 이달 2일부터 본격 시행된 가운데 의약품 판촉대행(CSO) 업체들 사이에서 기존과 다른 움직임이 감지된다. ①대체조제 불가를 유도하기 위한 영업과 ②처방대로 약국 조제를 유지하기 위한 액션이 더 강해지는데 따른 것이다. 약국가 사이에서 예상보다 이른 시간 내 대체조제율이 높아지기 때문이라는 분석도 나온다.최근 약국가, 제약업계, CSO업계 관계자들에 따르면 2일 사후통보 간소화 이후 CSO 영업사원들은 대체조제에 대응하기 위한 방안 찾기에 주력하고 있다.국내 한 CSO는 대체조제 사후통보 간.",local,8,CSO,,,0.2553325051087471,,0.8,0.2553325051087471,0.636599751532624,False
2026-02-12,BD,2026-02-12 18:14:00,Naver News,https://www.getnews.co.kr/news/articleView.html?idxno=861243,"시지바이오, IMCAS 2025서 1000억원 이상 글로벌 계약 성과",바이오 재생의료 및 에스테틱 전문기업 시지바이오가 프랑스 파리에서 개최된 세계 최대 규모 미용성형학회에서 총 1015억원 규모의 글로벌 공급 계약을 체결하며 성공.,local,8,제형,,,0.24866786407072844,,0.8,0.24866786407072844,0.6346003592212185,False
2026-02-12,BD,2026-02-12 20:46:00,Naver News,http://www.thefirstmedia.net/news/articleView.html?idxno=193572,"시지바이오, 세계 최대 미용성형학회 ‘IMCAS 2026’ 성료...""1000억 이상 글로벌 공급 계약 창출""","바이오 재생의료 및 에스테틱 전문기업 시지바이오(대표이사 유현승)는 프랑스 파리에서 열린 세계 최대 규모의 미용성형학회 ‘임카스 월드 콩그레스 2026(IMCAS World Congress 2026)’에 참가해, 총 1,015억 원 규모의 글로벌 공급 계약 및 주문 성과를 창출하며 행사를 성공적으로 마쳤다고 12일 밝혔다.IMCAS(International Master Course on Aging Science)는 올해로 28회를 맞은 글로벌 메디컬 에스테틱 분야 대표 학회로, 피부과·성형외과 전문.",local,8,파트너십,,,0.24831701823708785,,0.8,0.24831701823708785,0.6344951054711263,False
2026-02-12,BD,2026-02-12 17:23:00,Naver News,https://news.bizwatch.co.kr/article/healthcare/2026/02/12/0042,"제약바이오협회 ""약가인하, 한국 제약산업 고려 부족""",정부가 추진 중인 약가제도 개편안을 두고 제약산업의 지속가능성을 함께 고려해야 한다는 목소리가 커지고 있다. 약가 인하에 초점을 맞춘 제도 개편이 제네릭 산업 기반을 약화시키면 신약 개발 역량과 의약품 공급 안...,local,8,제네릭,,,0.24461682935133752,,0.8,0.24461682935133752,0.6333850488054011,False
2026-02-12,BD,2026-02-11 17:22:00,Naver News,https://www.sisajournal-e.com/news/articleView.html?idxno=419182,‘상품’·신약 비중 높은 제일약품 “대형 복제약 신경 쓰이네”  - 시사저널e,정부의 약가인하 일정에 제약업계가 촉각을 곤두세운 가운데 제일약품은 ‘상품’과 신약 비중이 비교적 높은 상태로 확인됐다.,local,8,특허만료,,,0.24444330865548186,,0.8,0.24444330865548186,0.6333329925966444,False
2026-02-12,BD,2026-02-12 06:56:00,Naver News,http://www.newsmp.com/news/articleView.html?idxno=251614,"FDA, 모더나 mRNA 독감 백신 허가 심사 거부",미국 식품의약국(FDA)이 모더나의 mRNA(메신저리보핵산) 인플루엔자(독감) 백신 승인 심사를 거부했다.모더나는 FDA 산하 생물의약품 평가연구센터(CBER)로부터 인플루엔자 백신 후보물질 mRNA-1010에 대한 생물학적제제 허가신청서(BLA) 심사를 개시하지 않겠다는 통보와 함께 접수 거부 서한을 수령했다고 10일 밝혔다.해당 신청서의 신속한 심사를 위해 모더나는 우선 심사 바우처를 사용한 상태였다.CBER은 서한에서 표준 용량 계절성 인플루엔자 백신을 비교군으로 선택한 점을 허가 신청서 심사를 거부한 유일한 사유.,local,8,생물학적제제,,,0.24182048059314393,,0.8,0.24182048059314393,0.6325461441779431,False
2026-02-12,BD,2026-02-10 19:14:00,Naver News,https://www.bloter.net/news/articleView.html?idxno=654019,"[제약사 리포트] 동아에스티, '마진 관리·도입 품목 의존' 과제",동아에스티가 사상 최대 매출을 기록했지만 수익성은 오히려 후퇴했다. 재고자산 정리에 따른 일회성 비용과 도입 품목 중심 매출 구조가 맞물리며 분기 실적이 흔들린 영향이다. 외형 성장과 비용 관리 사이의 균형이 향후 실적 개선의 핵심 과제로 떠오르고 있다. 재고자산 폐기 집중 4분기 '.,local,8,입센,,,0.23873520890365432,,0.8,0.23873520890365432,0.6316205626710962,False
2026-02-12,BD,2026-02-11 09:30:00,Naver News,https://news.bizwatch.co.kr/article/healthcare/2026/02/10/0025,"'플랫폼·후기라운드' 돈 몰린다…AI 신약 '갤럭스', 420억 유치","인공지능(AI) 신약 설계 전문 기업 갤럭스가 420억원 규모의 시리즈B 투자를 유치에 성공했다. 최근 퍼스트바이오테라퓨틱스, 엘리시젠 등 바이오벤처들의 대규모 펀딩 성공 사례가 잇따르면서 기술력으로 성과가 기...",local,8,베링거인겔하임,,,0.23873520890365432,,0.8,0.23873520890365432,0.6316205626710962,False
2026-02-12,BD,2026-02-07 06:02:00,Naver News,https://www.dailypharm.com/user/news/335547?REFERER=NP,"[데일리팜]'엑스탄디' 특허만료 임박…아스텔라스, 후속 신약개발 속도",아스텔라스가 전립선암 치료제 '엑스탄디'의 특허 만료를 앞두고 후속 항암 파이프라인 확장에 속도를 내고 있다. 위암·요로상피암에서 혁신신약(First-in-class)을 연이어 출시한 데 이어 이중항체·단백질 분해제·유전자치료제·세포치료제까지 다층적 모달리티로 개발 전략을 넓히는 모습이다. 7일 관련 업계에 따르면 아스텔라스는 최근 신약개발 계획을 통해 엑스탄디(엔잘루타마이드)….,local,8,아스텔라스,,,0.23873520890365432,,0.8,0.23873520890365432,0.6316205626710962,False
2026-02-12,BD,2026-02-12 22:04:00,Naver News,https://news.bbsi.co.kr/news/articleView.html?idxno=4067273,"경북 백신센터, 식약처 GCLP 인증 획득...백신 산업 핵심 거점 도약","안동에 위치한 경북도 바이오산업연구원 산하 백신상용화기술지원센터가 최근 식약처의 '임상시험검체분석 관리기준', 즉 GCLP 인증을 받았습니다. 이번 인증으로 센터는 임상시험 검체 분석을 독립적으로 수행할 수 있게 됐습니다.이로써 국내 고위험 병원체 대응을 위한 백신 임상시험 인프라가.",local,8,백신,,,0.23873520890365432,,0.8,0.23873520890365432,0.6316205626710962,False
2026-02-12,BD,2026-02-12 16:24:00,Naver News,https://news.mtn.co.kr/news-detail/2026021216081061018,기술 이전·신약 성과에…흑자 내는 K-바이오,‘돈 버는 바이오’가 늘고 있다. 연구개발(R&D) 중심 적자 구조에서 벗어나 기술력을 앞세운 계약 성과와 신약 매출을 통해 수익 창출을 이루고 있다. 12일 바이오 업계에 따르면 제일약품 자회사 온코닉테라퓨틱스의 지난해 영업이익은 126억원으로 전년도 영업손실 48억원에서 흑자 전환했다.국내 37호 신약인 위식도역류질환 치료제 ‘자큐보’ 매출 성장이 주효했다.,local,8,릴리,,,0.2282982327852019,,0.8,0.2282982327852019,0.6284894698355605,False
2026-02-12,BD,2026-02-12 08:02:00,Naver News,https://www.hani.co.kr/arti/hanihealth/pharm/1244631.html,“제네릭 깎아서 신약 만든다?…번지수 틀린 진단입니다” [건강한겨레],보건복지부가 추진 중인 약가 제도 개편안을 둘러싼 논란이 가라앉지 않고 있다. 정부는 제네릭(복제약) 의약품의 약가를 일괄 인하해 건강보험 재정을 절감하고 이 재원을 신약 개발 인센티브로 돌리겠다는 구상이다. 제네릭 위주의 제약 산업 구조를 바꾸고 글로벌 경쟁력을 갖춘.,local,8,사노피,,,0.2264431176533488,,0.8,0.2264431176533488,0.6279329352960046,False
2026-02-12,BD,2026-02-12 16:26:00,Naver News,http://www.metroseoul.co.kr/article/20260212500662,"[기자수첩]혁신과 혁명, K제약 딜레마",정부가 추진하고 있는 약가제도 개편안이 논란이다. 논란 중심에는 제네릭 의약품에 대한 약가 산정률을 기존 53%대에서 40%대로 하향 조정하는 방안이 놓여 있다. 정부의 논리는 명확하다. 약값을 낮춰 국민 부담을 줄이고 국내 제약 회사들이 복제약에 안주하지 않고 신약.,local,8,약가,,,0.2264431176533488,,0.8,0.2264431176533488,0.6279329352960046,False
2026-02-12,BD,2026-02-12 20:46:00,Naver News,http://www.thefirstmedia.net/news/articleView.html?idxno=193590,"분당차병원 심장혈관흉부외과 임공민 교수팀, 오목가슴 XI-bar 수술법의 우수성 규명 연구논문 국제학술지 게재","차 의과학대학교 분당차병원(원장 윤상욱)은 심장혈관흉부외과 임공민, 가톨릭대학교 성빈센트병원 심장혈관흉부외과 현관용 교수팀은 오목가슴(Pectus Excavatum) 수술 종류별 흉곽 내부 공간이 어떻게 변화하는지를 3차원 CT기반 체적 분석으로 비교 연구한 결과, XI-bar 기법이 가장 균형 잡힌 흉곽 재형성을 유도한다는 사실을 규명했다. 이번 연구 결과는 외과 분야 국제학술지 Asian Journal of Surgery(IF 3.8)에 게재됐다.오목가슴 수술은 선천적으로 흉골과 늑연골이 안쪽으로 함몰되어 흉곽이 오목하게 들어간.",local,8,합병,,,0.22638768380140442,,0.8,0.22638768380140442,0.6279163051404213,False
2026-02-12,BD,2026-02-12 16:58:00,Naver News,https://weekly.hankooki.com/news/articleView.html?idxno=7150073,"삼성바이오에피스, 리제네론·바이엘과 ‘오퓨비즈’ 2㎎ 美 계약 체결",삼성바이오에피스는 안과질환 치료제 ‘오퓨비즈’ 관련 오리지널 의약품 회사 ‘리제네론’ 및 ‘바이엘’과 2㎎ 제형에 대한 미국 합의 및 라이선스 계약을 체결했다고 12일 밝혔다.삼성바이오에피스는 이번 계약에 따라 내년 1월 중 미국에서 오피뷰즈를 출시한다. 삼성바이오에피스는 지난달 유럽 등에 이어 아일리아 바이오시밀러에 대한 글로벌 특허 합의를 완료한 바 있다. 오퓨비즈는 2024년 미국 식품의약국(FDA)로부터 허가를 받았다.한국에서는 ‘아필리부란 제품명으로 허가를 받아 같은 해 5월에 출시했다.,local,8,리제네론,,,0.22606107309195198,,0.8,0.22606107309195198,0.6278183219275856,False
2026-02-12,BD,2026-02-12 20:46:00,Naver News,http://www.thefirstmedia.net/news/articleView.html?idxno=193578,"서울아산병원 사호석 교수,  눈 뒤 종양 ‘안와 우연종’ 치료 가이드라인 첫 제시","최근 건강검진이나 두통으로 뇌 검사를 했다가 예상치 못하게 눈 뒤 공간인 안와에서 종양이 발견되는 사례가 늘고 있다. 하지만 이러한 안와 우연종 치료에 대해서는 아직까지 명확한 가이드라인이 없었는데, 최근 국내 연구진이 안와 우연종의 특징과 치료 원칙을 분석해 학계에 세계 최초로 보고했다.안와 우연종(incidentaloma)은 눈에 특별한 이상 증상이 없는데 다른 검사를 하다가 눈 주변에서 우연히 발견되는 혹이나 종양을 말한다.12일 서울아산병원 안과 사호석 교수팀에 따르면 서울아산병원에서 안와 우연종이 발견된 환자 43명을 대상.",local,8,합병,,,0.22511799850794303,,0.8,0.22511799850794303,0.6275353995523829,False
2026-02-12,BD,2026-02-11 15:48:00,Naver News,https://www.medicopharma.co.kr/news/articleView.html?idxno=67084,"에보뮨, 아토피 치료 후보 2상서 듀피젠트 유사 효능 신호","에보뮨(Evommune)이 개발 중인 아토피 피부염 치료 후보물질이 2상 임상에서 유의미한 증상 개선 효과를 확인했다. 기존 표준 생물학적제제와 유사한 수준의 개선 폭이 나타나면서, 후속 용량 탐색과 제형 변경을 포함한 추가 임상이 추진될 전망이다.11일.",local,8,생물학적제제,,,0.22397593048271247,,0.8,0.22397593048271247,0.6271927791448136,False
2026-02-12,BD,2026-02-12 21:44:00,Naver News,https://tk.newdaily.co.kr/site/data/html/2026/02/12/2026021200572.html,"경북 백신상용화기술지원센터, GCLP 인증 획득","경상북도 바이오산업연구원 백신상용화기술지원센터가 ’2026년 2월 5일자로 식약처의 ‘임상시험검체분석 관리기준(GCLP, Good Clinical Laboratory Practice)’ 인증을 획득했다.GCLP는 임상시험검체분석기관의 시험 수행 및 품질관리 체계 전반을 평가·인증하는 제도로, 식약처의 GCLP 지정을 받은 기관만이 임상시험 검체 분석을 수행할 수 있다.이번 GCLP 인증은 경상북도와 ...",local,8,백신,,,0.2233275175840221,,0.8,0.2233275175840221,0.6269982552752066,False
2026-02-12,BD,2026-02-12 14:00:00,Naver News,http://www.biotimes.co.kr/news/articleView.html?idxno=27076,"기술료 급증에도 변동성 지속…알테오젠, 상업화가 분수령","알테오젠이 글로벌 제약사와의 잇따른 기술수출 성과를 바탕으로 사상 최대 실적을 기록했다. 다만 계약금과 마일스톤 중심의 수익 구조가 확대되면서, 상업화 이후 반복적 로열티 매출의 본격화 여부가 향후 기업가치의 핵심 변수로 부상하고 있다. 히알루로니다제 기반 SC 전환 플랫폼 ‘ALT-B4’의 임상 진전이 중장기 성장의 분수령이 될 전망이다.◇ 사상 최대 실적…기술료 중심 수익 구조 강화알테오젠은 지난해 별도 기준 매출 약 2,021억 원, 영업이익 1,147억 원을 기록하며 사상 최대 실적을 달성했다.",local,8,MSD,,,0.2233275175840221,,0.8,0.2233275175840221,0.6269982552752066,False
2026-02-12,BD,2026-02-09 17:06:00,Naver News,https://www.todayeconomic.com/news/article.html?no=29600,"[투데이e코노믹] 동아쏘시오홀딩스, 2025년 연결 매출 1.43조… 헬스케어·바이오 생산·물류 축의 ‘과학 기반 성장’ 확인","투데이e코노믹 = 이혜진 기자 | 동아쏘시오홀딩스가 2025년 연결 기준 매출 1조 4,298억 원, 영업이익 978억 원을 기록하며 외형 성장과 수익성 개선을 동시에 달성했다. 이번 실적은 단순한 판매 확대를 넘어, 헬스케어 제품 개발 역량, 바이오의약품 위탁생산(CMO) 기술력, 고도화된 물류 시스템이 결합된 산업 생태계형 성장 구조가 작동하고 있음을.",local,8,콜드체인,,,0.22243120461272783,,0.8,0.22243120461272783,0.6267293613838183,False
2026-02-12,BD,2026-02-12 15:30:00,Naver News,https://www.donga.com/news/Health/article/all/20260212/133354428/1,"삼성바이오, 안과질환 치료제 ‘오퓨비즈’ 내년 출시 확정…美 특허 합의",삼성바이오에피스가 연매출 14조원에 이르는 블록버스터 의약품 ‘아일리아’의 바이오시밀러(바이오의약품 복제약) ‘오퓨비즈’를 미국에서 2027년부터 판매하게 됐다. 삼성바이오에피스는 12일 아일리아의 개발사 리제네론 및 바이엘과 2mg 제형에 대한 미국 판매 라이선스 ….,local,8,바이엘,,,0.22243120461272783,,0.8,0.22243120461272783,0.6267293613838183,False
2026-02-12,BD,2026-02-12 21:06:00,Naver News,http://www.lawissue.co.kr/view.php?ud=202602122103565492204ead0791_12,"hy, 이뮤노바이옴과 전략적 사업제휴 체결",hy가 마이크로바이옴 연구·진단 기술 기업 이뮤노바이옴과 전략적 사업제휴를 체결했다고 12일 밝혔다.양사는 hy의 프로바이오틱스 개발 역량과 이뮤노바이옴의 데이터 분석 기술을 결합해 개인 맞춤형 장 건강 솔루션 개발을 공동 추진한다.이뮤노바이옴은 신약 개발 전문기업으로 기능성 원료 개발.,local,8,제휴,,,0.22243120461272783,,0.8,0.22243120461272783,0.6267293613838183,False
2026-02-12,BD,2026-02-12 18:06:00,Naver News,https://www.sedaily.com/article/20008693?ref=naver,"아일리아 특허 분쟁 마무리…삼성에피스, 9조 美시장 조준",삼성바이오에피스가 글로벌 안과질환 치료제 시장의 블록버스터인 아일리아를 둘러싼 특허 분쟁을 완전히 끝내고 미국 시장 진입 시점을 확정했다. 그동안 오리지널 제조사의 특허 공세에 막혀 불투명했던 출시 일정이 정리되면서 9조 원 규모의 미국 시장 공략에 속도가 붙을 전망이.,local,8,라이선스,,,0.22243120461272783,,0.8,0.22243120461272783,0.6267293613838183,False
2026-02-12,BD,2026-02-12 18:02:00,Naver News,https://www.asiatoday.co.kr/view.php?key=20260212010004724,삼성바이오에피스도 참전…9조원대 ‘아일리아’ 美 시장 경쟁 본격화,삼성바이오에피스와 셀트리온 등 국내 기업이 블록버스터 안질환 치료제 ‘아일리아’의 미국 시장에 본격 진출한다. 특허 문제로 출시에 어려움을 겪었던 이들 기업이 오리지널 개발사와 합의하면서 바이오시밀러 출시가 가능해졌다. 다만 올해와 내년에 걸쳐 다수 기업의 제품 출시..,local,8,라이선스,,,0.22243120461272783,,0.8,0.22243120461272783,0.6267293613838183,False
2026-02-12,BD,2026-02-12 18:24:00,Naver News,https://dealsite.co.kr/articles/157002,"대웅제약, 3845억 규모 펙수클루 中 수출 계약 해지  - 딜사이트","DealSite 투자판단의 최종 책임은 본 정보를 열람하는 이용자에게 있습니다. 본 사이트의 정보는 무단 재배포 및 재활용할 수 없습니다. 딜사이트의 모든 콘텐트는 저작권의 보호를 받으며, 무단 전제·복사·배포 등의 행위는 법적 제재를 받을 수 있습니다. ㈜딜사이트       인터넷신문 등록번호 : 서울, 아03375 등록일 : 2014.10.23       제호 : 딜사이트 발행/편집인 : 이승호       청소년보호책임자 : 이진철 발행일 : 2014.10.23 주소 : 서울특별시 서대문구 서소문로 21 충정타워 14층       대표번호 : 02-6952-0384       이용 문의 : 02-6952-0368, 02-6952-0385       FAX : 02-6952-0387 사업자번호 : 794-87-01221       통신판매업신고번호 : 제2023-서울서대문-0500호 Copyright ⓒ ㈜딜사이트, All Rights Reserved.",local,8,적응증,,,0.22243120461272783,,0.8,0.22243120461272783,0.6267293613838183,False
2026-02-12,BD,2026-02-11 12:00:00,Naver News,http://www.bosa.co.kr/news/articleView.html?idxno=2269721,BMS AI 임상개발 최적화 제휴 체결,BMS가 AI로 임상개발을 최적화하기 위해 에비노바와 제휴를 체결했다.에비노바는 BMS가 세계 포트폴리오에 걸쳐 효율 개선과 비용 절감을 위해 AI 임상 개발 플랫폼을 적용하기로 합의했다고 발표했다. 특히 BMS는 에비노바 시험 디자이너의 비용 최적화 모듈을 배치해 의사결정을 개선하고 생산성 기회를 찾아내며 더욱 효율적으로 시험을 디자인할 목표다. 에비노바의 솔루션과 전략은 환자 경험을 60% 개선시키고 시험을 6개월 가속화하며 비용을 32% 절감시킬 수 있는 것으로 네이처 메디슨에 발표된 바 있다.,local,8,BMS,,,0.21994015914461024,,0.8,0.21994015914461024,0.6259820477433831,False
2026-02-12,BD,2026-02-12 16:24:00,Naver News,https://www.sisajournal-e.com/news/articleView.html?idxno=419215,"‘복제약’ 많은 신풍제약, 高수출 비중에도 약가인하 영향권 - 시사저널e",정부가 추진해왔던 약가인하 여부가 조만간 확정될 예정으로 관측되는 가운데 상대적으로 제네릭(복제약)이 많은 신풍제약도 인하 영향.,local,8,특허만료,,,0.21510323117750818,,0.8,0.21510323117750818,0.6245309693532524,False
2026-02-12,BD,2026-02-12 20:46:00,Naver News,http://www.thefirstmedia.net/news/articleView.html?idxno=193591,"일산백병원 소아당뇨 전문의 이지은 교수, 소아·청소년 제2형 당뇨병 급증... “10세 이후 혈당검사 필요”","국내 소아·청소년에게서 제2형 당뇨병이 빠르게 증가하고 있는 것으로 나타났다. 대한당뇨병학회가 발표한 ‘2025년 소아·청소년 제2형 당뇨병 임상 진료지침’에 따르면, 국내 아동·청소년의 제2형 당뇨병 유병률은 2002년 10,000명당 2.27명에서 2016년 10.08명으로 4.43배 증가했다.12일 의료계 전문가들은 “청소년기 발병 당뇨병은 성인보다 합병증이 더 빠르게 진행돼 조기 발견이 무엇보다 중요하다”고 강조한다.소아 당뇨 치료 전문의인 일산.",local,8,합병,,,0.21505301758939266,,0.8,0.21505301758939266,0.6245159052768178,False
2026-02-12,BD,2026-02-12 18:20:00,Naver News,https://www.stardailynews.co.kr/news/articleView.html?idxno=524130,"올릭스, 키투브레인과 CNS 치료제 개발 협력 본격화 ::",올릭스가 스웨덴 바이오 기업 키투브레인(Key2Brain AB)과 중추신경계(CNS) 질환 치료제 개발을 위한 ‘전달체 기술 평가 및 기술 도입 옵션 계약’을 체결했다.올릭스는 이번 계약...,local,8,라이선스,,,0.2136248072529002,,0.8,0.2136248072529002,0.62408744217587,False
2026-02-12,BD,2026-02-12 20:46:00,Naver News,http://www.thefirstmedia.net/news/articleView.html?idxno=193584,"태광산업·유암코 컨소시엄, 최근 ‘상거래 채권자 거래단절’ 논란에 “근거 없는 주장” 일축",동성제약 인수를 추진 중인 태광산업·유암코 컨소시엄은 최근 일각에서 제기된 ‘상거래 채권자 대상 거래 단절 압박’ 논란에 대해 “아무런 근거 없는 억측 주장”이라고 12일 밝혔다.태광·유암코 컨소시엄은 최근 대주주 측이 제기한 주장에 대해 “인수 주체의 진의를 왜곡한 무책임한 발언”이라며 “컨소시엄은 모든 이해 관계인의 보호와 신뢰 회복을 경영의 최우선 가치로 삼을 것”이라고 밝혔다.이어 “회생 기업의 경영 정상.,local,8,인수,,,0.2133386836203828,,0.8,0.2133386836203828,0.6240016050861148,False
2026-02-12,BD,2026-02-12 15:12:00,Naver News,http://www.metroseoul.co.kr/article/20260212500526,"삼성바이오에피스, 아일리아 바이오시밀러 美 특허 합의","삼성바이오에피스가 안과질환 치료제 아일리아 바이오시밀러와 관련한 특허 분쟁을 마무리했다. 삼성바이오에피스는 '오퓨비즈'(아일리아 바이오시밀러) 관련 오리지널 의약품 회사 리제네론, 바이엘과 2㎎ 제형에 대한 미국 합의 및 라이선스 계약을 체결했다고 12일 밝혔다.",local,8,바이엘,,,0.20856875406298905,,0.8,0.20856875406298905,0.6225706262188967,False
2026-02-12,BD,2026-02-12 10:22:00,Naver News,https://www.apsk.co.kr/news/articleView.html?idxno=538638,얀센 '서튜러' 퍼스트제네릭 허가 임박…올해 12월 조기발매 유력 - 메디팜스투데이,얀센의 결핵치료제 '서튜러정(성분명 베다퀼린푸마르산염)' 퍼스트제네릭 허가가 임박했다. 제네릭 허가 신청이 이루어지면서 오는 12월 용도특허 만료 시점에 맞춰 조.,local,8,얀센,,,0.20440779074030455,,0.8,0.20440779074030455,0.6213223372220913,False
2026-02-12,BD,2026-02-12 12:58:00,Naver News,https://www.mediapen.com/news/view/1081324,"제네릭 넘어 신약으로…제약업계, 어닝서프라이즈 ‘질적 반등’","국내 전통 제약사들이 지난해 연간실적에서 잇따라 호실적을 기록하고 있다. 한미약품과 대웅제약, 유한양행이 매출과 이익 모두 역대급 성과를 기록했고 부광약품도.",local,8,MSD,,,0.20435377529496396,,0.8,0.20435377529496396,0.6213061325884891,False
2026-02-12,BD,2026-02-11 11:18:00,Naver News,https://www.hinews.co.kr/view.php?ud=2026021111161120086aa9cc43d0_48,"바이오플러스, 화이자 출신 명상운 부사장 영입 - 하이뉴스",국내 바이오·의료기기 기업 바이오플러스가 글로벌 제약사와 CDMO에서 30년 가까운 경력을 쌓은 명상운 부사장(Gus Myung)을 영입했다고 밝혔다.명 부사장은 바이오사업지원단 소속으로 해외영업 지원과 RA·QA 총괄을 맡아 바이오의약품 공정 및 품질 체계 강화에 핵심 역할을 수행할.,local,8,GSK,,,0.20239476036193096,,0.8,0.20239476036193096,0.6207184281085792,False
2026-02-12,BD,2026-02-12 16:10:00,Naver News,https://www.yakup.com/news/index.html?mode=view&cat=11&nid=323300,"[약업신문]바이오의약품협회, 알츠하이머병 치료제 개발·기술이전 동향 보고서 발간","한국바이오의약품협회는 글로벌 알츠하이머병 치료제 개발 환경 변화와 기술이전 트렌드를 분석한 「알츠하이머병 치료제 개발 패러다임과 기술이전 동향 보고서」를 발간했다고 12일 밝혔다.보고서에 따르면, 최...",local,8,로슈,,,0.19794501165966763,,0.8,0.19794501165966763,0.6193835034979003,False
2026-02-12,BD,2026-02-11 10:15:00,Naver News,https://www.newspim.com/news/view/20260211000403,"[AI의 종목 이야기] 모더나, 시간 외 거래서 8% 급락...FDA 백신 검토 거부",모더나(종목코드: MR.,local,8,생물학적제제,,,0.19716151641205334,,0.8,0.19716151641205334,0.6191484549236159,False
2026-02-12,BD,2026-02-12 22:54:00,Naver News,https://www.bzeronews.com/news/articleView.html?idxno=811381,‘설 연휴 가축전염병 차단’ 총력 대응 - 공뉴스,"설 연휴를 앞두고 범정부가 고병원성 조류인플루엔자(AI), 아프리카돼지열병(ASF), 구제역 확산 차단을 위해 ‘24시간 비상 대응체계’와 전국 단위 일제 소독을.",local,8,백신,,,0.19637034996216568,,0.8,0.19637034996216568,0.6189111049886497,False
2026-02-12,BD,2026-02-12 15:02:00,Naver News,https://www.ekn.kr/web/view.php?key=20260212021488979,항암제·비만약…올해 K-신약 허가 후보는,국내 일부 제약바이오기업들이 자체 신약에 대해 국내외 규제기관 허가심사 결과를 기다리고 있어 올해도 다수의 국산 신약이 탄생할지 주목된다. 장기간 막대한 비용을 투입한 연구개발(R..,local,8,유통계약,,,0.19555956449628475,,0.8,0.19555956449628475,0.6186678693488854,False
2026-02-12,BD,2026-02-12 19:54:00,Naver News,http://sjbnews.com/news/news.php?number=871871,"남원시보건소, 희귀질환 의료비지원 대상 확대","남원시보건소는 희귀질환 의료비지원 대상 질환이 기존 1,338개에서 75개가 추가돼 총 1,413개로 늘어난다고 밝혔다. 또 소득·재산 기준이 지난해부터 연령 구분 없이 기준 중위소득 140% 미만으로 완화돼 더 많은 환자가 혜택을 받을 수 있게 됐다고 전했다. 의료비 지원 항목은 희귀질환 및 그 합병증 치료에 소요되는 요양급여 비용 중 본인부담금이다. 보조기기 구입비, 간병비, 특수식이 구입비 등도 기준에 적합할 경우 지원받을 수 있다.",local,8,합병,,,0.19488674483422602,,0.8,0.19488674483422602,0.6184660234502677,False
2026-02-12,BD,2026-02-12 08:36:00,Naver News,http://www.segyebiz.com/newsView/20260212503742?OutUrl=naver,AI로 ‘신약 개발’하는 시대… 글로벌 제약사와 국내 제약사의 차이는,"글로벌 제약사들이 신약 개발 등에 인공지능(AI)을 적극적으로 활용하고 있는 반면, 국내 기업들은 아직 이를 따라가지 못하고 있다는 지적이 나온다. 12일 제약·바이오 업계에 따르면 국내 기업들은 AI 도입을 통해 신약 개발 등을 추진 중이다. 대표적인 예로, 대웅제약은 A...",local,8,화이자,,,0.1947712806466542,,0.8,0.1947712806466542,0.6184313841939962,False
2026-02-12,BD,2026-02-12 19:20:00,Naver News,http://www.thefirstmedia.net/news/articleView.html?idxno=193559,"삼양바이오팜, 중동 최대 의료 전시회서 봉합사∙지혈제 기술력 선봬","삼양바이오팜(대표 김경진)은 지난 9일부터 12일까지 아랍에미리트 두바이에서 열린 중동 최대 의료 전시회 ‘World Health Expo Dubai 2026(WHX Dubai 2026)’에 참가해 봉합사와 지혈제 제품의 우수성을 선보였다고 12일 밝혔다.이번 전시회에는 4,300여 개의 글로벌 헬스케어 기업과 23만 명 이상의 업계 전문가가 참석했다. 삼양바이오팜은 현지 시장 트렌드 분석과 판로 확대를 위해 올해로 25년 연속 참가했다.삼양바이오팜은 미늘형 봉합사 ‘테라픽스(Therafix)&rsq.",local,8,파트너십,,,0.19320770492568395,,0.8,0.19320770492568395,0.6179623114777051,False
2026-02-12,BD,2026-02-12 05:34:00,Naver News,https://www.dailymedi.com/news/news_view.php?wr_id=933862,유원상 유유제약 대표 승부수 '고양이 의약품',﻿﻿﻿﻿﻿유원상 유유제약 대표가 반려묘 '아리'를 소개하고 있다.,local,8,CSO,,,0.19320770462579023,,0.8,0.19320770462579023,0.617962311387737,False
2026-02-12,BD,2026-02-12 21:52:00,Naver News,http://www.lawissue.co.kr/view.php?ud=202602122151168242204ead0791_12,"삼양바이오팜, 중동 의료전시회서 봉합사·지혈제 소개",삼양바이오팜이 지난 9일부터 12일까지 아랍에미리트 두바이에서 열린 중동 최대 의료 전시회 ‘WHX Dubai 2026’에 참가했다고 12일 밝혔다. 회사는 판로 확대를 위해 25년 연속 해당 전시회에 참가하고 있다.삼양바이오팜은 미늘형 봉합사 ‘테라픽스’와 흡수성 지혈제 ‘써지가드’를.,local,8,파트너십,,,0.19320770442651808,,0.8,0.19320770442651808,0.6179623113279553,False
2026-02-12,BD,2026-02-11 15:52:00,Naver News,https://www.rapportian.com/news/articleView.html?idxno=232502,"유유제약, 고양이 바이오의약품으로 60조 동물의약품 시장 정조준",“저분자 케미컬 기준으로 보면 유유제약은 전 세계 약 800위 수준일 것이다. 하지만 고양이 바이오의약품 하나만 성공해도 글로벌 탑5에 들어갈 수 있다.”유유제약 유.,local,8,CSO,,,0.19115505712498954,,0.8,0.19115505712498954,0.6173465171374968,False
2026-02-12,BD,2026-02-12 07:02:00,Naver News,https://www.thebell.co.kr/free/content/ArticleView.asp?key=202602111532006680102030,"[더벨]HK이노엔, '자체제품'의 힘 5년만에 두자리 이익률 회복","이밖에도 중남미 시장에서의 상업적 성과와 이를 기반으로 한 유럽 판권 계약 가능성도 향후 수익성 제고의 핵심 요인으로 작용할 전망이다. HK이노엔 관계자는 ""국내 및 해외 시장에서 신약 케이캡의 활약을 위해... ",local,8,판권,,,0.19110136605378264,,0.8,0.19110136605378264,0.6173304098161347,False
2026-02-12,BD,2026-02-11 17:16:00,Naver News,https://www.insight.co.kr/news/542794,"“기술 산업에서 캐시카우로”... K-바이오 기업, 수익 본격화",국내 바이오 기업들이 연구개발 중심 적자 구조에서 벗어나 기술수출과 신약 매출을 통한 본격적인 수익 창출 단계로 진입했습니다.,local,8,GSK,,,0.1906606854657765,,0.8,0.1906606854657765,0.6171982056397329,False
2026-02-12,BD,2026-02-12 20:38:00,Naver News,https://www.ksmnews.co.kr/news/view.php?idx=590793,"경북도 백신상용화기술지원센터, 식약처 ‘임상시험검체분석기관’ 인증",경북 바이오산업연구원 백신상용화기술지원센터(안동)는 최근 식약처의 `임상시험검체분석 관리기준(GCLP)` 인증을 획득했다고 12일 밝혔다. GCLP는 임상시험검체분석기관의 시험 수행과 품질관리 체계 전반을 평가·인증..,local,8,백신,,,0.18988748732413133,,0.8,0.18988748732413133,0.6169662461972394,False
2026-02-12,BD,2026-02-12 16:10:00,Naver News,https://www.ajunews.com/view/20260212144034710,[제약·바이오 뉴스픽] 대원제약·SK바이오팜·삼성바이오에피스·자생한방병원 | 아주경제,"대원제약, 골라 먹는 감기약 대원콜 연질캡슐 3종 출시대원제약은 증상에 따라 차별화된 처방을 적용한 감기약 브랜드 대원콜 연질캡슐 시리즈를 새롭게 출시했다고 12...",local,8,바이엘,,,0.18988748732413133,,0.8,0.18988748732413133,0.6169662461972394,False
2026-02-12,BD,2026-02-12 18:23:00,Naver News,https://view.asiae.co.kr/article/2026021218234702004,"대웅제약 '펙수클루', 3800억 규모 중국 공급계약 해지 - 아시아경제",대웅제약이 위식도역류질환 치료제 펙수프라잔(제품명 펙수클루)의 중국 수출 공급 계약을 해지했다. 계약 규모는 약 3845억원으로 당시 회사 매출의 36%에 달하...,local,8,적응증,,,0.18988748732413133,,0.8,0.18988748732413133,0.6169662461972394,False
2026-02-12,BD,2026-02-12 09:08:00,Naver News,https://www.medicopharma.co.kr/news/articleView.html?idxno=67092,FDA ‘임상 3상 간소화’ 정책 확정 임박…셀트리온에 미칠 영향은,"미국 FDA의 바이오시밀러 정책 변화가 셀트리온의 중장기 사업 환경에 영향을 줄 변수로 거론된다. 비교임상(CES·comparative efficacy study, 통상 임상 3상으로 불리는 절차) 요구 범위가 축소될 경우, 개발 비용과 기간이 낮아져 바이.",local,8,특허만료,,,0.18986342907932705,,0.8,0.18986342907932705,0.616959028723798,False
2026-02-12,BD,2026-02-12 09:40:00,Naver News,http://www.press9.kr/news/articleView.html?idxno=72337,"[Generic Trend]비씨월드-영진약품, '서튜러' 제네릭 선점 주인공은?","얀센의 다제내성 결핵 치료제 '서튜러(성분명 베다퀼린)'의 제네릭 시장에서 비씨월드제약과 영진약품의 경쟁이 주목된다.식품의약품안전처에 따르면 지난해 12월 24일자로 베다퀼린 성분 제제의 허가신청이 접수됐다.서튜러에 대한 제네릭 도전은 지난해 9월 4일 비씨월드제약이 특허심판을 청구하면서 시작됐다. 여기에 9월 16일자로 영진약품까지 심판을 청구, 제네릭 시장을 두고 양사의 경쟁이 시작됐다.특허심판 결과는 무승부로 끝났다. 지난해 12월 17일 특허심판원으로부터 양사가 함께 인용 심결을 받아냈던 것.하지만 심결 직후인.",local,8,얀센,,,0.18986342907932705,,0.8,0.18986342907932705,0.616959028723798,False
2026-02-12,BD,2026-02-12 16:40:00,Naver News,https://www.rapportian.com/news/articleView.html?idxno=232548,"바이오의약품협, ‘알츠하이머병 치료제 개발 패러다임 동향 보고서’ 발간",한국바이오의약품협회는 글로벌 알츠하이머병 치료제 신약 개발 환경 변화와 기술이전 트렌드를 분석한 ‘알츠하이머병 치료제 개발 패러다임과 기술이전 동향 보고서’를 발간했.,local,8,로슈,,,0.18986342907932705,,0.8,0.18986342907932705,0.616959028723798,False
2026-02-12,BD,2026-02-12 13:14:00,Naver News,https://www.monews.co.kr/news/articleView.html?idxno=409619,"美 골관절염 시장 목전에 둔 K-바이오, 패러다임 바꾸나 - 메디칼업저버",거대한 미충족 수요인 질병조절 골관절염 치료제(DMOAD) 시장을 선점하기 위한 국내 바이오업계의 발걸음이 빨라지고 있다.코오롱티슈진.,local,8,판권,,,0.18986342907932705,,0.8,0.18986342907932705,0.616959028723798,False
2026-02-12,BD,2026-02-11 11:24:00,Naver News,https://www.pinpointnews.co.kr/news/articleView.html?idxno=428447,'약가 인하' 비껴간 수액제…JW중외·이노엔 동반 성장,의정 갈등 여파로 위축됐던 병원 수요가 정상화되는 가운데 국내 수액제 시장이 뚜렷한 회복세를 보이고 있다. 필수의약품인 수액제가 다시 안정적인 캐시카우로 성장하고 있다는 평가다. 정부의 약가 인하 정책과 직접적인 연관성이 낮은 품목이라는 점도 주목된다.10일 금융감독원에 따르면 JW생명과학은 지난해 연결기준 매출 2578억원을 기록했다. 이는 전년 대비 15.9% 증가한 수치다.,local,8,특허만료,,,0.18909270871011866,,0.8,0.18909270871011866,0.6167278126130356,False
2026-02-12,BD,2026-02-12 11:40:00,Naver News,http://www.biotimes.co.kr/news/articleView.html?idxno=27067,"‘원샷 치료’ CAR-T 혁신, 체외 조작 없이 직접 주입식 ‘인비보 CAR-T’로 진화","세포치료제 시장에서 차세대 ‘원샷 치료’ 혁신으로 불리는 인비보(In vivo) 카티가 글로벌 경쟁의 중심으로 떠오르고 있다. 복잡한 제조 공정과 높은 비용이라는 기존 카티 세포치료제의 구조적 한계를 근본적으로 극복하는 기술로 평가되며, 글로벌 제약사뿐 아니라 국내 바이오텍까지 기술 확보 경쟁에 뛰어드는 중이다. ◇ 인비보 카티, 체내 재프로그래밍으로 기존 한계 극복카티(CAR-T, 키메릭항원수용체 T세포) 치료제는 환자의 T세포를 개조해 암세포만 타깃으로 공격하도록 하는 혁신적 항암 치료제다.",local,8,릴리,,,0.18909270871011866,,0.8,0.18909270871011866,0.6167278126130356,False
2026-02-12,BD,2026-02-12 14:58:00,Naver News,https://www.businesskorea.co.kr/news/articleView.html?idxno=263183,"삼성바이오에피스, 아일리아바이오시밀러 글로벌 특허 합의 완료","삼성바이오에피스가 안과질환 치료제오퓨비즈™(Opuviz, 아일리아 바이오시밀러,성분명:애플리버셉트) 관련 오리지널 의약품 회사인 리제네론(Regeneron) 및 바이엘(Bayer)과 2mg 제형에 대한미국 합의 및 라이선스 계약(Settlement and License Agreemen.",local,8,바이엘,,,0.18909270871011866,,0.8,0.18909270871011866,0.6167278126130356,False
2026-02-12,BD,2026-02-12 18:30:00,Naver News,http://www.bizwnews.com/news/articleView.html?idxno=125279,"삼성바이오에피스, '아일리아' 글로벌 특허 장벽 모두 넘었다…""합의 완료""","삼성바이오에피스(대표 김경아)는 안과질환 치료제 오퓨비즈(성분명 애플리버셉트, 아일리아 바이오시밀러) 관련 오리지널 의약품 회사인 리제네론(Regeneron), 바이엘(Bayer)과 2㎎ 제형에 대한 미국 합의·라이선스 계약(Settlement and License Agreement)을 체결했다고 12일 밝혔다.이번 합의에 따라 삼성바이오에피스는 오는 2027년 1월 중 미국에서 오퓨비즈를 출시할 수 있게 됐으며 지난 1월 유럽 등에 이어 아일리아 바이오시밀러에 대한 글로벌 특허 합의를 완료하게 됐다.오퓨비즈는 지난 2.",local,8,라이선스,,,0.18909270871011866,,0.8,0.18909270871011866,0.6167278126130356,False
2026-02-12,BD,2026-02-12 06:00:00,Naver News,http://www.bosa.co.kr/news/articleView.html?idxno=2269911,"톱10 제약사, 지난해 견조한 매출 성장ㆍ수익성 개선","주요 제약사들이 지난해 견조한 매출 성장 속에서 영업이익과 순이익 등 수익성을 끌어올린 것으로 나타났다.일간보사·의학신문이 2025년 영업(잠정)실적을 공개한 제약사 중 매출 상위 10개 기업의 영업실적을 집계했다. 이번 집계에서 유한양행, GC녹십자, 종근당, 대웅제약, 한미약품, 보령, JW중외제약, 대원제약 등 8개사는 연결 재무제표 기준이고, 동아에스티와 HK이노엔 2개사는 별도 재무제표 기준 잠정치다.2025년 10개 제약사의 매출은 전년 대비 8.98% 증가한 13조 2135억원, 영업이.",local,8,코프로모션,,,0.18378916808718918,,0.8,0.18378916808718918,0.6151367504261567,False
2026-02-12,BD,2026-02-12 18:14:00,Naver News,https://www.ajunews.com/view/20260212164252944,"태광산업·유암코 컨소시엄 ""이해 관계인이 최우선 가치"" | 아주경제","동성제약 인수를 추진 중인 태광산업·유암코 컨소시엄이 최근 일각에서 제기된 상거래 채권자 대상 거래 단절 압박 논란에 대해 ""아무런 근거 없...",local,8,인수,,,0.18378916808718918,,0.8,0.18378916808718918,0.6151367504261567,False
2026-02-12,BD,2026-02-11 18:20:00,Naver News,http://www.finomy.com/news/articleView.html?idxno=249591,"탈모 치료 관련주, '껑충껑충' 프롬바이오·현대약품·샤페론... '주르륵' TS트릴리온","현대경제신문 홍미경 기자 | 탈모 치료 관련주들이 전 거래일 대비 0.42% 상승으로 장을 마감했다.11일 한국거래소에 따르면 프롬바이오, 현대약품, JW신약, 샤페론은 상승했다.프롬바이오와 현대약품은 전 거래일 대비 각각 127원, 670원 오른 1595원과 1만3250원에 거래를.",local,8,CSO,,,0.18378916808718918,,0.8,0.18378916808718918,0.6151367504261567,False
2026-02-12,BD,2026-02-10 06:06:00,Naver News,https://www.medipana.com/news/articleView.html?idxno=406702,"동아에스티, 올해 '성장사업부' 본격 가동…제품 시너지 극대화 노려 - 메디파나뉴스",동아에스티가 올해 전담조직을 통해 성장호르몬 제품 시너지 극대화를 노린다. 회사 대표 성장호르몬 치료제 '그로트로핀'과 성조숙증·.,local,8,입센,,,0.1837466185878561,,0.8,0.1837466185878561,0.6151239855763567,False
2026-02-12,BD,2026-02-12 17:14:00,Naver News,https://www.asiatoday.co.kr/view.php?key=20260212010004775,"HK이노엔, ‘케이캡 효과’로 2년 연속 1조 매출 가시권",HK이노엔이 지난해에 이어 올해도 1조원대를 유지할 가능성이 커지고 있다. 회사는 지난해 역대 최대 실적을 기록하며 국내 제약사 중 8번째로 ‘1조 매출’ 반열에 올랐다. 성장의 핵심 동력은 위식도역류질환 치료제 ‘케이캡(테고프라잔)’의 해외 시장 확대다.,local,8,제네릭,,,0.18331085830991478,,0.8,0.18331085830991478,0.6149932574929744,False
2026-02-12,BD,2026-02-12 15:44:00,Naver News,https://www.kdpress.co.kr/news/articleView.html?idxno=202709,"(주)마초의사춘기, (주)브라더스키퍼 인수로 NXC 비즈니스 본격 확장 - 데일리경제",자연·기술·경험이 결합된 NXC(Nature Experience Commerce) 기반의 플랜테리어·조경·바이오필리아 디자인 그룹 마초의사춘기(대표 김광수)는 2.,local,8,M&A,,,0.18301414780652359,,0.8,0.18301414780652359,0.614904244341957,False
2026-02-12,BD,2026-02-12 06:02:00,Naver News,https://www.dailypharm.com/user/news/335683?REFERER=NP,[데일리팜]대형 제약바이오 실적 동반 호조...R&D 경쟁력의 힘,"지난해 대형 제약바이오기업들이 호전된 실적 성적표를 받아들었다. 신약, 바이오시밀러, 복합신약, 위탁생산개발(CDMO) 등 연구개발(R&D) 역량으로 구축한 차별화된 경쟁력이 실적 상승의 원동력으로 작용했다. 삼성바이오로직스와 셀트리온은 국내 제약바이오산업 실적 신기록을 연거푸 갈아치웠다. 전통제약사들도 R&D 경쟁력을 기반으로 실적 신기록 행진을 동반 작성했다.",local,8,코프로모션,,,0.18301414780652359,,0.8,0.18301414780652359,0.614904244341957,False
2026-02-12,BD,2026-02-12 06:00:00,Naver News,https://www.news1.kr/bio/pharmaceutical-bio/6070663,"삼진제약, 제네릭 대신 혁신 신약 개발에 집중한다…""핵심은 AI""",ADC 플랫폼 앞세워 글로벌 기술이전 가시화 AI 기반 신약 개발을 핵심 전략으로 추진 중 진통제 '게보린' 제약사로 유명한 삼진제약(005500)이 신약 개발을 통한 연구개발(R&D) 중심 제약사로 거듭난다. 정부의 약가 인하 정책이 본격화된 상황에서 ….,local,8,특허만료,,,0.18301414780652359,,0.8,0.18301414780652359,0.614904244341957,False
2026-02-12,BD,2026-02-12 16:58:00,Naver News,https://www.pharmnews.com/news/articleView.html?idxno=301502,"FDA, 여드름약 ‘이소트레티노인’ 규제 완화… 자가 임신검사 허용 - 팜뉴스",미국 식품의약국(FDA)이 중증 여드름 치료제 이소트레티노인 처방과 관련한 ‘아이플레지(iPLEDGE)’ 규정을 일부 조정했다.,local,8,제네릭,,,0.18301414763618837,,0.8,0.18301414763618837,0.6149042442908564,False
2026-02-12,BD,2026-02-12 07:14:00,Naver News,https://www.newsway.co.kr/news/view?ud=2026021114331423621,"김정균號 보령, 신약 '카나브' 확장 전략 가속화 - 뉴스웨이","보령이 자체 신약 카나브를 기반으로 한 복합제 라인업 확대 전략을 통해 2023년 역대 최대 실적을 달성했다. 복합신약 BR1018의 임상 3상에서 우수한 결과를 확보하며, 특허 만료와 약가 인하 소송 등 변수에도 불구하고 시장 입지를 강화하고 있다.",local,8,판권,,,0.18301414761538004,,0.8,0.18301414761538004,0.614904244284614,False
2026-02-12,BD,2026-02-12 20:42:00,Naver News,http://www.smedaily.co.kr/news/articleView.html?idxno=351526,시지바이오 '페이스템'·'에일린' 등 1015억원  공급 계약 체결,바이오 재생의료·에스테틱 전문기업 시지바이오가 세계 최대 미용성형학회 '임카스 월드 콩그레스 2026(IMCAS World Congress 2026)'에서 1015억원의 공급 계약을 따냈다.시지바이오는 지난 1월 29일부터 31일까지 파리에서 열린 임카스 월드 콩그레스 2026에 참가해 총 1015억 원 규모의 글로벌 계약 성과를 달성했다고 밝혔다.IMCAS는 피부과·성형외과를 비롯한 전 세계 의료진과 산업 관계자들이 최신 의료와 임상 트렌드를 공유하는 메디컬 에스테틱 분야 대표 학회다.시지바이오는 IMCAS에서 CaHA 기반 콜라.,local,8,파트너십,,,0.18301414761538004,,0.8,0.18301414761538004,0.614904244284614,False
2026-02-12,BD,2026-02-12 12:30:00,Naver News,http://www.medisobizanews.com/news/articleView.html?idxno=134572,"LG화학, 진통제 신약 ‘엑스파렐’ 장착 … 실적 고공비행에 ‘탄력’","2023년 첫 매출 1조원을 달성한 LG화학 생명과학사업본부(이하 LG화학)가 올해부터 또 다른 신성장 동력을 안착시키는 데 주력한다.LG화학은 그동안 성장호르몬 '유트로핀'을 비롯해 당뇨 치료제 '제미글로', 관절염ㆍ류마티즘 치료제 '유셉트', 백신 '유펜타', 난임 치료제, 신장암 치료제 '포티브다' 등 주력 품목을 앞세워 성장을 거듭하며 고공행진을 이어왔다.여기에 올해 국소 지속형 진통제 신약인 '엑스파렐'을 국내 시장에 성공적으로 안착시켜 매출 상향 곡선을 이어가겠다는 복안이다. 특히 LG화학은 엑스파렐의 아시아 지역 판권을.",local,8,판권,,,0.18301414757910747,,0.8,0.18301414757910747,0.6149042442737321,False
2026-02-12,BD,2026-02-06 11:18:00,Naver News,https://www.medicopharma.co.kr/news/articleView.html?idxno=67028,"‘허·평·협 연계 1호’ 빌베이, 상급종합병원 안착…처방 물꼬 텄다","허가-평가-협상 연계 시범사업 1호 약제인 빌베이 캡슐(성분명 오데빅시바트, 이하 빌베이)이 최근 급여 등재에 이어 상급종합병원 처방권에 진입했다. 신속 허가와 조기 급여 진입을 위한 제도 적용 사례가 실제 처방 단계까지 이어졌다는 점에서 주목된다.6일.",local,8,입센,,,0.18301414737205,,0.8,0.18301414737205,0.6149042442116149,False
2026-02-12,BD,2026-02-12 20:40:00,Naver News,http://www.lawissue.co.kr/view.php?ud=202602122038152125204ead0791_12,"로킷헬스케어, 美 노스웰 헬스와 피부암·창상 재생 기술 MCA 체결","AI 초개인화 장기재생 플랫폼 기업 로킷헬스케어가 미국 동부 최대 의료 네트워크인 노스웰 헬스와 피부암 재생 및 창상 재생 기술 협력을 위한 전략적 상호 비밀유지계약(MCA)을 체결했다고 12일 밝혔다.양사는 JP모건 위크 기간 중 계약을 체결했다. 향후 파일럿 연구 구조, 임상 및 연.",local,8,제휴,,,0.18273340389008189,,0.8,0.18273340389008189,0.6148200211670245,False
2026-02-12,BD,2026-02-12 16:40:00,Naver News,https://kormedi.com/?p=2789528,"일동제약·제일파마 작년 매출 뒷걸음질, 올해 반등할까 - 코메디닷컴",국내 주요 제약사 가운데 일동제약과 제일파마홀딩스는 지난해 매출이 뒷걸음질했다. 사진=일동제약·제일파마홀딩스 일동제약이 지난해 소폭 쪼그라든 매출 성적표를 내놨다. 실적 발표를 앞둔 제일파마홀딩스도 지난해 매출이 감소한 것으로 관측된다. 둘 다 다국적 제약사에서 도입한 약물의.,local,8,코프로모션,,,0.18272246774871898,,0.8,0.18272246774871898,0.6148167403246156,False
2026-02-12,BD,2026-02-12 17:49:00,Naver News,https://www.mk.co.kr/article/11961464,"'아일리아' 특허 분쟁 마침표 … 삼성에피스, 美 9조원 시장 겨냥 - 매일경제","심층 분석: 이 뉴스는 왜 나왔나? 삼성바이오에피스가 글로벌 특허 분쟁을 마침내 마무리하고, 2027년 1월부터 연간 9조 원 규모의 미국 시장에 안과질환 치료제 '아일리아' 바이오시밀러 '오퓨비즈'를 출시할 수 있게 되었다는 소식이 나왔어요. 🤩 이번 합의는 단순히 미국 출시의 법적 불확실성을 해소하는 것을 넘어, 유럽 등 주요 시장에서도 이미 특허 합의를 완료함으로써 '아일리아' 바이오시밀러 관련 글로벌 특허 분쟁을 완전히 정리했다는 점에서 의미가 깊답니다.",local,8,라이선스,,,0.18272246750569,,0.8,0.18272246750569,0.614816740251707,False
2026-02-12,BD,2026-02-12 16:12:00,Naver News,http://www.metroseoul.co.kr/article/20260212500634,"K제약, 신약개발 자회사로 돌파구 찾는다","혁신 신약개발을 위해 설립한 자회사들이 제몫을 톡톡히 하고 있다. 국내 중대형 제약사들이 기존 사업을 유지하는 가운데 자체 신약 확보로 수익성을 개선하고 연구개발 사업을 확보하는 통로로서 전문 자회사들의 역할이 커지고 있다. 12일 국내 제약·바이오 업계에 따르면, 한.",local,8,코프로모션,,,0.18252690245320757,,0.8,0.18252690245320757,0.6147580707359622,False
2026-02-12,BD,2026-02-11 16:20:00,Naver News,http://www.metroseoul.co.kr/article/20260211500671,"에이비엘 이어 올릭스까지, 국내 제약 CNS 경쟁은 'BBB 싸움'","에이비엘바이오에 이어 올릭스까지 중추신경계(CNS) 질환에 중점을 둔 경쟁에 가세하면서 플랫폼 기술력이 주목받고 있다. CNS 치료제 개발의 핵심 난제로 꼽히는 혈액뇌장벽(BBB) 연구개발에 업계의 관심이 집중되고 있다. 11일 국내 제약·바이오 업계에 따르면, 올릭스.",local,8,GSK,,,0.18227600061778448,,0.8,0.18227600061778448,0.6146828001853353,False
2026-02-12,Product Approval,2026-02-12 18:26:00,Naver News,http://www.newslock.co.kr/news/articleView.html?idxno=125295,"보령, 고혈압 치료제 '카나브' 약가 인하 소송 1심 패소","보령이 고혈압 치료제 ‘카나브정’ 약가 인하 처분을 막기 위해 제기한 첫 번째 행정소송에서 패소했다.12일 제약업계에 따르면 서울행정법원은 보령이 보건복지부를 상대로 제기한 ‘약제급여 상한금액 인하 처분 취소’ 1심 소송에서 원고 패소 판결을 내렸다.앞서 보건복지부는 지난해 6월 카나브정 제품군의 약가를 같은 해 7월부터 인하한다고 고시했다.이에 따라 카나브정 30mg은 439원에서 307원으로, 60mg은 642원에서 450원으로, 120mg은 758원에서 531원으로 각각 인하가 결정됐다. 통상 물질특허가 만료된 의약.",local,2,적응증,,,0.2669071891250707,,0.2,0.2669071891250707,0.2200721567375212,True
2026-02-12,Product Approval,2026-02-12 18:42:00,Naver News,https://dealsite.co.kr/articles/157005,"현서연 일리아스바이오 이사 ""환자 대상 임상 잰걸음"" - 딜사이트","현 이사는 ""NF-κB를 정밀하게 조절하는 것을 통해 근본적 치료 접근이 가능하다""며 ""이러한 전략을 중심으로 ILB-202을 개발 중""이라고 설명했다. 일리아스바이오는 지난해 호주에서 ILB-202 1a상을 완료했다. 해당 임상은 건강한 성인 자원자 18명을 대상으로 무작위 배정, 이중맹검, 위약대조 방식으로 설계됐다. 또 저·중·고용량 단회 증량시험으로 진행돼 정맥 투여를 통해 안전성, 내약성, 면역원성 및 약력학적 변화를 평가했다.",local,2,적응증,,,0.24983730279337962,,0.2,0.24983730279337962,0.21495119083801387,True
2026-02-12,Product Approval,2026-02-12 20:38:00,Naver News,https://www.ksmnews.co.kr/news/view.php?idx=590800,"대구시, 국립치의학연구원 유치 범시민 공감대 확산…동대구역서 캠페인 개최","대구시와 대구시치과의사회는 12일 동대구역 광장에서 ‘국립치의학연구원 대구 유치를 위한 시민 캠페인’을 개최하고, 지역 유치 의지를 알리며 본격적인 유치 활동에 나섰다. 이번 캠페인에는 박세호 대구시치과의사회장, 이..",local,2,신약,,,0.23317313046940755,,0.2,0.23317313046940755,0.20995193914082225,False
2026-02-12,Product Approval,2026-02-12 18:16:00,Naver News,http://www.sisacast.kr/news/articleView.html?idxno=91855,"JW중외제약, ‘세계 빈혈 인식의 날’ 캠페인 진행","JW중외제약은 ‘세계 빈혈 인식의 날’을 맞아 빈혈 치료 필요성을 알리기 위해 임직원 대상 캠페인을 실시했다고 12일 밝혔다.매년 2월 13일은 ‘세계 빈혈 인식의 날’로 환자혈액관리학회(SABM)와 비영리단체 휴먼터치미디어재단(Human Touch Media Foundation)이 지난 2022년 공동으로 제정했다.JW중외제약은 이번 캠페인에서 ‘세계 빈혈 인식의 날’을 소개하는 이미지와 빈혈 조기진단, 치료 중요성을 알리는 콘텐츠를 제작해 내부 커뮤니케이션 채널을 통해 공유하는 인식.",local,2,용량,,,0.23317313046940755,,0.2,0.23317313046940755,0.20995193914082225,False
2026-02-12,Product Approval,2026-02-12 20:46:00,Naver News,http://www.thefirstmedia.net/news/articleView.html?idxno=193577,"JW중외제약, ‘세계 빈혈 인식의 날’ 맞아 임직원 대상 치료·관리 필요성 공유","JW중외제약은 ‘세계 빈혈 인식의 날’을 맞아 빈혈 치료 필요성을 알리기 위해 임직원 대상 캠페인을 실시했다고 12일 밝혔다. 매년 2월 13일은 ‘세계 빈혈 인식의 날’로 환자혈액관리학회(SABM)와 비영리단체 휴먼터치미디어재단(Human Touch Media Foundation)이 지난 2022년 공동으로 제정했다.JW중외제약은 이번 캠페인에서 ‘세계 빈혈 인식의 날’을 소개하는 이미지와 빈혈 조기진단, 치료 중요성을 알리는 콘텐츠를 제작해 내부 커뮤니케이션 채널을.",local,2,허가,,,0.23317313046940755,,0.2,0.23317313046940755,0.20995193914082225,False
2026-02-12,Therapeutic Areas,2026-02-12 16:02:00,Naver News,https://www.cnbnews.com/news/article.html?no=778710,"잠실차병원 난임센터, 최지영 교수 진료 시작","잠실차병원 난임센터는 최지영 교수가 오는 20일부터 진료를 시작한다고 12일 밝혔다.최지영 교수는 시험관아기 시술 및 인공수정, 다낭성난소증후군(배란장애), 습관성 유산, 착상전 유전진단, 가임력 보존, 자궁경..",local,2,난임,,,0.2300067235002305,,0.2,0.2300067235002305,0.20900201705006913,True
2026-02-12,Therapeutic Areas,2026-02-12 17:44:00,Naver News,https://www.insight.co.kr/news/542944,"현대ADM바이오, 항암제 내성 원인 세계 최초 규명",현대ADM바이오가 항암제 내성이 암세포 변이가 아닌 물리적 장벽에 기인한다는 ‘가짜 내성’ 극복 기전을 세계 최초로 규명했습니다.,local,2,항암제,,,0.22248282909437583,,0.2,0.22248282909437583,0.20674484872831272,True
2026-02-12,Reimbursement,2026-02-11 12:08:00,Naver News,https://www.medipana.com/news/articleView.html?idxno=406807,"시민단체 ""고가약 효과 문제 있다""…다국적사 ""환자군 특성 고려해야"" - 메디파나뉴스",경제정의실천시민연합(이하 경실련)을 포함한 3개 시민단체가 정부의 희귀질환 치료제 초고속 등재 추진에 대해 건강보험 재정 낭비를.,local,2,보험등재,,,0.21845200588288016,,0.2,0.21845200588288016,0.20553560176486402,True
2026-02-12,Reimbursement,2026-02-12 19:20:00,Naver News,http://www.thefirstmedia.net/news/articleView.html?idxno=193555,"""부모님의 ‘깜빡’ 단순 노화 아닌 경도인지장애일 수도""... 방치 시 치매 이행률 10배 높아","민족 최대의 명절 설날은 오랜만에 온 가족이 모여 정을 나누는 시간이기도 하지만, 부모님이나 주변 가족의 건강 상태를 면밀히 살필 수 있는 적기이기도 하다. 만약 평소와 다른 생소한 행동이나 미세한 변화를 보인다면, 이는 단순한 노화가 아닌 뇌 건강의 이상 신호일 수 있으므로 각별한 주의와 세심한 관찰이 필요하다.뇌 건강을 위협하는 대표적인 퇴행성 질환인 치매 환자는 매년 꾸준히 증가하고 있다. 건강보험심사평가원 국민관심질병통계에 따르면 2020년 56만 7,433명이었던 환자 수는 2024년 70만 9,620명으로 약 25% 증가.",local,2,급여,,,0.21515112767541977,,0.2,0.21515112767541977,0.20454533830262592,True
2026-02-12,Product Approval,2026-02-12 20:34:00,Naver News,https://www.kpanews.co.kr/news/articleView.html?idxno=529494,“AI·로봇이 24시간 실험”…신약개발 패러다임 전환 가속 - 약사공론,보건복지부와 한국보건산업진흥원이 인공지능(AI) 기반 신약개발 전문인력 양성 확대에 나선다고 12일 밝혔다.양 기관은 2월 12일부터 3월 13일 17시까지 ‘2.,local,2,신약,,,0.2133124365249594,,0.2,0.2133124365249594,0.2039937309574878,False
2026-02-12,Therapeutic Areas,2026-02-12 18:07:00,Naver News,https://www.kado.net/news/articleView.html?idxno=2034051,춘천 출신 김정근 오스코텍 창업자 별세 - 강원도민일보,춘천 출신 김정근 오스코텍 창업자(고문)가 지난 4일(현지시간) 미국에서 별세했다. 향년 66세.김정근 고문은 국산 항암제 최초 미국 식품의약국(FDA) 승인을.,local,2,항암제,,,0.2111457513476786,,0.2,0.2111457513476786,0.20334372540430357,False
2026-02-12,Reimbursement,2026-02-12 18:23:00,Naver News,http://www.fnnews.com/news/202602121822160147,"""항생제 내성균 취약한 병원·요양원·학교… 소독 지침 개정을""","""항생제 내성균 취약한 병원·요양원·학교… 소독 지침 개정을"" 가천대 길병원 감염내과 엄중식 교수는 12일 의료현장에서 마주하는 현실을 한마디로 이렇게 요약했다. 엄 교수는 ""CRE로만 지난해 900명 이상이 사망했다. 여기에 다른 내성균과 곰팡이 감염까지 합치면 의료관련감염으로 연간 3000~5000명이 숨진다""며 ""이로 인한 의료비 부담까지 고려하면 효과적인 소독에 투자하지 않을 이유가 없다""고 말했다.",local,2,약가,,,0.20315554296789787,,0.2,0.20315554296789787,0.20094666289036933,False
2026-02-12,Product Approval,2026-02-12 17:30:00,Naver News,http://www.biotimes.co.kr/news/articleView.html?idxno=27088,"삼성바이오에피스, 아일리아 바이오시밀러 미국 특허 합의…2027년 출시 길 열려","삼성바이오에피스(대표이사 김경아)는 12일 안과질환 치료제 아일리아(Eylea)의 바이오시밀러 ‘오퓨비즈(Opuviz, 성분명 애플리버셉트)’와 관련해 오리지널 의약품 보유사인 리제네론(Regeneron)과 바이엘(Bayer)과 미국 특허 합의 및 라이선스 계약을 체결했다고 밝혔다. 이번 합의로 삼성바이오에피스는 2027년 1월부터 미국 시장에서 오퓨비즈를 출시할 수 있게 됐다.이번 계약으로 삼성바이오에피스는 지난 1월 유럽 지역 합의에 이어 미국까지 아일리아 바이오시밀러 2mg 제형에 대한 글로벌 주요 시장의 특허.",local,2,제형,,,0.19764928580320573,,0.2,0.19764928580320573,0.1992947857409617,False
2026-02-12,Supply Issues,2026-02-10 06:04:00,Naver News,http://www.newsmp.com/news/articleView.html?idxno=251558,"뇌전증 혁신 신약은 급여 제한, 기존 치료제는 생산 중단 ""쓸 약이 없다""","첨단 신약이 도입되는 뇌전증 치료 환경 이면에 정작 환자의 생명을 구할 필수 응급 의약품은 수익성 악화로 시장에서 퇴출당하는 역설적인 상황이 벌어지고 있다는 쓴소리가 이어졌다.세계적인 의료 수준을 자랑하는 한국이지만, 뇌전증 환자들은 여전히 ‘치료제 품귀’와 ‘사회적 편견’이라는 이중고에 시달리고 있다는 지적이다. ◆“가난할수록, 늙을수록 뇌전증 위험 크다”대한뇌전증학회(이사장 서대원)는 9일 삼성서울병원에서 ‘2026 세계뇌전증의 날 기념 심포지엄’을 개최했다. 첫 번째 발제자로 나선 서울의대 신경과 이우진 교수는 ‘.",local,2,품귀,,,0.19569541898297843,,0.2,0.19569541898297843,0.1987086256948935,True
2026-02-12,Product Approval,2026-02-12 17:18:00,Naver News,https://www.agrinet.co.kr/news/articleView.html?idxno=401698,하동 말차로 만든 건강음료 ‘엘:보틀 스파이크 제로’출시 - 한국농어민신문,경남 하동군의 고품질 말차를 활용한 기능성 건강 음료가 출시돼 주목 받고 있다.하동군은 (재)하동차&바이오진흥원(이사장 하승철)과.,local,2,제형,,,0.1956507739755416,,0.2,0.1956507739755416,0.19869523219266247,False
2026-02-12,Product Approval,2026-02-12 19:20:00,Naver News,http://www.thefirstmedia.net/news/articleView.html?idxno=193564,"분당서울대병원 내분비대사내과 임수 교수팀, ‘차세대 비만약’ 개발 전략 제시 20% 이상 체중감소도 가능... ""부작용 경계해야""","위고비, 마운자로 등으로 대표되는 GLP-1 기반 비만 치료제가 식욕 및 에너지 소비와 연관된 장·췌장 호르몬 신호를 복합적으로 조절하는 약물로 빠르게 진화하고 있다는 분석이 나왔다. 이에 따라 평균 체중 감소율이 15% 안팎인 현행 치료제를 넘어 20%를 넘어서는 차세대 약제가 등장할 가능성도 점쳐진다.분당서울대병원 내분비대사내과 임수 교수 연구팀과 가톨릭의대 부천성모병원 손장원 교수 연구팀은 세계적 비만·당뇨 전문가인 독일 보훔대학 마이클 넉(Michael A. Nauck) 박사와 함께 국제 학술지 &l.",local,2,용량,,,0.1949349143583467,,0.2,0.1949349143583467,0.19848047430750398,False
2026-02-12,Reimbursement,2026-02-12 16:49:00,Naver News,https://www.mydaily.co.kr/page/view/2026021216485823875,"보령, 카나브 약가 인하 소송 1심 복지부에 패소","보령, 적극 대응 예고 보령이 자사 고혈압 신약 ‘카나브’(성분명 피마사르탄)의 약가 인하를 막기 위해 보건복지부를 상대로 제기한 행정소송 1심에서 패소했다. 12일 제약업계에 따르면 서울행정법원은 보령이 복지부를 상대로 낸 ‘약제급여 상한금액 인하 처분 취소’ 소송에서 원고 패소로 판결했다. 재판부는 복지부의 약가 인하 처분이 현행 약가 산정 기준에 부합한다고 봤다.",local,2,약가,,,0.194124071988415,,0.2,0.194124071988415,0.1982372215965245,False
2026-02-12,Reimbursement,2026-02-12 20:00:00,Naver News,https://www.gnnews.co.kr/news/articleView.html?idxno=630532,"경남도, 설연휴 응급 동물병원 225개소 운영 - 경남일보",경남도는 설 연휴 동안 반려동물과 농장 가축의 응급 상황에 대비해 오는 14일부터 18일까지 도내 전 지역에서 응급 동물병원 진료체제를 운영한다고 12일 밝혔다.,local,2,급여,,,0.18751138670313444,,0.2,0.18751138670313444,0.19625341601094032,False
2026-02-12,Reimbursement,2026-02-12 18:36:00,Naver News,https://www.idomin.com/news/articleView.html?idxno=956504,[기고] 사무장병원(약국) 특사경 도입 시급하다,건강보험제도는 초고령사회 우리 어르신들에게는 가장 핵심적인 사회보장제도임에는 이론의 여지가 없다. 그런데 국민건강보험공단(이하 공단)에 통계를 보면 지난해 총 지출 재정이 104조 원을 넘었다고 하니 제도의 지속가능성에 대한 걱정이 앞선다.불법개설기관 탓에 천문학적인 건강보험 재정이.,local,2,급여,,,0.1874584823692734,,0.2,0.1874584823692734,0.196237544710782,False
2026-02-12,Therapeutic Areas,2026-02-12 17:55:00,Naver News,https://biz.sbs.co.kr/article_hub/20000291539?division=NAVER,"현대ADM ""항암제 내성 원인은 '약물 전달 실패'""","현대ADM바이오는 췌장암 환자 유래 오가노이드 유전자를 분석해 항암제 내성의 원인이 '약물 전달 실패'에 있다는 점을 규명했다고 오늘(12일) 밝혔습니다.씨앤팜, 현대바이오, 현대ADM으로 구성된 '바이오 신약팀'은 오가노이드사이언스 및 젠큐릭스와 공동 연구를 통해 내성 암 조직의 유전체를 분석했습니다.그 결과 항암제 내….",local,2,항암제,,,0.18745848232081272,,0.2,0.18745848232081272,0.1962375446962438,False
2026-02-12,Therapeutic Areas,2026-02-12 14:19:00,Naver News,https://sports.khan.co.kr/article/202602121418013?pt=nv,"까다로운 자궁선근증 치료, 로봇수술로 자궁 보존과 통증 완화 동시에","살이 찌지 않았는데도 아랫배가 볼록하게 나온 듯한 느낌이 들거나 평소보다 생리양이 많아졌다면 산부인과 검진을 고려해보아야 한다. 바로 자궁의 근육층에 내막조직이 침투하여 비정상적으로 증식하는 자궁선근증 증상일 수 있기 때문이다. 이는 자궁근종과 함께 가임기 여성에게 흔하게 발생하는 대표적인 질환으로, 반복적인 생리통과 월경과다, 복부 팽만감 등을 일으...",local,2,난임,,,0.18717913238635903,,0.2,0.18717913238635903,0.1961537397159077,False
2026-02-12,Supply Issues,2026-02-10 08:32:00,Naver News,http://www.edaily.co.kr/news/newspath.asp?newsid=02692886645349208,"""올해 전체 매출 3분의 1 기대""...'리투오'에 힘 싣는 엘앤씨바이오",엘앤씨바이오(290650)가 세포외기질(ECM) 기반 스킨부스터 '리투오'(Re2O)를 앞세워 공격적인 성장 전략을 구사하고 있다. 엘엔씨바이오는 올해 전체 매출 1500억원 중 리투오 매출로만 500억원을 제시하며 생산능력(CAPA) 확대와 해외 진출 가속을 통해 ...,local,2,품귀,,,0.18301414809418418,,0.2,0.18301414809418418,0.19490424442825524,True
2026-02-12,Reimbursement,2026-02-12 16:26:00,Naver News,https://www.mt.co.kr/thebio/2026/02/12/2026021216214210110,"보령, '카나브' 약가 인하 소송서 복지부에 패소 - 머니투데이","보령이 고혈압 신약 카나브의 약가 인하 처분 취소 소송에서 패소했다. 복지부는 카나브 제품군의 약가를 최대 48% 인하하기로 했으나, 보령은 적응증 특허가 2036년까지 유효하다며 소송을 제기했다.",local,2,약가,,,0.18301414756734624,,0.2,0.18301414756734624,0.19490424427020386,False
2026-02-12,Product Approval,2026-02-12 17:12:00,Naver News,https://www.enetnews.co.kr/news/articleView.html?idxno=46974,"대원제약, 감기약 ‘대원콜 연질캡슐’ 시리즈 새롭게 출시",대원제약(대표 백승열)은 증상에 따라 차별화된 처방을 적용한 감기약 브랜드 ‘대원콜 연질캡슐’ 시리즈를 새롭게 출시했다고 12일 밝혔다.신제품 ‘대원콜 연질캡슐’은 감기 증상 완화와 진정 작용에 초점을 맞춘 제품으로 ▲대원콜 콜드(종합감기) ▲대원콜 코프(기침감기) ▲대원콜 노즈(코감.,local,2,제형,,,0.18301414737205,,0.2,0.18301414737205,0.19490424421161498,False
2026-02-12,Reimbursement,2026-02-12 15:45:00,Naver News,https://www.mt.co.kr/thebio/2026/02/12/2026021215310126944,주요 제약사 잇따라 호실적…'K-신약'이 효자 - 머니투데이,"유한양행은 지난해 최대 매출액 2조1866억원과 영업이익 1044억원을 기록하며 전년 대비 각각 5.7%, 90.2% 증가했다. 미국과 유럽 진출에 성공한 비소세포폐암 신약 렉라자의 기술료 유입과 약품 판매 증가가 실적을 견인했다.",local,2,약가,,,0.18257872773707715,,0.2,0.18257872773707715,0.19477361832112314,False
2026-02-12,Product Approval,2026-02-12 21:46:00,Naver News,http://www.newsmp.com/news/articleView.html?idxno=251634,"FDA, 키트루다 난소암 적응증 추가 승인","미국 식품의약국(FDA)이 MSD(미국 머크)의 면역항암제 키트루다(성분명 펨브롤리주맙)를 난소암 치료제로 확대 승인했다.MSD는 FDA가 키트루다와 피하주사 제형인 키트루다 큐렉스(Keytruda Qlex)를 PD-L1 발현 양성(CPS≥1)이며 이전에 1~2가지 전신 요법을 받은 백금 저항성 상피성 난소암, 난관암 또는 원발성 복막암 성인 환자의 치료로서 베바시주맙을 포함하거나 포함하지 않는 파클리탁셀과의 병용요법으로 승인했다고 11일 밝혔다.키트루다는 PD-L1 발현 양성 백금 저항성 상피성 난소암, 난관암, 원발.",local,2,적응증,,,0.18231828539746944,,0.2,0.18231828539746944,0.19469548561924083,False
